Call Id,Date,Agent,Department,Answered (Y/N),Resolved,Speed of Answer,AvgTalkDuration,Satisfaction rating
ID0001,01-01-2015 09:12,Diane,Washing Machine,Y,Y,109,0 days 00:02:23,3
ID0002,01-01-2015 09:12,Becky,Air Conditioner,Y,N,70,0 days 00:04:02,3
ID0003,01-01-2015 09:47,Stewart,Washing Machine,Y,Y,10,0 days 00:02:11,3
ID0004,01-01-2015 09:47,Greg,Washing Machine,Y,Y,53,0 days 00:00:37,2
ID0005,01-01-2015 10:00,Becky,Toaster,Y,Y,95,0 days 00:01:00,3
ID0006,01-01-2015 10:00,Stewart,Air Conditioner,N,N,0,0 days 00:00:00,0
ID0007,01-01-2015 10:22,Diane,Toaster,Y,Y,24,0 days 00:03:40,2
ID0008,01-01-2015 10:22,Diane,Toaster,Y,Y,22,0 days 00:00:38,4
ID0009,01-01-2015 11:13,Greg,Fridge,Y,Y,15,0 days 00:06:38,4
ID0010,01-01-2015 11:13,Jim,Television,Y,Y,78,0 days 00:01:04,3
ID0011,01-01-2015 11:15,Joe,Toaster,N,N,0,0 days 00:00:00,0
ID0012,01-01-2015 11:15,Greg,Toaster,Y,Y,50,0 days 00:00:32,4
ID0013,01-01-2015 11:52,Joe,Toaster,Y,Y,84,0 days 00:03:34,3
ID0014,01-01-2015 11:52,Martha,Washing Machine,Y,Y,89,0 days 00:05:44,3
ID0015,01-01-2015 11:55,Becky,Fridge,Y,Y,48,0 days 00:03:47,4
ID0016,01-01-2015 11:55,Becky,Fridge,Y,Y,63,0 days 00:05:26,2
ID0017,01-01-2015 11:57,Greg,Air Conditioner,Y,Y,45,0 days 00:05:32,5
ID0018,01-01-2015 11:57,Becky,Fridge,N,N,0,0 days 00:00:00,0
ID0019,01-01-2015 12:01,Jim,Television,N,N,0,0 days 00:00:00,0
ID0020,01-01-2015 12:01,Jim,Washing Machine,Y,Y,101,0 days 00:02:27,3
ID0021,01-01-2015 12:02,Jim,Air Conditioner,Y,Y,74,0 days 00:05:22,5
ID0022,01-01-2015 12:02,Dan,Fridge,Y,Y,89,0 days 00:05:50,5
ID0023,01-01-2015 12:02,Martha,Air Conditioner,N,N,0,0 days 00:00:00,0
ID0024,01-01-2015 12:02,Joe,Air Conditioner,Y,Y,68,0 days 00:05:25,2
ID0025,01-01-2015 12:30,Diane,Television,Y,Y,97,0 days 00:04:09,3
ID0026,01-01-2015 12:30,Dan,Toaster,N,N,0,0 days 00:00:00,0
ID0027,01-01-2015 12:40,Joe,Television,Y,Y,39,0 days 00:04:00,3
ID0028,01-01-2015 12:40,Martha,Washing Machine,Y,Y,51,0 days 00:02:34,4
ID0029,01-01-2015 12:40,Joe,Air Conditioner,Y,Y,106,0 days 00:02:09,4
ID0030,01-01-2015 12:40,Stewart,Television,Y,Y,107,0 days 00:05:55,3
ID0031,01-01-2015 13:24,Joe,Fridge,Y,Y,22,0 days 00:05:08,3
ID0032,01-01-2015 13:24,Joe,Television,Y,Y,122,0 days 00:02:08,4
ID0033,01-01-2015 13:33,Diane,Air Conditioner,Y,Y,57,0 days 00:06:49,3
ID0034,01-01-2015 13:33,Jim,Toaster,Y,N,53,0 days 00:01:44,2
ID0035,01-01-2015 13:42,Becky,Television,Y,Y,119,0 days 00:01:31,5
ID0036,01-01-2015 13:42,Diane,Television,N,N,0,0 days 00:00:00,0
ID0037,01-01-2015 13:42,Martha,Air Conditioner,Y,N,20,0 days 00:01:12,2
ID0038,01-01-2015 13:42,Joe,Air Conditioner,Y,Y,52,0 days 00:00:36,3
ID0039,01-01-2015 14:38,Stewart,Washing Machine,Y,Y,74,0 days 00:06:41,1
ID0040,01-01-2015 14:38,Greg,Air Conditioner,Y,Y,49,0 days 00:02:29,3
ID0041,01-01-2015 14:47,Jim,Air Conditioner,Y,Y,27,0 days 00:02:09,5
ID0042,01-01-2015 14:47,Greg,Washing Machine,Y,Y,100,0 days 00:04:54,5
ID0043,01-01-2015 14:47,Diane,Air Conditioner,Y,Y,45,0 days 00:06:21,3
ID0044,01-01-2015 14:47,Becky,Toaster,Y,Y,98,0 days 00:03:14,5
ID0045,01-01-2015 15:44,Diane,Fridge,Y,Y,25,0 days 00:05:13,5
ID0046,01-01-2015 15:44,Jim,Washing Machine,N,N,0,0 days 00:00:00,0
ID0047,01-01-2015 17:13,Dan,Fridge,Y,Y,107,0 days 00:02:22,3
ID0048,01-01-2015 17:13,Martha,Washing Machine,N,N,0,0 days 00:00:00,0
ID0049,01-01-2015 17:25,Joe,Air Conditioner,Y,Y,104,0 days 00:03:35,5
ID0050,01-01-2015 17:25,Dan,Air Conditioner,N,N,0,0 days 00:00:00,0
ID0051,01-01-2015 17:35,Martha,Washing Machine,N,N,0,0 days 00:00:00,0
ID0052,01-01-2015 17:35,Jim,Fridge,N,N,0,0 days 00:00:00,0
ID0053,01-01-2015 17:36,Stewart,Toaster,Y,Y,13,0 days 00:01:15,5
ID0054,01-01-2015 17:36,Dan,Toaster,Y,Y,119,0 days 00:02:32,5
ID0055,01-01-2015 17:44,Becky,Television,Y,Y,35,0 days 00:01:19,3
ID0056,01-01-2015 17:44,Dan,Television,Y,Y,83,0 days 00:06:45,4
ID0057,01-01-2015 17:57,Jim,Air Conditioner,Y,Y,48,0 days 00:02:52,2
ID0058,01-01-2015 17:57,Stewart,Fridge,Y,Y,45,0 days 00:03:23,5
ID0059,02-01-2015 09:05,Dan,Air Conditioner,Y,Y,65,0 days 00:06:00,5
ID0060,02-01-2015 09:05,Dan,Washing Machine,Y,Y,50,0 days 00:04:26,3
ID0061,02-01-2015 09:18,Diane,Television,Y,Y,17,0 days 00:06:15,3
ID0062,02-01-2015 09:18,Joe,Air Conditioner,N,N,0,0 days 00:00:00,0
ID0063,02-01-2015 09:20,Dan,Television,Y,Y,96,0 days 00:06:46,1
ID0064,02-01-2015 09:20,Stewart,Television,Y,Y,90,0 days 00:06:23,3
ID0065,02-01-2015 09:38,Jim,Washing Machine,Y,Y,98,0 days 00:06:25,2
ID0066,02-01-2015 09:38,Diane,Air Conditioner,Y,N,90,0 days 00:01:23,4
ID0067,02-01-2015 10:04,Jim,Washing Machine,Y,Y,98,0 days 00:05:49,5
ID0068,02-01-2015 10:04,Jim,Washing Machine,Y,Y,70,0 days 00:03:12,5
ID0069,02-01-2015 10:33,Diane,Washing Machine,Y,Y,69,0 days 00:04:45,4
ID0070,02-01-2015 10:33,Diane,Fridge,N,N,0,0 days 00:00:00,0
ID0071,02-01-2015 11:08,Joe,Air Conditioner,Y,Y,120,0 days 00:02:11,4
ID0072,02-01-2015 11:08,Stewart,Fridge,Y,Y,113,0 days 00:05:51,5
ID0073,02-01-2015 11:26,Greg,Toaster,Y,N,10,0 days 00:02:19,5
ID0074,02-01-2015 11:26,Becky,Washing Machine,Y,Y,122,0 days 00:04:53,1
ID0075,02-01-2015 11:42,Stewart,Air Conditioner,Y,N,125,0 days 00:01:38,3
ID0076,02-01-2015 11:42,Diane,Fridge,N,N,0,0 days 00:00:00,0
ID0077,02-01-2015 11:47,Martha,Air Conditioner,Y,Y,33,0 days 00:06:38,2
ID0078,02-01-2015 11:47,Dan,Washing Machine,Y,Y,51,0 days 00:06:22,2
ID0079,02-01-2015 11:54,Becky,Washing Machine,Y,Y,58,0 days 00:03:28,3
ID0080,02-01-2015 11:54,Dan,Fridge,Y,Y,121,0 days 00:04:47,5
ID0081,02-01-2015 12:00,Diane,Fridge,Y,Y,118,0 days 00:02:06,4
ID0082,02-01-2015 12:00,Greg,Toaster,Y,Y,52,0 days 00:06:56,4
ID0083,02-01-2015 12:20,Stewart,Fridge,Y,Y,55,0 days 00:04:44,3
ID0084,02-01-2015 12:20,Dan,Washing Machine,Y,Y,68,0 days 00:05:59,4
ID0085,02-01-2015 12:41,Becky,Air Conditioner,Y,Y,106,0 days 00:04:22,5
ID0086,02-01-2015 12:41,Martha,Air Conditioner,Y,Y,32,0 days 00:04:36,3
ID0087,02-01-2015 12:44,Jim,Toaster,N,N,0,0 days 00:00:00,0
ID0088,02-01-2015 12:44,Martha,Fridge,Y,N,45,0 days 00:01:26,4
ID0089,02-01-2015 12:59,Joe,Air Conditioner,Y,Y,119,0 days 00:03:32,4
ID0090,02-01-2015 12:59,Dan,Television,N,N,0,0 days 00:00:00,0
ID0091,02-01-2015 13:03,Jim,Washing Machine,Y,Y,46,0 days 00:05:41,1
ID0092,02-01-2015 13:03,Stewart,Air Conditioner,Y,Y,101,0 days 00:01:28,3
ID0093,02-01-2015 13:04,Jim,Air Conditioner,Y,Y,56,0 days 00:02:52,3
ID0094,02-01-2015 13:04,Becky,Air Conditioner,Y,Y,80,0 days 00:00:53,3
ID0095,02-01-2015 13:13,Diane,Television,Y,Y,24,0 days 00:01:36,3
ID0096,02-01-2015 13:13,Stewart,Toaster,Y,Y,113,0 days 00:03:54,2
ID0097,02-01-2015 13:20,Greg,Washing Machine,Y,Y,19,0 days 00:02:03,4
ID0098,02-01-2015 13:20,Martha,Television,N,N,0,0 days 00:00:00,0
ID0099,02-01-2015 13:20,Dan,Washing Machine,Y,Y,45,0 days 00:06:37,3
ID0100,02-01-2015 13:20,Diane,Air Conditioner,Y,Y,95,0 days 00:05:11,1
ID0101,02-01-2015 13:45,Becky,Air Conditioner,N,N,0,0 days 00:00:00,0
ID0102,02-01-2015 13:45,Martha,Air Conditioner,Y,N,79,0 days 00:05:31,1
ID0103,02-01-2015 13:49,Diane,Toaster,Y,Y,22,0 days 00:03:56,2
ID0104,02-01-2015 13:49,Martha,Washing Machine,Y,Y,38,0 days 00:06:36,1
ID0105,02-01-2015 13:53,Becky,Air Conditioner,Y,Y,112,0 days 00:03:25,5
ID0106,02-01-2015 13:53,Becky,Toaster,Y,Y,65,0 days 00:04:57,3
ID0107,02-01-2015 14:22,Joe,Television,N,N,0,0 days 00:00:00,0
ID0108,02-01-2015 14:22,Becky,Washing Machine,Y,N,55,0 days 00:02:32,1
ID0109,02-01-2015 14:52,Stewart,Fridge,N,N,0,0 days 00:00:00,0
ID0110,02-01-2015 14:52,Joe,Television,Y,Y,19,0 days 00:02:38,2
ID0111,02-01-2015 15:10,Becky,Air Conditioner,Y,Y,53,0 days 00:00:56,3
ID0112,02-01-2015 15:10,Diane,Air Conditioner,Y,Y,24,0 days 00:06:06,5
ID0113,02-01-2015 15:36,Martha,Television,Y,Y,73,0 days 00:06:01,3
ID0114,02-01-2015 15:36,Stewart,Air Conditioner,N,N,0,0 days 00:00:00,0
ID0115,02-01-2015 17:36,Jim,Air Conditioner,Y,Y,55,0 days 00:05:47,5
ID0116,02-01-2015 17:36,Greg,Toaster,N,N,0,0 days 00:00:00,0
ID0117,02-01-2015 17:47,Diane,Television,N,N,0,0 days 00:00:00,0
ID0118,02-01-2015 17:47,Martha,Television,Y,Y,23,0 days 00:05:18,4
ID0119,03-01-2015 09:10,Dan,Toaster,Y,N,124,0 days 00:02:23,5
ID0120,03-01-2015 09:10,Dan,Washing Machine,N,N,0,0 days 00:00:00,0
ID0121,03-01-2015 09:47,Dan,Air Conditioner,Y,Y,103,0 days 00:01:01,4
ID0122,03-01-2015 09:47,Martha,Washing Machine,Y,Y,69,0 days 00:03:45,4
ID0123,03-01-2015 10:29,Joe,Television,Y,Y,78,0 days 00:01:12,3
ID0124,03-01-2015 10:29,Martha,Air Conditioner,Y,Y,78,0 days 00:03:26,5
ID0125,03-01-2015 10:37,Martha,Air Conditioner,N,N,0,0 days 00:00:00,0
ID0126,03-01-2015 10:37,Diane,Toaster,Y,Y,44,0 days 00:05:38,4
ID0127,03-01-2015 10:52,Martha,Fridge,Y,Y,35,0 days 00:02:46,4
ID0128,03-01-2015 10:52,Becky,Fridge,Y,Y,102,0 days 00:05:26,4
ID0129,03-01-2015 10:52,Jim,Washing Machine,Y,Y,99,0 days 00:05:51,3
ID0130,03-01-2015 10:52,Jim,Fridge,Y,Y,29,0 days 00:04:09,3
ID0131,03-01-2015 10:58,Becky,Fridge,Y,N,42,0 days 00:00:59,5
ID0132,03-01-2015 10:58,Diane,Toaster,Y,Y,113,0 days 00:05:40,4
ID0133,03-01-2015 11:02,Dan,Fridge,Y,Y,124,0 days 00:00:53,2
ID0134,03-01-2015 11:02,Jim,Air Conditioner,N,N,0,0 days 00:00:00,0
ID0135,03-01-2015 11:03,Dan,Toaster,Y,Y,55,0 days 00:02:13,1
ID0136,03-01-2015 11:03,Greg,Air Conditioner,Y,N,105,0 days 00:05:59,3
ID0137,03-01-2015 11:06,Stewart,Washing Machine,Y,N,112,0 days 00:03:12,5
ID0138,03-01-2015 11:06,Martha,Washing Machine,N,N,0,0 days 00:00:00,0
ID0139,03-01-2015 11:16,Becky,Air Conditioner,Y,Y,43,0 days 00:06:20,5
ID0140,03-01-2015 11:16,Joe,Toaster,Y,Y,20,0 days 00:01:44,3
ID0141,03-01-2015 11:26,Greg,Air Conditioner,Y,Y,84,0 days 00:01:43,5
ID0142,03-01-2015 11:26,Jim,Washing Machine,Y,Y,20,0 days 00:02:44,4
ID0143,03-01-2015 11:38,Greg,Television,Y,Y,101,0 days 00:02:16,3
ID0144,03-01-2015 11:38,Diane,Air Conditioner,Y,Y,31,0 days 00:02:55,5
ID0145,03-01-2015 11:52,Jim,Washing Machine,Y,Y,56,0 days 00:04:09,5
ID0146,03-01-2015 11:52,Joe,Washing Machine,N,N,0,0 days 00:00:00,0
ID0147,03-01-2015 11:55,Joe,Toaster,Y,Y,77,0 days 00:01:27,5
ID0148,03-01-2015 11:55,Jim,Toaster,Y,Y,46,0 days 00:00:50,4
ID0149,03-01-2015 11:58,Stewart,Fridge,Y,Y,88,0 days 00:04:26,3
ID0150,03-01-2015 11:58,Diane,Toaster,Y,Y,88,0 days 00:00:58,1
ID0151,03-01-2015 12:33,Joe,Air Conditioner,Y,Y,124,0 days 00:06:03,1
ID0152,03-01-2015 12:33,Stewart,Washing Machine,N,N,0,0 days 00:00:00,0
ID0153,03-01-2015 12:54,Martha,Toaster,Y,N,52,0 days 00:06:59,4
ID0154,03-01-2015 12:54,Joe,Fridge,Y,Y,67,0 days 00:06:10,5
ID0155,03-01-2015 13:12,Martha,Toaster,Y,Y,119,0 days 00:04:16,3
ID0156,03-01-2015 13:12,Dan,Fridge,Y,Y,98,0 days 00:04:37,2
ID0157,03-01-2015 13:14,Jim,Air Conditioner,N,N,0,0 days 00:00:00,0
ID0158,03-01-2015 13:14,Joe,Air Conditioner,Y,Y,118,0 days 00:04:18,3
ID0159,03-01-2015 13:27,Becky,Fridge,Y,Y,123,0 days 00:01:15,3
ID0160,03-01-2015 13:27,Becky,Television,Y,N,86,0 days 00:05:37,1
ID0161,03-01-2015 13:35,Greg,Fridge,Y,Y,104,0 days 00:02:09,3
ID0162,03-01-2015 13:35,Greg,Toaster,Y,Y,69,0 days 00:01:33,2
ID0163,03-01-2015 13:58,Dan,Washing Machine,Y,Y,113,0 days 00:02:38,1
ID0164,03-01-2015 13:58,Joe,Television,Y,Y,88,0 days 00:03:23,5
ID0165,03-01-2015 13:58,Joe,Television,N,N,0,0 days 00:00:00,0
ID0166,03-01-2015 13:58,Stewart,Toaster,N,N,0,0 days 00:00:00,0
ID0167,03-01-2015 14:03,Joe,Toaster,Y,Y,84,0 days 00:00:58,2
ID0168,03-01-2015 14:03,Diane,Television,Y,Y,113,0 days 00:01:22,3
ID0169,03-01-2015 14:47,Joe,Television,Y,Y,38,0 days 00:05:31,4
ID0170,03-01-2015 14:47,Dan,Television,Y,Y,14,0 days 00:06:14,4
ID0171,03-01-2015 15:34,Martha,Television,Y,N,25,0 days 00:05:32,4
ID0172,03-01-2015 15:34,Dan,Washing Machine,N,N,0,0 days 00:00:00,0
ID0173,03-01-2015 16:29,Diane,Air Conditioner,N,N,0,0 days 00:00:00,0
ID0174,03-01-2015 16:29,Joe,Toaster,Y,Y,117,0 days 00:02:07,4
ID0175,03-01-2015 17:31,Stewart,Toaster,Y,N,57,0 days 00:06:01,2
ID0176,03-01-2015 17:31,Martha,Air Conditioner,Y,Y,119,0 days 00:05:19,5
ID0177,04-01-2015 09:01,Martha,Washing Machine,N,N,0,0 days 00:00:00,0
ID0178,04-01-2015 09:01,Diane,Television,Y,Y,93,0 days 00:06:32,5
ID0179,04-01-2015 09:31,Martha,Toaster,Y,Y,86,0 days 00:01:04,4
ID0180,04-01-2015 09:31,Joe,Television,N,N,0,0 days 00:00:00,0
ID0181,04-01-2015 09:43,Dan,Washing Machine,Y,Y,92,0 days 00:02:59,3
ID0182,04-01-2015 09:43,Greg,Television,N,N,0,0 days 00:00:00,0
ID0183,04-01-2015 10:03,Martha,Air Conditioner,Y,Y,106,0 days 00:05:42,3
ID0184,04-01-2015 10:03,Stewart,Air Conditioner,Y,Y,67,0 days 00:02:44,3
ID0185,04-01-2015 10:27,Jim,Television,Y,Y,90,0 days 00:04:17,3
ID0186,04-01-2015 10:27,Diane,Air Conditioner,N,N,0,0 days 00:00:00,0
ID0187,04-01-2015 11:09,Becky,Television,Y,N,50,0 days 00:03:49,4
ID0188,04-01-2015 11:09,Diane,Fridge,Y,N,89,0 days 00:04:16,3
ID0189,04-01-2015 11:13,Jim,Fridge,Y,Y,74,0 days 00:06:18,3
ID0190,04-01-2015 11:13,Martha,Toaster,Y,Y,63,0 days 00:02:22,2
ID0191,04-01-2015 11:18,Becky,Washing Machine,Y,Y,45,0 days 00:06:31,5
ID0192,04-01-2015 11:18,Martha,Air Conditioner,N,N,0,0 days 00:00:00,0
ID0193,04-01-2015 11:22,Dan,Toaster,Y,Y,31,0 days 00:06:43,2
ID0194,04-01-2015 11:22,Joe,Television,N,N,0,0 days 00:00:00,0
ID0195,04-01-2015 11:32,Joe,Washing Machine,Y,Y,43,0 days 00:03:44,5
ID0196,04-01-2015 11:32,Martha,Television,Y,Y,50,0 days 00:05:42,4
ID0197,04-01-2015 12:02,Dan,Air Conditioner,Y,Y,48,0 days 00:05:12,4
ID0198,04-01-2015 12:02,Martha,Fridge,Y,Y,113,0 days 00:02:44,5
ID0199,04-01-2015 12:15,Jim,Television,N,N,0,0 days 00:00:00,0
ID0200,04-01-2015 12:15,Joe,Air Conditioner,Y,Y,103,0 days 00:06:40,5
ID0201,04-01-2015 12:15,Becky,Air Conditioner,Y,N,95,0 days 00:04:27,3
ID0202,04-01-2015 12:15,Joe,Fridge,Y,Y,30,0 days 00:05:04,1
ID0203,04-01-2015 13:32,Greg,Fridge,Y,Y,124,0 days 00:03:19,3
ID0204,04-01-2015 13:32,Diane,Fridge,Y,Y,17,0 days 00:02:03,5
ID0205,04-01-2015 13:45,Stewart,Television,Y,Y,113,0 days 00:06:00,3
ID0206,04-01-2015 13:45,Jim,Air Conditioner,Y,Y,25,0 days 00:02:27,5
ID0207,04-01-2015 13:56,Jim,Fridge,Y,Y,52,0 days 00:04:22,5
ID0208,04-01-2015 13:56,Dan,Fridge,Y,Y,28,0 days 00:02:44,5
ID0209,04-01-2015 14:25,Greg,Air Conditioner,Y,Y,69,0 days 00:03:05,3
ID0210,04-01-2015 14:25,Martha,Television,Y,Y,106,0 days 00:03:52,3
ID0211,04-01-2015 14:28,Jim,Air Conditioner,N,N,0,0 days 00:00:00,0
ID0212,04-01-2015 14:28,Joe,Toaster,Y,Y,26,0 days 00:04:59,3
ID0213,04-01-2015 14:31,Joe,Toaster,Y,Y,53,0 days 00:05:55,4
ID0214,04-01-2015 14:31,Martha,Air Conditioner,Y,Y,77,0 days 00:04:10,2
ID0215,04-01-2015 14:49,Jim,Washing Machine,Y,Y,45,0 days 00:03:02,3
ID0216,04-01-2015 14:49,Becky,Air Conditioner,N,N,0,0 days 00:00:00,0
ID0217,04-01-2015 15:23,Greg,Television,Y,Y,56,0 days 00:04:16,4
ID0218,04-01-2015 15:23,Stewart,Fridge,Y,Y,13,0 days 00:03:56,2
ID0219,04-01-2015 15:48,Stewart,Fridge,Y,Y,120,0 days 00:06:50,5
ID0220,04-01-2015 15:48,Diane,Toaster,Y,Y,22,0 days 00:00:50,1
ID0221,04-01-2015 16:48,Martha,Toaster,Y,Y,81,0 days 00:03:21,4
ID0222,04-01-2015 16:48,Jim,Television,N,N,0,0 days 00:00:00,0
ID0223,04-01-2015 16:49,Martha,Washing Machine,Y,Y,71,0 days 00:00:48,2
ID0224,04-01-2015 16:49,Stewart,Toaster,Y,Y,75,0 days 00:01:33,4
ID0225,04-01-2015 16:49,Martha,Air Conditioner,Y,Y,77,0 days 00:02:42,4
ID0226,04-01-2015 16:49,Joe,Television,Y,Y,88,0 days 00:06:27,4
ID0227,04-01-2015 17:35,Stewart,Fridge,Y,Y,82,0 days 00:03:05,2
ID0228,04-01-2015 17:35,Jim,Air Conditioner,Y,Y,110,0 days 00:06:30,3
ID0229,04-01-2015 17:39,Martha,Fridge,Y,N,70,0 days 00:01:32,3
ID0230,04-01-2015 17:39,Becky,Fridge,Y,Y,117,0 days 00:03:40,3
ID0231,05-01-2015 09:08,Joe,Television,Y,Y,18,0 days 00:00:50,3
ID0232,05-01-2015 09:08,Joe,Television,Y,Y,113,0 days 00:02:36,4
ID0233,05-01-2015 09:25,Stewart,Washing Machine,Y,N,68,0 days 00:03:29,5
ID0234,05-01-2015 09:25,Greg,Toaster,Y,Y,67,0 days 00:04:14,5
ID0235,05-01-2015 09:33,Joe,Air Conditioner,Y,Y,36,0 days 00:01:07,5
ID0236,05-01-2015 09:33,Stewart,Television,N,N,0,0 days 00:00:00,0
ID0237,05-01-2015 10:00,Becky,Air Conditioner,Y,Y,33,0 days 00:02:30,1
ID0238,05-01-2015 10:00,Dan,Washing Machine,Y,Y,113,0 days 00:01:59,5
ID0239,05-01-2015 10:49,Greg,Washing Machine,Y,Y,106,0 days 00:06:19,3
ID0240,05-01-2015 10:49,Joe,Television,Y,Y,23,0 days 00:04:59,3
ID0241,05-01-2015 11:31,Joe,Television,N,N,0,0 days 00:00:00,0
ID0242,05-01-2015 11:31,Greg,Toaster,Y,Y,11,0 days 00:04:42,1
ID0243,05-01-2015 11:41,Greg,Washing Machine,Y,Y,73,0 days 00:04:45,5
ID0244,05-01-2015 11:41,Dan,Fridge,Y,Y,109,0 days 00:04:49,5
ID0245,05-01-2015 11:49,Martha,Toaster,Y,Y,29,0 days 00:04:14,4
ID0246,05-01-2015 11:49,Dan,Television,N,N,0,0 days 00:00:00,0
ID0247,05-01-2015 11:49,Becky,Fridge,Y,Y,81,0 days 00:01:14,4
ID0248,05-01-2015 11:49,Greg,Washing Machine,Y,Y,59,0 days 00:03:52,1
ID0249,05-01-2015 12:00,Becky,Television,Y,Y,32,0 days 00:06:29,4
ID0250,05-01-2015 12:00,Martha,Fridge,Y,Y,116,0 days 00:00:42,4
ID0251,05-01-2015 12:12,Diane,Toaster,Y,Y,92,0 days 00:01:55,5
ID0252,05-01-2015 12:12,Greg,Television,Y,Y,62,0 days 00:06:02,5
ID0253,05-01-2015 13:04,Joe,Toaster,Y,Y,83,0 days 00:01:53,5
ID0254,05-01-2015 13:04,Joe,Fridge,Y,Y,71,0 days 00:02:31,3
ID0255,05-01-2015 13:59,Greg,Fridge,Y,N,74,0 days 00:04:32,3
ID0256,05-01-2015 13:59,Joe,Air Conditioner,Y,Y,96,0 days 00:05:46,4
ID0257,05-01-2015 14:42,Diane,Fridge,Y,Y,110,0 days 00:01:41,1
ID0258,05-01-2015 14:42,Jim,Television,Y,N,110,0 days 00:02:38,3
ID0259,05-01-2015 15:18,Dan,Air Conditioner,Y,Y,117,0 days 00:03:03,4
ID0260,05-01-2015 15:18,Becky,Fridge,Y,Y,44,0 days 00:05:53,3
ID0261,05-01-2015 15:20,Diane,Washing Machine,Y,Y,47,0 days 00:06:02,4
ID0262,05-01-2015 15:20,Greg,Fridge,Y,Y,97,0 days 00:01:16,3
ID0263,05-01-2015 15:31,Greg,Television,Y,Y,67,0 days 00:02:39,4
ID0264,05-01-2015 15:31,Diane,Television,Y,Y,72,0 days 00:06:48,3
ID0265,05-01-2015 15:31,Becky,Washing Machine,Y,Y,68,0 days 00:04:21,3
ID0266,05-01-2015 15:31,Joe,Toaster,Y,Y,98,0 days 00:06:22,5
ID0267,05-01-2015 15:37,Joe,Television,Y,Y,120,0 days 00:00:56,3
ID0268,05-01-2015 15:37,Dan,Toaster,Y,Y,13,0 days 00:02:33,1
ID0269,05-01-2015 15:44,Jim,Fridge,Y,Y,95,0 days 00:01:47,5
ID0270,05-01-2015 15:44,Martha,Toaster,Y,Y,31,0 days 00:00:42,5
ID0271,05-01-2015 16:06,Dan,Television,Y,Y,113,0 days 00:06:22,3
ID0272,05-01-2015 16:06,Martha,Air Conditioner,Y,Y,116,0 days 00:04:40,3
ID0273,05-01-2015 16:16,Martha,Fridge,Y,N,94,0 days 00:05:29,5
ID0274,05-01-2015 16:16,Martha,Fridge,Y,N,51,0 days 00:04:42,4
ID0275,05-01-2015 16:27,Diane,Air Conditioner,Y,Y,60,0 days 00:04:07,4
ID0276,05-01-2015 16:27,Diane,Washing Machine,Y,Y,59,0 days 00:06:04,2
ID0277,05-01-2015 17:25,Stewart,Air Conditioner,N,N,0,0 days 00:00:00,0
ID0278,05-01-2015 17:25,Greg,Toaster,N,N,0,0 days 00:00:00,0
ID0279,05-01-2015 17:29,Joe,Air Conditioner,N,N,0,0 days 00:00:00,0
ID0280,05-01-2015 17:29,Dan,Washing Machine,Y,Y,16,0 days 00:03:33,4
ID0281,05-01-2015 17:38,Diane,Air Conditioner,Y,Y,81,0 days 00:01:51,3
ID0282,05-01-2015 17:38,Joe,Television,Y,Y,65,0 days 00:06:46,1
ID0283,05-01-2015 17:44,Martha,Television,Y,Y,55,0 days 00:03:04,2
ID0284,05-01-2015 17:44,Martha,Air Conditioner,N,N,0,0 days 00:00:00,0
ID0285,05-01-2015 17:57,Martha,Air Conditioner,Y,Y,31,0 days 00:02:25,4
ID0286,05-01-2015 17:57,Diane,Television,Y,Y,45,0 days 00:05:13,2
ID0287,06-01-2015 09:08,Greg,Air Conditioner,N,N,0,0 days 00:00:00,0
ID0288,06-01-2015 09:08,Stewart,Toaster,Y,Y,43,0 days 00:02:09,5
ID0289,06-01-2015 10:06,Stewart,Air Conditioner,Y,Y,55,0 days 00:05:56,4
ID0290,06-01-2015 10:06,Stewart,Washing Machine,Y,Y,63,0 days 00:02:19,3
ID0291,06-01-2015 10:07,Joe,Toaster,N,N,0,0 days 00:00:00,0
ID0292,06-01-2015 10:07,Jim,Washing Machine,Y,Y,122,0 days 00:05:52,1
ID0293,06-01-2015 10:32,Stewart,Washing Machine,Y,Y,71,0 days 00:02:39,4
ID0294,06-01-2015 10:32,Jim,Air Conditioner,Y,Y,54,0 days 00:04:57,4
ID0295,06-01-2015 10:42,Stewart,Television,Y,Y,74,0 days 00:03:22,4
ID0296,06-01-2015 10:42,Stewart,Fridge,Y,Y,125,0 days 00:04:47,4
ID0297,06-01-2015 11:12,Dan,Toaster,Y,Y,110,0 days 00:03:43,3
ID0298,06-01-2015 11:12,Becky,Television,N,N,0,0 days 00:00:00,0
ID0299,06-01-2015 11:29,Martha,Air Conditioner,Y,Y,74,0 days 00:01:31,5
ID0300,06-01-2015 11:29,Diane,Toaster,Y,Y,80,0 days 00:04:27,4
ID0301,06-01-2015 11:38,Dan,Toaster,N,N,0,0 days 00:00:00,0
ID0302,06-01-2015 11:38,Joe,Washing Machine,Y,Y,110,0 days 00:03:54,2
ID0303,06-01-2015 11:45,Stewart,Toaster,Y,Y,26,0 days 00:03:08,3
ID0304,06-01-2015 11:45,Greg,Air Conditioner,N,N,0,0 days 00:00:00,0
ID0305,06-01-2015 12:05,Joe,Fridge,Y,Y,97,0 days 00:01:47,3
ID0306,06-01-2015 12:05,Dan,Fridge,Y,N,82,0 days 00:05:40,3
ID0307,06-01-2015 12:07,Becky,Television,Y,N,102,0 days 00:05:53,5
ID0308,06-01-2015 12:07,Jim,Fridge,Y,Y,120,0 days 00:00:52,5
ID0309,06-01-2015 13:30,Greg,Television,Y,Y,70,0 days 00:05:19,3
ID0310,06-01-2015 13:30,Diane,Fridge,N,N,0,0 days 00:00:00,0
ID0311,06-01-2015 13:58,Stewart,Toaster,Y,Y,122,0 days 00:02:56,3
ID0312,06-01-2015 13:58,Martha,Television,N,N,0,0 days 00:00:00,0
ID0313,06-01-2015 14:03,Joe,Toaster,Y,Y,19,0 days 00:00:55,1
ID0314,06-01-2015 14:03,Greg,Toaster,Y,Y,71,0 days 00:02:37,4
ID0315,06-01-2015 14:13,Joe,Air Conditioner,Y,Y,24,0 days 00:04:59,1
ID0316,06-01-2015 14:13,Martha,Air Conditioner,Y,Y,67,0 days 00:05:36,1
ID0317,06-01-2015 14:32,Martha,Television,Y,N,57,0 days 00:04:14,3
ID0318,06-01-2015 14:32,Diane,Television,Y,Y,108,0 days 00:05:03,4
ID0319,06-01-2015 14:57,Stewart,Toaster,Y,Y,99,0 days 00:04:08,4
ID0320,06-01-2015 14:57,Stewart,Toaster,Y,Y,56,0 days 00:04:52,1
ID0321,06-01-2015 15:02,Stewart,Toaster,Y,Y,121,0 days 00:03:57,3
ID0322,06-01-2015 15:02,Greg,Fridge,N,N,0,0 days 00:00:00,0
ID0323,06-01-2015 15:12,Joe,Washing Machine,Y,Y,72,0 days 00:06:00,1
ID0324,06-01-2015 15:12,Greg,Washing Machine,Y,Y,54,0 days 00:06:15,4
ID0325,06-01-2015 16:17,Martha,Fridge,Y,Y,30,0 days 00:04:36,3
ID0326,06-01-2015 16:17,Jim,Toaster,Y,Y,44,0 days 00:01:04,2
ID0327,06-01-2015 16:22,Greg,Toaster,Y,N,97,0 days 00:01:58,4
ID0328,06-01-2015 16:22,Jim,Television,Y,Y,47,0 days 00:01:49,3
ID0329,06-01-2015 16:27,Dan,Television,Y,Y,53,0 days 00:01:43,3
ID0330,06-01-2015 16:27,Dan,Washing Machine,N,N,0,0 days 00:00:00,0
ID0331,06-01-2015 16:35,Martha,Toaster,N,N,0,0 days 00:00:00,0
ID0332,06-01-2015 16:35,Jim,Television,N,N,0,0 days 00:00:00,0
ID0333,06-01-2015 16:39,Stewart,Fridge,Y,Y,81,0 days 00:03:45,3
ID0334,06-01-2015 16:39,Diane,Washing Machine,Y,Y,11,0 days 00:00:34,4
ID0335,06-01-2015 17:00,Martha,Toaster,Y,Y,48,0 days 00:00:53,5
ID0336,06-01-2015 17:00,Stewart,Washing Machine,Y,Y,37,0 days 00:06:54,5
ID0337,06-01-2015 17:19,Martha,Air Conditioner,Y,Y,115,0 days 00:02:34,4
ID0338,06-01-2015 17:19,Greg,Toaster,Y,Y,81,0 days 00:00:53,4
ID0339,06-01-2015 17:21,Becky,Washing Machine,N,N,0,0 days 00:00:00,0
ID0340,06-01-2015 17:21,Jim,Fridge,Y,Y,12,0 days 00:03:12,5
ID0341,06-01-2015 17:22,Stewart,Fridge,Y,Y,75,0 days 00:02:51,3
ID0342,06-01-2015 17:22,Jim,Washing Machine,Y,Y,42,0 days 00:01:17,4
ID0343,06-01-2015 17:24,Greg,Fridge,Y,Y,96,0 days 00:01:45,5
ID0344,06-01-2015 17:24,Stewart,Toaster,Y,Y,58,0 days 00:01:51,5
ID0345,07-01-2015 09:04,Dan,Washing Machine,Y,Y,62,0 days 00:05:16,5
ID0346,07-01-2015 09:04,Greg,Toaster,Y,Y,74,0 days 00:02:10,5
ID0347,07-01-2015 09:07,Becky,Air Conditioner,Y,Y,26,0 days 00:01:10,3
ID0348,07-01-2015 09:07,Diane,Air Conditioner,N,N,0,0 days 00:00:00,0
ID0349,07-01-2015 09:20,Joe,Air Conditioner,Y,Y,40,0 days 00:05:08,2
ID0350,07-01-2015 09:20,Joe,Television,Y,Y,12,0 days 00:04:54,3
ID0351,07-01-2015 10:14,Joe,Washing Machine,Y,Y,114,0 days 00:03:41,5
ID0352,07-01-2015 10:14,Becky,Washing Machine,Y,Y,85,0 days 00:03:29,4
ID0353,07-01-2015 10:23,Diane,Fridge,Y,Y,52,0 days 00:01:55,5
ID0354,07-01-2015 10:23,Greg,Television,Y,Y,60,0 days 00:04:18,3
ID0355,07-01-2015 10:33,Joe,Fridge,Y,Y,76,0 days 00:05:07,4
ID0356,07-01-2015 10:33,Stewart,Washing Machine,N,N,0,0 days 00:00:00,0
ID0357,07-01-2015 10:48,Becky,Television,N,N,0,0 days 00:00:00,0
ID0358,07-01-2015 10:48,Joe,Television,Y,Y,25,0 days 00:01:20,5
ID0359,07-01-2015 11:36,Greg,Television,Y,Y,37,0 days 00:02:32,3
ID0360,07-01-2015 11:36,Dan,Fridge,Y,Y,71,0 days 00:05:41,3
ID0361,07-01-2015 11:42,Jim,Fridge,Y,Y,76,0 days 00:04:37,1
ID0362,07-01-2015 11:42,Stewart,Air Conditioner,Y,Y,66,0 days 00:06:50,3
ID0363,07-01-2015 11:47,Diane,Fridge,Y,Y,72,0 days 00:03:25,3
ID0364,07-01-2015 11:47,Jim,Fridge,Y,Y,47,0 days 00:06:37,5
ID0365,07-01-2015 12:08,Jim,Toaster,N,N,0,0 days 00:00:00,0
ID0366,07-01-2015 12:08,Greg,Toaster,Y,Y,29,0 days 00:02:51,5
ID0367,07-01-2015 12:36,Dan,Television,N,N,0,0 days 00:00:00,0
ID0368,07-01-2015 12:36,Becky,Washing Machine,Y,Y,122,0 days 00:01:40,4
ID0369,07-01-2015 12:48,Greg,Air Conditioner,Y,Y,52,0 days 00:04:06,5
ID0370,07-01-2015 12:48,Martha,Fridge,Y,Y,33,0 days 00:04:26,4
ID0371,07-01-2015 13:26,Joe,Toaster,Y,Y,123,0 days 00:02:24,3
ID0372,07-01-2015 13:26,Greg,Air Conditioner,Y,Y,23,0 days 00:02:03,4
ID0373,07-01-2015 13:30,Becky,Television,N,N,0,0 days 00:00:00,0
ID0374,07-01-2015 13:30,Stewart,Fridge,Y,N,29,0 days 00:03:25,5
ID0375,07-01-2015 13:42,Greg,Washing Machine,N,N,0,0 days 00:00:00,0
ID0376,07-01-2015 13:42,Becky,Television,Y,Y,54,0 days 00:03:48,5
ID0377,07-01-2015 13:45,Dan,Television,Y,Y,14,0 days 00:04:43,4
ID0378,07-01-2015 13:45,Dan,Toaster,Y,Y,11,0 days 00:04:25,3
ID0379,07-01-2015 14:31,Joe,Toaster,Y,Y,84,0 days 00:04:59,1
ID0380,07-01-2015 14:31,Martha,Toaster,Y,Y,21,0 days 00:02:51,4
ID0381,07-01-2015 15:53,Martha,Air Conditioner,Y,N,81,0 days 00:05:10,3
ID0382,07-01-2015 15:53,Dan,Toaster,N,N,0,0 days 00:00:00,0
ID0383,07-01-2015 16:07,Diane,Fridge,N,N,0,0 days 00:00:00,0
ID0384,07-01-2015 16:07,Stewart,Air Conditioner,Y,Y,84,0 days 00:06:22,4
ID0385,07-01-2015 16:29,Martha,Television,Y,Y,118,0 days 00:03:35,2
ID0386,07-01-2015 16:29,Becky,Air Conditioner,Y,Y,35,0 days 00:06:15,2
ID0387,07-01-2015 16:40,Dan,Toaster,Y,Y,82,0 days 00:02:13,3
ID0388,07-01-2015 16:40,Jim,Television,Y,Y,119,0 days 00:03:03,4
ID0389,07-01-2015 17:03,Jim,Washing Machine,Y,Y,107,0 days 00:06:46,2
ID0390,07-01-2015 17:03,Joe,Washing Machine,Y,Y,86,0 days 00:00:42,4
ID0391,07-01-2015 17:39,Diane,Television,Y,Y,76,0 days 00:01:23,4
ID0392,07-01-2015 17:39,Stewart,Television,Y,N,78,0 days 00:03:07,3
ID0393,07-01-2015 17:47,Jim,Fridge,Y,Y,118,0 days 00:00:33,3
ID0394,07-01-2015 17:47,Diane,Air Conditioner,N,N,0,0 days 00:00:00,0
ID0395,07-01-2015 17:48,Joe,Fridge,Y,Y,47,0 days 00:02:02,5
ID0396,07-01-2015 17:48,Diane,Fridge,Y,Y,86,0 days 00:02:58,2
ID0397,07-01-2015 17:55,Greg,Air Conditioner,Y,Y,76,0 days 00:05:52,3
ID0398,07-01-2015 17:55,Jim,Toaster,Y,Y,32,0 days 00:03:23,4
ID0399,08-01-2015 09:00,Joe,Fridge,Y,Y,98,0 days 00:03:33,5
ID0400,08-01-2015 09:00,Jim,Air Conditioner,Y,Y,86,0 days 00:00:37,4
ID0401,08-01-2015 09:24,Diane,Air Conditioner,Y,Y,37,0 days 00:01:05,3
ID0402,08-01-2015 09:24,Greg,Fridge,Y,Y,15,0 days 00:04:27,5
ID0403,08-01-2015 09:47,Diane,Washing Machine,Y,Y,114,0 days 00:04:13,5
ID0404,08-01-2015 09:47,Stewart,Toaster,N,N,0,0 days 00:00:00,0
ID0405,08-01-2015 09:59,Jim,Air Conditioner,N,N,0,0 days 00:00:00,0
ID0406,08-01-2015 09:59,Martha,Television,N,N,0,0 days 00:00:00,0
ID0407,08-01-2015 10:42,Martha,Television,Y,N,23,0 days 00:02:16,3
ID0408,08-01-2015 10:42,Dan,Toaster,N,N,0,0 days 00:00:00,0
ID0409,08-01-2015 10:49,Joe,Fridge,Y,Y,69,0 days 00:05:41,3
ID0410,08-01-2015 10:49,Stewart,Washing Machine,Y,Y,15,0 days 00:06:10,4
ID0411,08-01-2015 10:49,Becky,Air Conditioner,Y,Y,119,0 days 00:05:28,3
ID0412,08-01-2015 10:49,Becky,Television,Y,Y,68,0 days 00:05:17,1
ID0413,08-01-2015 11:00,Diane,Washing Machine,Y,Y,115,0 days 00:06:10,3
ID0414,08-01-2015 11:00,Joe,Washing Machine,Y,Y,84,0 days 00:01:11,5
ID0415,08-01-2015 11:16,Dan,Washing Machine,Y,N,59,0 days 00:01:17,4
ID0416,08-01-2015 11:16,Diane,Air Conditioner,Y,N,112,0 days 00:03:34,4
ID0417,08-01-2015 11:16,Dan,Washing Machine,N,N,0,0 days 00:00:00,0
ID0418,08-01-2015 11:16,Dan,Fridge,Y,Y,39,0 days 00:04:51,3
ID0419,08-01-2015 12:12,Jim,Television,Y,Y,31,0 days 00:06:35,5
ID0420,08-01-2015 12:12,Dan,Television,Y,Y,112,0 days 00:03:41,2
ID0421,08-01-2015 12:14,Greg,Television,Y,Y,49,0 days 00:02:25,4
ID0422,08-01-2015 12:14,Greg,Air Conditioner,Y,Y,18,0 days 00:06:38,3
ID0423,08-01-2015 12:38,Stewart,Air Conditioner,Y,Y,80,0 days 00:02:43,4
ID0424,08-01-2015 12:38,Dan,Fridge,Y,Y,57,0 days 00:02:33,3
ID0425,08-01-2015 12:48,Stewart,Washing Machine,N,N,0,0 days 00:00:00,0
ID0426,08-01-2015 12:48,Diane,Washing Machine,Y,N,87,0 days 00:06:18,4
ID0427,08-01-2015 13:10,Diane,Toaster,N,N,0,0 days 00:00:00,0
ID0428,08-01-2015 13:10,Greg,Television,Y,Y,81,0 days 00:05:56,3
ID0429,08-01-2015 13:10,Joe,Air Conditioner,N,N,0,0 days 00:00:00,0
ID0430,08-01-2015 13:10,Jim,Television,Y,Y,47,0 days 00:02:11,5
ID0431,08-01-2015 13:17,Joe,Television,Y,Y,57,0 days 00:06:15,4
ID0432,08-01-2015 13:17,Becky,Toaster,N,N,0,0 days 00:00:00,0
ID0433,08-01-2015 13:43,Joe,Washing Machine,Y,Y,104,0 days 00:03:55,4
ID0434,08-01-2015 13:43,Becky,Fridge,Y,Y,16,0 days 00:05:46,3
ID0435,08-01-2015 15:37,Greg,Television,Y,Y,37,0 days 00:04:13,4
ID0436,08-01-2015 15:37,Diane,Fridge,N,N,0,0 days 00:00:00,0
ID0437,08-01-2015 15:43,Stewart,Air Conditioner,Y,Y,61,0 days 00:02:06,4
ID0438,08-01-2015 15:43,Stewart,Fridge,Y,N,41,0 days 00:03:10,4
ID0439,08-01-2015 15:53,Diane,Television,Y,Y,40,0 days 00:01:21,4
ID0440,08-01-2015 15:53,Diane,Fridge,Y,Y,55,0 days 00:05:21,2
ID0441,08-01-2015 15:54,Greg,Fridge,Y,Y,92,0 days 00:00:53,3
ID0442,08-01-2015 15:54,Dan,Washing Machine,Y,Y,118,0 days 00:01:38,5
ID0443,08-01-2015 16:37,Dan,Television,Y,Y,82,0 days 00:05:43,3
ID0444,08-01-2015 16:37,Dan,Television,Y,Y,83,0 days 00:01:20,3
ID0445,08-01-2015 18:00,Jim,Toaster,Y,Y,78,0 days 00:05:13,2
ID0446,08-01-2015 18:00,Diane,Toaster,Y,N,111,0 days 00:05:14,5
ID0447,09-01-2015 09:07,Jim,Washing Machine,Y,Y,107,0 days 00:05:22,4
ID0448,09-01-2015 09:07,Martha,Television,Y,Y,108,0 days 00:04:03,2
ID0449,09-01-2015 09:24,Greg,Toaster,Y,Y,97,0 days 00:02:39,5
ID0450,09-01-2015 09:24,Dan,Television,Y,Y,31,0 days 00:06:20,5
ID0451,09-01-2015 09:34,Martha,Toaster,Y,Y,20,0 days 00:01:49,4
ID0452,09-01-2015 09:34,Jim,Fridge,Y,Y,110,0 days 00:06:53,3
ID0453,09-01-2015 10:22,Dan,Air Conditioner,Y,Y,86,0 days 00:05:02,5
ID0454,09-01-2015 10:22,Becky,Television,Y,Y,77,0 days 00:02:11,4
ID0455,09-01-2015 10:29,Diane,Television,Y,Y,119,0 days 00:06:47,3
ID0456,09-01-2015 10:29,Martha,Fridge,N,N,0,0 days 00:00:00,0
ID0457,09-01-2015 10:32,Jim,Air Conditioner,Y,Y,13,0 days 00:03:06,3
ID0458,09-01-2015 10:32,Stewart,Toaster,Y,Y,106,0 days 00:02:27,5
ID0459,09-01-2015 10:58,Joe,Toaster,Y,Y,35,0 days 00:05:25,3
ID0460,09-01-2015 10:58,Martha,Washing Machine,Y,N,46,0 days 00:05:23,3
ID0461,09-01-2015 11:05,Stewart,Fridge,Y,N,24,0 days 00:06:15,3
ID0462,09-01-2015 11:05,Stewart,Television,Y,Y,88,0 days 00:06:33,5
ID0463,09-01-2015 11:11,Joe,Fridge,Y,Y,81,0 days 00:02:42,3
ID0464,09-01-2015 11:11,Jim,Toaster,Y,Y,96,0 days 00:04:33,3
ID0465,09-01-2015 11:16,Becky,Fridge,Y,Y,46,0 days 00:06:05,3
ID0466,09-01-2015 11:16,Dan,Washing Machine,Y,Y,25,0 days 00:01:40,4
ID0467,09-01-2015 11:25,Stewart,Fridge,Y,Y,81,0 days 00:02:07,4
ID0468,09-01-2015 11:25,Dan,Toaster,N,N,0,0 days 00:00:00,0
ID0469,09-01-2015 11:48,Dan,Air Conditioner,Y,Y,97,0 days 00:06:50,1
ID0470,09-01-2015 11:48,Martha,Air Conditioner,Y,Y,116,0 days 00:03:16,5
ID0471,09-01-2015 11:48,Joe,Toaster,N,N,0,0 days 00:00:00,0
ID0472,09-01-2015 11:48,Dan,Fridge,N,N,0,0 days 00:00:00,0
ID0473,09-01-2015 11:48,Becky,Toaster,Y,Y,87,0 days 00:05:45,5
ID0474,09-01-2015 11:48,Dan,Air Conditioner,Y,Y,43,0 days 00:00:35,4
ID0475,09-01-2015 11:55,Greg,Washing Machine,Y,Y,102,0 days 00:04:48,3
ID0476,09-01-2015 11:55,Dan,Toaster,Y,Y,95,0 days 00:05:49,5
ID0477,09-01-2015 12:31,Dan,Air Conditioner,Y,Y,108,0 days 00:04:45,3
ID0478,09-01-2015 12:31,Dan,Fridge,Y,Y,80,0 days 00:02:11,4
ID0479,09-01-2015 12:33,Diane,Toaster,Y,Y,61,0 days 00:00:36,5
ID0480,09-01-2015 12:33,Greg,Washing Machine,Y,Y,18,0 days 00:05:05,5
ID0481,09-01-2015 12:40,Joe,Toaster,N,N,0,0 days 00:00:00,0
ID0482,09-01-2015 12:40,Becky,Fridge,Y,N,10,0 days 00:00:54,4
ID0483,09-01-2015 12:50,Diane,Toaster,Y,Y,92,0 days 00:02:25,3
ID0484,09-01-2015 12:50,Jim,Air Conditioner,N,N,0,0 days 00:00:00,0
ID0485,09-01-2015 13:03,Becky,Washing Machine,Y,Y,120,0 days 00:04:28,1
ID0486,09-01-2015 13:03,Dan,Air Conditioner,Y,Y,63,0 days 00:04:59,3
ID0487,09-01-2015 13:39,Becky,Television,N,N,0,0 days 00:00:00,0
ID0488,09-01-2015 13:39,Joe,Television,Y,Y,101,0 days 00:05:30,3
ID0489,09-01-2015 13:59,Joe,Toaster,Y,Y,105,0 days 00:01:20,1
ID0490,09-01-2015 13:59,Joe,Washing Machine,Y,Y,21,0 days 00:01:38,4
ID0491,09-01-2015 14:12,Joe,Toaster,Y,Y,34,0 days 00:05:10,4
ID0492,09-01-2015 14:12,Stewart,Air Conditioner,Y,Y,78,0 days 00:03:25,1
ID0493,09-01-2015 14:19,Diane,Television,Y,Y,44,0 days 00:02:54,3
ID0494,09-01-2015 14:19,Joe,Fridge,Y,Y,98,0 days 00:01:43,1
ID0495,09-01-2015 14:51,Martha,Toaster,Y,Y,23,0 days 00:03:23,1
ID0496,09-01-2015 14:51,Stewart,Fridge,Y,Y,28,0 days 00:06:20,3
ID0497,09-01-2015 15:43,Joe,Air Conditioner,N,N,0,0 days 00:00:00,0
ID0498,09-01-2015 15:43,Martha,Fridge,Y,Y,43,0 days 00:01:03,5
ID0499,09-01-2015 16:58,Stewart,Television,N,N,0,0 days 00:00:00,0
ID0500,09-01-2015 16:58,Martha,Washing Machine,N,N,0,0 days 00:00:00,0
ID0501,09-01-2015 17:05,Diane,Toaster,Y,Y,119,0 days 00:00:50,4
ID0502,09-01-2015 17:05,Dan,Toaster,Y,Y,32,0 days 00:02:54,5
ID0503,09-01-2015 17:21,Greg,Television,Y,N,50,0 days 00:04:17,3
ID0504,09-01-2015 17:21,Jim,Fridge,N,N,0,0 days 00:00:00,0
ID0505,09-01-2015 17:22,Joe,Toaster,Y,Y,35,0 days 00:04:46,4
ID0506,09-01-2015 17:22,Jim,Washing Machine,Y,Y,27,0 days 00:02:43,3
ID0507,09-01-2015 17:24,Stewart,Television,Y,Y,121,0 days 00:03:20,4
ID0508,09-01-2015 17:24,Becky,Television,Y,Y,42,0 days 00:06:58,2
ID0509,09-01-2015 17:28,Greg,Air Conditioner,N,N,0,0 days 00:00:00,0
ID0510,09-01-2015 17:28,Dan,Air Conditioner,N,N,0,0 days 00:00:00,0
ID0511,09-01-2015 17:32,Greg,Toaster,Y,Y,107,0 days 00:01:05,5
ID0512,09-01-2015 17:32,Martha,Television,Y,Y,116,0 days 00:03:31,4
ID0513,09-01-2015 17:42,Dan,Air Conditioner,Y,N,60,0 days 00:02:06,3
ID0514,09-01-2015 17:42,Jim,Toaster,Y,Y,116,0 days 00:04:38,4
ID0515,10-01-2015 09:00,Stewart,Toaster,Y,Y,19,0 days 00:06:11,5
ID0516,10-01-2015 09:00,Martha,Washing Machine,Y,Y,75,0 days 00:05:50,3
ID0517,10-01-2015 09:08,Becky,Fridge,Y,Y,23,0 days 00:00:48,3
ID0518,10-01-2015 09:08,Diane,Air Conditioner,Y,Y,69,0 days 00:03:53,3
ID0519,10-01-2015 10:06,Jim,Television,Y,Y,64,0 days 00:04:23,5
ID0520,10-01-2015 10:06,Martha,Television,Y,Y,117,0 days 00:03:23,3
ID0521,10-01-2015 10:35,Jim,Television,Y,Y,12,0 days 00:06:34,4
ID0522,10-01-2015 10:35,Diane,Fridge,Y,Y,102,0 days 00:02:38,4
ID0523,10-01-2015 11:11,Dan,Air Conditioner,Y,Y,46,0 days 00:06:32,4
ID0524,10-01-2015 11:11,Martha,Television,Y,N,47,0 days 00:01:27,4
ID0525,10-01-2015 11:18,Dan,Television,Y,Y,98,0 days 00:02:23,4
ID0526,10-01-2015 11:18,Jim,Washing Machine,Y,Y,84,0 days 00:04:17,4
ID0527,10-01-2015 11:29,Greg,Television,Y,Y,12,0 days 00:02:13,3
ID0528,10-01-2015 11:29,Greg,Toaster,Y,Y,88,0 days 00:03:26,4
ID0529,10-01-2015 11:31,Stewart,Washing Machine,Y,Y,97,0 days 00:05:53,1
ID0530,10-01-2015 11:31,Joe,Fridge,Y,Y,51,0 days 00:05:56,3
ID0531,10-01-2015 11:47,Becky,Fridge,N,N,0,0 days 00:00:00,0
ID0532,10-01-2015 11:47,Dan,Television,Y,Y,106,0 days 00:02:37,4
ID0533,10-01-2015 12:27,Diane,Fridge,Y,Y,34,0 days 00:03:52,4
ID0534,10-01-2015 12:27,Stewart,Television,N,N,0,0 days 00:00:00,0
ID0535,10-01-2015 12:33,Dan,Air Conditioner,Y,Y,51,0 days 00:05:33,3
ID0536,10-01-2015 12:33,Greg,Air Conditioner,Y,Y,74,0 days 00:04:54,4
ID0537,10-01-2015 12:56,Greg,Washing Machine,Y,Y,29,0 days 00:01:16,3
ID0538,10-01-2015 12:56,Martha,Fridge,Y,Y,123,0 days 00:06:15,3
ID0539,10-01-2015 13:13,Becky,Washing Machine,Y,Y,100,0 days 00:00:41,4
ID0540,10-01-2015 13:13,Dan,Television,Y,Y,43,0 days 00:06:53,3
ID0541,10-01-2015 13:48,Becky,Air Conditioner,Y,Y,24,0 days 00:04:29,4
ID0542,10-01-2015 13:48,Jim,Television,Y,Y,78,0 days 00:06:14,4
ID0543,10-01-2015 13:52,Joe,Toaster,Y,Y,28,0 days 00:06:07,5
ID0544,10-01-2015 13:52,Joe,Fridge,Y,Y,36,0 days 00:01:28,3
ID0545,10-01-2015 14:09,Joe,Toaster,N,N,0,0 days 00:00:00,0
ID0546,10-01-2015 14:09,Jim,Toaster,Y,Y,10,0 days 00:04:32,2
ID0547,10-01-2015 14:16,Dan,Television,Y,Y,43,0 days 00:06:42,3
ID0548,10-01-2015 14:16,Stewart,Air Conditioner,Y,Y,19,0 days 00:00:38,3
ID0549,10-01-2015 14:25,Diane,Fridge,Y,Y,74,0 days 00:06:34,3
ID0550,10-01-2015 14:25,Jim,Television,Y,Y,71,0 days 00:04:05,1
ID0551,10-01-2015 14:32,Joe,Fridge,Y,Y,117,0 days 00:06:16,5
ID0552,10-01-2015 14:32,Joe,Washing Machine,Y,Y,61,0 days 00:05:01,3
ID0553,10-01-2015 14:58,Joe,Washing Machine,Y,Y,118,0 days 00:03:20,3
ID0554,10-01-2015 14:58,Martha,Fridge,Y,Y,87,0 days 00:04:18,4
ID0555,10-01-2015 15:56,Diane,Toaster,Y,Y,48,0 days 00:01:06,4
ID0556,10-01-2015 15:56,Joe,Washing Machine,Y,Y,112,0 days 00:02:14,1
ID0557,10-01-2015 16:00,Stewart,Washing Machine,Y,Y,99,0 days 00:02:44,5
ID0558,10-01-2015 16:00,Becky,Air Conditioner,Y,Y,103,0 days 00:02:56,4
ID0559,10-01-2015 16:37,Joe,Toaster,Y,Y,102,0 days 00:00:38,5
ID0560,10-01-2015 16:37,Joe,Toaster,Y,Y,74,0 days 00:06:56,5
ID0561,10-01-2015 16:37,Greg,Toaster,Y,Y,28,0 days 00:01:29,1
ID0562,10-01-2015 16:37,Joe,Washing Machine,Y,Y,64,0 days 00:02:33,4
ID0563,10-01-2015 16:42,Diane,Washing Machine,N,N,0,0 days 00:00:00,0
ID0564,10-01-2015 16:42,Becky,Toaster,Y,Y,81,0 days 00:06:36,4
ID0565,10-01-2015 16:58,Becky,Television,Y,Y,121,0 days 00:01:04,3
ID0566,10-01-2015 16:58,Joe,Air Conditioner,Y,Y,117,0 days 00:02:51,4
ID0567,10-01-2015 17:24,Diane,Toaster,Y,Y,55,0 days 00:04:14,4
ID0568,10-01-2015 17:24,Stewart,Air Conditioner,N,N,0,0 days 00:00:00,0
ID0569,10-01-2015 17:25,Becky,Television,Y,Y,79,0 days 00:02:30,3
ID0570,10-01-2015 17:25,Martha,Air Conditioner,Y,Y,120,0 days 00:02:09,1
ID0571,10-01-2015 17:31,Stewart,Washing Machine,Y,Y,50,0 days 00:02:41,2
ID0572,10-01-2015 17:31,Martha,Fridge,Y,N,15,0 days 00:03:03,1
ID0573,10-01-2015 17:35,Dan,Television,Y,Y,10,0 days 00:04:58,3
ID0574,10-01-2015 17:35,Greg,Air Conditioner,Y,Y,110,0 days 00:04:14,3
ID0575,10-01-2015 17:39,Greg,Toaster,Y,Y,69,0 days 00:00:47,3
ID0576,10-01-2015 17:39,Jim,Washing Machine,Y,N,122,0 days 00:02:48,1
ID0577,10-01-2015 17:48,Diane,Washing Machine,Y,Y,47,0 days 00:00:58,3
ID0578,10-01-2015 17:48,Greg,Air Conditioner,Y,N,124,0 days 00:06:46,5
ID0579,11-01-2015 09:30,Martha,Television,Y,Y,92,0 days 00:02:01,3
ID0580,11-01-2015 09:30,Becky,Toaster,Y,Y,110,0 days 00:05:32,2
ID0581,11-01-2015 09:37,Stewart,Television,Y,Y,84,0 days 00:02:25,4
ID0582,11-01-2015 09:37,Stewart,Fridge,N,N,0,0 days 00:00:00,0
ID0583,11-01-2015 09:38,Diane,Fridge,Y,Y,81,0 days 00:04:21,5
ID0584,11-01-2015 09:38,Greg,Toaster,Y,Y,116,0 days 00:02:09,4
ID0585,11-01-2015 09:38,Diane,Toaster,N,N,0,0 days 00:00:00,0
ID0586,11-01-2015 09:38,Joe,Television,Y,Y,63,0 days 00:04:09,3
ID0587,11-01-2015 09:48,Dan,Television,N,N,0,0 days 00:00:00,0
ID0588,11-01-2015 09:48,Joe,Television,Y,Y,30,0 days 00:04:31,3
ID0589,11-01-2015 10:04,Diane,Fridge,Y,Y,22,0 days 00:05:42,3
ID0590,11-01-2015 10:04,Stewart,Air Conditioner,Y,Y,31,0 days 00:05:20,3
ID0591,11-01-2015 10:13,Diane,Toaster,Y,Y,47,0 days 00:02:32,3
ID0592,11-01-2015 10:13,Dan,Air Conditioner,Y,Y,88,0 days 00:04:34,3
ID0593,11-01-2015 10:20,Martha,Television,Y,Y,106,0 days 00:03:39,4
ID0594,11-01-2015 10:20,Diane,Toaster,Y,Y,70,0 days 00:01:27,5
ID0595,11-01-2015 10:26,Martha,Toaster,Y,Y,77,0 days 00:05:37,3
ID0596,11-01-2015 10:26,Joe,Television,Y,Y,82,0 days 00:06:41,3
ID0597,11-01-2015 10:32,Greg,Washing Machine,Y,Y,84,0 days 00:04:45,3
ID0598,11-01-2015 10:32,Martha,Air Conditioner,Y,Y,50,0 days 00:06:06,4
ID0599,11-01-2015 11:05,Martha,Fridge,N,N,0,0 days 00:00:00,0
ID0600,11-01-2015 11:05,Becky,Washing Machine,Y,Y,73,0 days 00:00:45,3
ID0601,11-01-2015 11:28,Greg,Washing Machine,Y,Y,79,0 days 00:05:24,3
ID0602,11-01-2015 11:28,Dan,Washing Machine,Y,Y,124,0 days 00:03:58,5
ID0603,11-01-2015 11:29,Stewart,Fridge,N,N,0,0 days 00:00:00,0
ID0604,11-01-2015 11:29,Becky,Air Conditioner,Y,N,75,0 days 00:03:33,4
ID0605,11-01-2015 11:36,Becky,Air Conditioner,Y,Y,34,0 days 00:04:31,3
ID0606,11-01-2015 11:36,Stewart,Toaster,N,N,0,0 days 00:00:00,0
ID0607,11-01-2015 11:47,Stewart,Television,Y,Y,116,0 days 00:03:56,3
ID0608,11-01-2015 11:47,Dan,Toaster,Y,Y,20,0 days 00:00:33,3
ID0609,11-01-2015 12:10,Jim,Television,Y,Y,105,0 days 00:06:38,1
ID0610,11-01-2015 12:10,Diane,Toaster,Y,Y,25,0 days 00:00:53,3
ID0611,11-01-2015 12:20,Diane,Toaster,Y,Y,16,0 days 00:06:22,4
ID0612,11-01-2015 12:20,Martha,Washing Machine,Y,Y,64,0 days 00:02:40,4
ID0613,11-01-2015 12:24,Stewart,Fridge,Y,Y,82,0 days 00:06:51,3
ID0614,11-01-2015 12:24,Dan,Television,Y,Y,13,0 days 00:02:09,5
ID0615,11-01-2015 12:43,Jim,Washing Machine,Y,Y,15,0 days 00:00:45,5
ID0616,11-01-2015 12:43,Greg,Washing Machine,Y,Y,42,0 days 00:06:08,2
ID0617,11-01-2015 12:43,Jim,Toaster,N,N,0,0 days 00:00:00,0
ID0618,11-01-2015 12:43,Martha,Toaster,Y,Y,32,0 days 00:05:41,3
ID0619,11-01-2015 12:57,Dan,Toaster,Y,Y,75,0 days 00:04:10,3
ID0620,11-01-2015 12:57,Stewart,Washing Machine,Y,N,123,0 days 00:02:50,3
ID0621,11-01-2015 13:19,Stewart,Television,Y,Y,22,0 days 00:05:27,5
ID0622,11-01-2015 13:19,Greg,Air Conditioner,Y,Y,21,0 days 00:01:58,2
ID0623,11-01-2015 13:55,Greg,Television,Y,Y,15,0 days 00:06:10,4
ID0624,11-01-2015 13:55,Diane,Television,Y,Y,76,0 days 00:03:55,4
ID0625,11-01-2015 14:09,Joe,Fridge,Y,Y,92,0 days 00:05:19,3
ID0626,11-01-2015 14:09,Greg,Air Conditioner,N,N,0,0 days 00:00:00,0
ID0627,11-01-2015 14:13,Martha,Air Conditioner,N,N,0,0 days 00:00:00,0
ID0628,11-01-2015 14:13,Becky,Toaster,Y,N,62,0 days 00:03:59,4
ID0629,11-01-2015 14:19,Joe,Fridge,Y,Y,33,0 days 00:04:58,3
ID0630,11-01-2015 14:19,Stewart,Fridge,Y,Y,122,0 days 00:01:59,1
ID0631,11-01-2015 14:24,Stewart,Television,Y,N,47,0 days 00:04:35,1
ID0632,11-01-2015 14:24,Diane,Fridge,N,N,0,0 days 00:00:00,0
ID0633,11-01-2015 14:26,Martha,Air Conditioner,N,N,0,0 days 00:00:00,0
ID0634,11-01-2015 14:26,Joe,Washing Machine,N,N,0,0 days 00:00:00,0
ID0635,11-01-2015 14:28,Stewart,Television,Y,Y,44,0 days 00:00:39,4
ID0636,11-01-2015 14:28,Martha,Washing Machine,Y,Y,48,0 days 00:04:41,3
ID0637,11-01-2015 14:32,Martha,Fridge,Y,Y,60,0 days 00:00:59,3
ID0638,11-01-2015 14:32,Diane,Television,N,N,0,0 days 00:00:00,0
ID0639,11-01-2015 14:57,Jim,Air Conditioner,Y,Y,120,0 days 00:03:21,2
ID0640,11-01-2015 14:57,Stewart,Fridge,Y,Y,61,0 days 00:04:26,2
ID0641,11-01-2015 15:12,Greg,Air Conditioner,Y,Y,103,0 days 00:06:25,4
ID0642,11-01-2015 15:12,Becky,Washing Machine,N,N,0,0 days 00:00:00,0
ID0643,11-01-2015 15:37,Jim,Toaster,Y,Y,32,0 days 00:03:01,2
ID0644,11-01-2015 15:37,Joe,Fridge,N,N,0,0 days 00:00:00,0
ID0645,11-01-2015 15:59,Jim,Air Conditioner,Y,Y,53,0 days 00:04:37,1
ID0646,11-01-2015 15:59,Diane,Television,Y,Y,40,0 days 00:02:56,5
ID0647,11-01-2015 16:17,Stewart,Washing Machine,Y,N,58,0 days 00:03:14,3
ID0648,11-01-2015 16:17,Stewart,Air Conditioner,Y,Y,92,0 days 00:02:27,2
ID0649,11-01-2015 16:43,Diane,Toaster,N,N,0,0 days 00:00:00,0
ID0650,11-01-2015 16:43,Dan,Television,Y,Y,124,0 days 00:00:49,5
ID0651,11-01-2015 17:06,Jim,Fridge,Y,Y,59,0 days 00:04:30,3
ID0652,11-01-2015 17:06,Greg,Television,Y,Y,44,0 days 00:05:02,1
ID0653,11-01-2015 17:22,Jim,Fridge,Y,Y,42,0 days 00:03:38,2
ID0654,11-01-2015 17:22,Stewart,Toaster,Y,Y,21,0 days 00:04:46,5
ID0655,11-01-2015 17:41,Stewart,Washing Machine,Y,Y,69,0 days 00:00:32,4
ID0656,11-01-2015 17:41,Stewart,Toaster,Y,Y,46,0 days 00:00:53,1
ID0657,11-01-2015 17:41,Martha,Toaster,Y,Y,24,0 days 00:06:01,5
ID0658,11-01-2015 17:41,Stewart,Television,Y,Y,101,0 days 00:04:45,2
ID0659,11-01-2015 17:48,Becky,Toaster,Y,Y,121,0 days 00:01:21,5
ID0660,11-01-2015 17:48,Stewart,Fridge,Y,Y,61,0 days 00:01:11,3
ID0661,11-01-2015 17:49,Becky,Washing Machine,Y,Y,45,0 days 00:01:20,4
ID0662,11-01-2015 17:49,Becky,Toaster,Y,Y,40,0 days 00:02:01,5
ID0663,12-01-2015 09:51,Dan,Air Conditioner,Y,Y,94,0 days 00:00:56,4
ID0664,12-01-2015 09:51,Greg,Television,Y,Y,85,0 days 00:05:14,5
ID0665,12-01-2015 09:57,Jim,Toaster,Y,Y,22,0 days 00:04:38,3
ID0666,12-01-2015 09:57,Becky,Washing Machine,Y,Y,119,0 days 00:06:51,5
ID0667,12-01-2015 10:12,Becky,Toaster,Y,Y,13,0 days 00:02:21,4
ID0668,12-01-2015 10:12,Martha,Washing Machine,Y,Y,60,0 days 00:04:20,4
ID0669,12-01-2015 10:16,Diane,Fridge,N,N,0,0 days 00:00:00,0
ID0670,12-01-2015 10:16,Jim,Toaster,Y,Y,29,0 days 00:06:03,1
ID0671,12-01-2015 10:39,Diane,Toaster,Y,N,41,0 days 00:05:47,5
ID0672,12-01-2015 10:39,Martha,Washing Machine,Y,Y,87,0 days 00:05:40,5
ID0673,12-01-2015 10:48,Jim,Washing Machine,Y,Y,77,0 days 00:04:28,5
ID0674,12-01-2015 10:48,Jim,Toaster,N,N,0,0 days 00:00:00,0
ID0675,12-01-2015 10:49,Dan,Fridge,Y,Y,30,0 days 00:02:46,4
ID0676,12-01-2015 10:49,Stewart,Toaster,N,N,0,0 days 00:00:00,0
ID0677,12-01-2015 11:06,Jim,Toaster,Y,Y,81,0 days 00:05:30,3
ID0678,12-01-2015 11:06,Stewart,Washing Machine,Y,Y,76,0 days 00:02:22,4
ID0679,12-01-2015 11:41,Diane,Washing Machine,N,N,0,0 days 00:00:00,0
ID0680,12-01-2015 11:41,Greg,Washing Machine,Y,Y,79,0 days 00:03:25,4
ID0681,12-01-2015 12:04,Joe,Fridge,Y,Y,114,0 days 00:05:30,3
ID0682,12-01-2015 12:04,Greg,Washing Machine,Y,Y,15,0 days 00:07:00,2
ID0683,12-01-2015 13:03,Becky,Television,Y,Y,43,0 days 00:03:20,4
ID0684,12-01-2015 13:03,Stewart,Air Conditioner,Y,Y,26,0 days 00:06:28,1
ID0685,12-01-2015 13:30,Greg,Air Conditioner,Y,Y,57,0 days 00:03:32,2
ID0686,12-01-2015 13:30,Stewart,Washing Machine,Y,Y,86,0 days 00:02:34,3
ID0687,12-01-2015 13:37,Diane,Toaster,Y,Y,110,0 days 00:04:46,3
ID0688,12-01-2015 13:37,Becky,Washing Machine,Y,Y,43,0 days 00:04:50,2
ID0689,12-01-2015 13:42,Martha,Air Conditioner,N,N,0,0 days 00:00:00,0
ID0690,12-01-2015 13:42,Martha,Fridge,N,N,0,0 days 00:00:00,0
ID0691,12-01-2015 14:12,Joe,Air Conditioner,Y,Y,105,0 days 00:03:01,2
ID0692,12-01-2015 14:12,Diane,Air Conditioner,N,N,0,0 days 00:00:00,0
ID0693,12-01-2015 14:51,Greg,Fridge,Y,Y,79,0 days 00:00:48,4
ID0694,12-01-2015 14:51,Jim,Toaster,Y,N,42,0 days 00:03:28,3
ID0695,12-01-2015 15:08,Jim,Washing Machine,Y,N,100,0 days 00:00:57,4
ID0696,12-01-2015 15:08,Greg,Television,Y,Y,107,0 days 00:06:28,4
ID0697,12-01-2015 15:23,Martha,Toaster,Y,Y,96,0 days 00:03:47,5
ID0698,12-01-2015 15:23,Greg,Television,Y,N,116,0 days 00:04:15,5
ID0699,12-01-2015 15:47,Martha,Air Conditioner,Y,Y,54,0 days 00:02:54,3
ID0700,12-01-2015 15:47,Diane,Television,Y,Y,24,0 days 00:06:25,4
ID0701,12-01-2015 15:51,Dan,Washing Machine,Y,Y,52,0 days 00:02:56,5
ID0702,12-01-2015 15:51,Dan,Washing Machine,Y,Y,77,0 days 00:00:51,3
ID0703,12-01-2015 16:12,Diane,Fridge,Y,Y,91,0 days 00:01:40,3
ID0704,12-01-2015 16:12,Dan,Television,Y,N,104,0 days 00:01:44,3
ID0705,12-01-2015 16:45,Joe,Air Conditioner,Y,Y,111,0 days 00:02:36,3
ID0706,12-01-2015 16:45,Becky,Air Conditioner,N,N,0,0 days 00:00:00,0
ID0707,12-01-2015 16:46,Jim,Toaster,Y,Y,55,0 days 00:05:08,4
ID0708,12-01-2015 16:46,Stewart,Fridge,N,N,0,0 days 00:00:00,0
ID0709,12-01-2015 16:49,Joe,Washing Machine,Y,Y,124,0 days 00:05:26,4
ID0710,12-01-2015 16:49,Martha,Toaster,Y,Y,68,0 days 00:04:37,3
ID0711,12-01-2015 16:50,Dan,Air Conditioner,Y,N,40,0 days 00:04:33,3
ID0712,12-01-2015 16:50,Stewart,Toaster,Y,Y,119,0 days 00:02:35,4
ID0713,12-01-2015 16:52,Dan,Toaster,Y,Y,42,0 days 00:00:55,1
ID0714,12-01-2015 16:52,Joe,Fridge,Y,Y,30,0 days 00:03:55,4
ID0715,12-01-2015 17:06,Jim,Fridge,Y,Y,79,0 days 00:04:21,4
ID0716,12-01-2015 17:06,Becky,Washing Machine,Y,Y,44,0 days 00:06:56,1
ID0717,12-01-2015 18:00,Jim,Television,Y,Y,71,0 days 00:02:00,3
ID0718,12-01-2015 18:00,Greg,Television,N,N,0,0 days 00:00:00,0
ID0719,13-01-2015 09:21,Joe,Fridge,Y,Y,21,0 days 00:06:25,5
ID0720,13-01-2015 09:21,Jim,Air Conditioner,Y,Y,122,0 days 00:04:48,4
ID0721,13-01-2015 09:44,Becky,Air Conditioner,N,N,0,0 days 00:00:00,0
ID0722,13-01-2015 09:44,Becky,Fridge,Y,Y,62,0 days 00:02:25,3
ID0723,13-01-2015 09:46,Stewart,Washing Machine,Y,N,37,0 days 00:02:42,5
ID0724,13-01-2015 09:46,Diane,Washing Machine,Y,Y,112,0 days 00:06:57,2
ID0725,13-01-2015 09:56,Jim,Washing Machine,Y,Y,40,0 days 00:03:24,2
ID0726,13-01-2015 09:56,Joe,Television,Y,N,50,0 days 00:01:53,5
ID0727,13-01-2015 10:37,Dan,Television,Y,Y,88,0 days 00:04:10,4
ID0728,13-01-2015 10:37,Dan,Fridge,Y,Y,97,0 days 00:00:52,3
ID0729,13-01-2015 11:06,Diane,Toaster,N,N,0,0 days 00:00:00,0
ID0730,13-01-2015 11:06,Becky,Television,Y,Y,110,0 days 00:04:43,4
ID0731,13-01-2015 11:09,Martha,Television,N,N,0,0 days 00:00:00,0
ID0732,13-01-2015 11:09,Jim,Air Conditioner,Y,Y,104,0 days 00:03:24,5
ID0733,13-01-2015 11:45,Stewart,Washing Machine,Y,N,79,0 days 00:04:58,3
ID0734,13-01-2015 11:45,Becky,Toaster,Y,Y,70,0 days 00:01:31,3
ID0735,13-01-2015 11:54,Greg,Fridge,N,N,0,0 days 00:00:00,0
ID0736,13-01-2015 11:54,Joe,Television,Y,Y,70,0 days 00:05:39,1
ID0737,13-01-2015 12:31,Martha,Washing Machine,Y,Y,33,0 days 00:00:52,3
ID0738,13-01-2015 12:31,Joe,Toaster,Y,Y,124,0 days 00:00:54,4
ID0739,13-01-2015 12:37,Diane,Toaster,Y,Y,77,0 days 00:02:04,3
ID0740,13-01-2015 12:37,Dan,Television,Y,Y,33,0 days 00:06:21,3
ID0741,13-01-2015 12:40,Jim,Washing Machine,Y,Y,96,0 days 00:01:07,5
ID0742,13-01-2015 12:40,Becky,Television,N,N,0,0 days 00:00:00,0
ID0743,13-01-2015 14:02,Joe,Toaster,Y,Y,69,0 days 00:03:48,5
ID0744,13-01-2015 14:02,Dan,Fridge,Y,Y,58,0 days 00:06:32,4
ID0745,13-01-2015 14:26,Martha,Fridge,Y,N,112,0 days 00:00:40,3
ID0746,13-01-2015 14:26,Jim,Air Conditioner,Y,Y,61,0 days 00:04:23,3
ID0747,13-01-2015 14:48,Dan,Fridge,Y,Y,89,0 days 00:03:12,3
ID0748,13-01-2015 14:48,Becky,Toaster,Y,Y,84,0 days 00:03:12,5
ID0749,13-01-2015 15:14,Diane,Air Conditioner,Y,Y,53,0 days 00:03:36,3
ID0750,13-01-2015 15:14,Becky,Television,Y,Y,73,0 days 00:01:34,3
ID0751,13-01-2015 15:27,Stewart,Washing Machine,Y,Y,12,0 days 00:02:11,2
ID0752,13-01-2015 15:27,Martha,Fridge,Y,Y,90,0 days 00:06:32,4
ID0753,13-01-2015 15:34,Stewart,Air Conditioner,N,N,0,0 days 00:00:00,0
ID0754,13-01-2015 15:34,Dan,Air Conditioner,Y,Y,23,0 days 00:04:13,5
ID0755,13-01-2015 15:40,Greg,Fridge,Y,Y,98,0 days 00:05:08,5
ID0756,13-01-2015 15:40,Diane,Washing Machine,Y,Y,28,0 days 00:01:03,2
ID0757,13-01-2015 17:58,Diane,Air Conditioner,Y,Y,123,0 days 00:04:28,3
ID0758,13-01-2015 17:58,Becky,Washing Machine,Y,Y,82,0 days 00:02:30,5
ID0759,14-01-2015 09:02,Martha,Air Conditioner,Y,Y,57,0 days 00:04:48,4
ID0760,14-01-2015 09:02,Stewart,Television,Y,Y,14,0 days 00:01:11,5
ID0761,14-01-2015 09:14,Joe,Air Conditioner,Y,Y,114,0 days 00:00:37,4
ID0762,14-01-2015 09:14,Jim,Toaster,Y,Y,53,0 days 00:04:21,5
ID0763,14-01-2015 09:17,Jim,Air Conditioner,N,N,0,0 days 00:00:00,0
ID0764,14-01-2015 09:17,Dan,Air Conditioner,Y,Y,25,0 days 00:04:33,4
ID0765,14-01-2015 09:24,Greg,Fridge,Y,Y,86,0 days 00:03:20,2
ID0766,14-01-2015 09:24,Jim,Toaster,Y,Y,51,0 days 00:02:08,4
ID0767,14-01-2015 10:01,Stewart,Air Conditioner,Y,Y,31,0 days 00:00:56,4
ID0768,14-01-2015 10:01,Dan,Television,N,N,0,0 days 00:00:00,0
ID0769,14-01-2015 10:53,Martha,Toaster,Y,Y,124,0 days 00:05:04,4
ID0770,14-01-2015 10:53,Jim,Television,Y,Y,116,0 days 00:06:48,2
ID0771,14-01-2015 11:19,Becky,Washing Machine,Y,Y,41,0 days 00:04:03,2
ID0772,14-01-2015 11:19,Greg,Washing Machine,Y,Y,53,0 days 00:04:38,2
ID0773,14-01-2015 11:32,Martha,Air Conditioner,Y,Y,85,0 days 00:02:04,4
ID0774,14-01-2015 11:32,Joe,Television,Y,Y,18,0 days 00:04:38,5
ID0775,14-01-2015 11:35,Stewart,Toaster,Y,Y,17,0 days 00:04:13,4
ID0776,14-01-2015 11:35,Joe,Air Conditioner,Y,Y,102,0 days 00:02:58,4
ID0777,14-01-2015 12:01,Jim,Air Conditioner,Y,Y,26,0 days 00:06:41,1
ID0778,14-01-2015 12:01,Joe,Toaster,Y,Y,107,0 days 00:06:22,3
ID0779,14-01-2015 12:05,Greg,Air Conditioner,N,N,0,0 days 00:00:00,0
ID0780,14-01-2015 12:05,Greg,Television,Y,Y,35,0 days 00:04:24,5
ID0781,14-01-2015 12:11,Joe,Air Conditioner,Y,Y,100,0 days 00:05:24,2
ID0782,14-01-2015 12:11,Diane,Fridge,Y,Y,12,0 days 00:06:19,4
ID0783,14-01-2015 12:33,Jim,Toaster,Y,Y,43,0 days 00:03:54,4
ID0784,14-01-2015 12:33,Becky,Toaster,Y,Y,68,0 days 00:01:49,4
ID0785,14-01-2015 12:43,Joe,Television,Y,Y,81,0 days 00:01:55,3
ID0786,14-01-2015 12:43,Martha,Washing Machine,Y,N,49,0 days 00:06:21,5
ID0787,14-01-2015 13:01,Dan,Air Conditioner,Y,Y,101,0 days 00:06:10,3
ID0788,14-01-2015 13:01,Joe,Washing Machine,Y,Y,72,0 days 00:05:58,3
ID0789,14-01-2015 13:30,Martha,Air Conditioner,Y,Y,18,0 days 00:01:50,3
ID0790,14-01-2015 13:30,Diane,Washing Machine,Y,Y,86,0 days 00:04:33,5
ID0791,14-01-2015 13:35,Dan,Fridge,Y,Y,109,0 days 00:00:38,4
ID0792,14-01-2015 13:35,Martha,Air Conditioner,N,N,0,0 days 00:00:00,0
ID0793,14-01-2015 14:09,Martha,Fridge,Y,Y,32,0 days 00:04:12,2
ID0794,14-01-2015 14:09,Dan,Washing Machine,Y,Y,68,0 days 00:05:15,3
ID0795,14-01-2015 14:38,Joe,Air Conditioner,Y,Y,10,0 days 00:06:57,4
ID0796,14-01-2015 14:38,Jim,Toaster,Y,Y,76,0 days 00:04:47,5
ID0797,14-01-2015 14:57,Dan,Toaster,Y,Y,124,0 days 00:06:33,3
ID0798,14-01-2015 14:57,Becky,Air Conditioner,Y,Y,28,0 days 00:04:12,3
ID0799,14-01-2015 15:20,Becky,Television,Y,Y,107,0 days 00:01:39,4
ID0800,14-01-2015 15:20,Martha,Fridge,N,N,0,0 days 00:00:00,0
ID0801,14-01-2015 15:51,Diane,Television,N,N,0,0 days 00:00:00,0
ID0802,14-01-2015 15:51,Martha,Fridge,N,N,0,0 days 00:00:00,0
ID0803,14-01-2015 15:54,Stewart,Television,N,N,0,0 days 00:00:00,0
ID0804,14-01-2015 15:54,Joe,Air Conditioner,N,N,0,0 days 00:00:00,0
ID0805,14-01-2015 16:27,Diane,Washing Machine,Y,Y,21,0 days 00:01:40,4
ID0806,14-01-2015 16:27,Dan,Television,Y,Y,66,0 days 00:05:43,2
ID0807,14-01-2015 16:39,Becky,Air Conditioner,N,N,0,0 days 00:00:00,0
ID0808,14-01-2015 16:39,Greg,Television,Y,Y,19,0 days 00:06:32,3
ID0809,14-01-2015 17:19,Greg,Washing Machine,Y,Y,100,0 days 00:05:59,4
ID0810,14-01-2015 17:19,Jim,Air Conditioner,Y,Y,108,0 days 00:06:24,4
ID0811,14-01-2015 17:22,Stewart,Air Conditioner,Y,Y,123,0 days 00:04:35,1
ID0812,14-01-2015 17:22,Greg,Washing Machine,N,N,0,0 days 00:00:00,0
ID0813,14-01-2015 17:32,Dan,Washing Machine,Y,Y,76,0 days 00:02:07,2
ID0814,14-01-2015 17:32,Joe,Washing Machine,Y,Y,78,0 days 00:01:33,2
ID0815,14-01-2015 17:32,Becky,Television,Y,Y,17,0 days 00:02:33,1
ID0816,14-01-2015 17:32,Diane,Television,Y,Y,60,0 days 00:04:13,4
ID0817,15-01-2015 09:40,Jim,Washing Machine,Y,Y,76,0 days 00:01:47,3
ID0818,15-01-2015 09:40,Greg,Washing Machine,Y,Y,80,0 days 00:04:02,4
ID0819,15-01-2015 09:40,Greg,Fridge,Y,N,20,0 days 00:05:37,4
ID0820,15-01-2015 09:40,Becky,Fridge,Y,Y,82,0 days 00:06:22,3
ID0821,15-01-2015 09:50,Stewart,Air Conditioner,Y,Y,33,0 days 00:05:52,3
ID0822,15-01-2015 09:50,Stewart,Fridge,Y,Y,93,0 days 00:01:56,3
ID0823,15-01-2015 10:56,Diane,Television,Y,Y,29,0 days 00:03:00,4
ID0824,15-01-2015 10:56,Martha,Fridge,Y,Y,83,0 days 00:06:53,4
ID0825,15-01-2015 11:31,Stewart,Toaster,Y,Y,113,0 days 00:02:01,4
ID0826,15-01-2015 11:31,Stewart,Fridge,Y,Y,21,0 days 00:03:26,4
ID0827,15-01-2015 11:38,Becky,Fridge,Y,N,82,0 days 00:02:40,4
ID0828,15-01-2015 11:38,Diane,Television,Y,Y,91,0 days 00:03:47,3
ID0829,15-01-2015 11:45,Dan,Air Conditioner,Y,Y,111,0 days 00:00:40,4
ID0830,15-01-2015 11:45,Martha,Fridge,Y,Y,70,0 days 00:05:13,4
ID0831,15-01-2015 13:46,Dan,Air Conditioner,N,N,0,0 days 00:00:00,0
ID0832,15-01-2015 13:46,Joe,Television,Y,Y,58,0 days 00:04:19,4
ID0833,15-01-2015 13:53,Jim,Television,Y,Y,10,0 days 00:05:27,4
ID0834,15-01-2015 13:53,Becky,Toaster,Y,Y,77,0 days 00:03:00,1
ID0835,15-01-2015 14:08,Diane,Television,Y,Y,92,0 days 00:03:59,4
ID0836,15-01-2015 14:08,Jim,Fridge,Y,Y,59,0 days 00:02:09,1
ID0837,15-01-2015 14:13,Diane,Fridge,Y,Y,42,0 days 00:04:19,2
ID0838,15-01-2015 14:13,Greg,Toaster,Y,Y,110,0 days 00:04:32,3
ID0839,15-01-2015 15:01,Jim,Washing Machine,Y,Y,21,0 days 00:01:32,5
ID0840,15-01-2015 15:01,Diane,Toaster,N,N,0,0 days 00:00:00,0
ID0841,15-01-2015 15:21,Diane,Air Conditioner,Y,N,60,0 days 00:03:28,4
ID0842,15-01-2015 15:21,Greg,Toaster,Y,Y,93,0 days 00:02:25,2
ID0843,15-01-2015 15:30,Greg,Washing Machine,N,N,0,0 days 00:00:00,0
ID0844,15-01-2015 15:30,Diane,Television,Y,Y,79,0 days 00:06:12,3
ID0845,15-01-2015 15:46,Diane,Air Conditioner,Y,Y,21,0 days 00:05:57,5
ID0846,15-01-2015 15:46,Stewart,Washing Machine,Y,Y,102,0 days 00:02:46,5
ID0847,15-01-2015 16:06,Joe,Toaster,Y,N,10,0 days 00:01:18,5
ID0848,15-01-2015 16:06,Stewart,Air Conditioner,Y,Y,117,0 days 00:00:41,4
ID0849,15-01-2015 16:37,Becky,Washing Machine,Y,Y,45,0 days 00:06:53,3
ID0850,15-01-2015 16:37,Greg,Fridge,Y,N,50,0 days 00:01:01,3
ID0851,15-01-2015 16:40,Becky,Fridge,Y,Y,42,0 days 00:02:48,3
ID0852,15-01-2015 16:40,Jim,Washing Machine,Y,Y,86,0 days 00:06:03,3
ID0853,15-01-2015 16:43,Jim,Washing Machine,Y,Y,92,0 days 00:04:43,5
ID0854,15-01-2015 16:43,Diane,Television,Y,Y,54,0 days 00:05:39,5
ID0855,15-01-2015 17:21,Dan,Television,Y,Y,76,0 days 00:06:35,3
ID0856,15-01-2015 17:21,Greg,Fridge,Y,Y,49,0 days 00:01:59,5
ID0857,15-01-2015 17:38,Joe,Washing Machine,Y,Y,13,0 days 00:04:50,3
ID0858,15-01-2015 17:38,Becky,Toaster,N,N,0,0 days 00:00:00,0
ID0859,15-01-2015 17:41,Becky,Television,Y,Y,24,0 days 00:05:30,5
ID0860,15-01-2015 17:41,Becky,Television,Y,Y,71,0 days 00:02:39,3
ID0861,15-01-2015 18:00,Stewart,Fridge,Y,Y,42,0 days 00:06:13,3
ID0862,15-01-2015 18:00,Becky,Television,Y,Y,63,0 days 00:05:25,1
ID0863,16-01-2015 09:00,Becky,Air Conditioner,Y,N,19,0 days 00:00:36,5
ID0864,16-01-2015 09:00,Dan,Television,Y,Y,107,0 days 00:05:11,1
ID0865,16-01-2015 10:20,Dan,Air Conditioner,N,N,0,0 days 00:00:00,0
ID0866,16-01-2015 10:20,Martha,Fridge,Y,Y,85,0 days 00:05:21,4
ID0867,16-01-2015 10:30,Diane,Air Conditioner,Y,Y,15,0 days 00:01:09,2
ID0868,16-01-2015 10:30,Becky,Air Conditioner,Y,Y,111,0 days 00:06:45,5
ID0869,16-01-2015 10:52,Diane,Washing Machine,Y,Y,23,0 days 00:01:01,4
ID0870,16-01-2015 10:52,Dan,Toaster,Y,Y,115,0 days 00:00:36,3
ID0871,16-01-2015 11:08,Jim,Air Conditioner,Y,Y,83,0 days 00:00:52,3
ID0872,16-01-2015 11:08,Greg,Fridge,N,N,0,0 days 00:00:00,0
ID0873,16-01-2015 12:14,Becky,Television,N,N,0,0 days 00:00:00,0
ID0874,16-01-2015 12:14,Greg,Air Conditioner,Y,Y,50,0 days 00:06:29,3
ID0875,16-01-2015 12:28,Becky,Toaster,Y,Y,19,0 days 00:01:23,3
ID0876,16-01-2015 12:28,Diane,Washing Machine,Y,N,107,0 days 00:03:36,4
ID0877,16-01-2015 12:44,Joe,Fridge,Y,N,121,0 days 00:03:49,3
ID0878,16-01-2015 12:44,Dan,Toaster,Y,Y,55,0 days 00:05:07,3
ID0879,16-01-2015 12:56,Becky,Television,Y,Y,92,0 days 00:01:19,2
ID0880,16-01-2015 12:56,Stewart,Fridge,Y,N,24,0 days 00:05:48,3
ID0881,16-01-2015 13:03,Martha,Air Conditioner,N,N,0,0 days 00:00:00,0
ID0882,16-01-2015 13:03,Jim,Television,Y,Y,58,0 days 00:02:18,5
ID0883,16-01-2015 13:35,Dan,Air Conditioner,N,N,0,0 days 00:00:00,0
ID0884,16-01-2015 13:35,Stewart,Toaster,N,N,0,0 days 00:00:00,0
ID0885,16-01-2015 13:36,Greg,Television,Y,Y,28,0 days 00:06:55,4
ID0886,16-01-2015 13:36,Joe,Air Conditioner,Y,Y,30,0 days 00:06:49,4
ID0887,16-01-2015 14:02,Greg,Fridge,Y,Y,84,0 days 00:02:42,3
ID0888,16-01-2015 14:02,Jim,Air Conditioner,Y,Y,78,0 days 00:04:57,2
ID0889,16-01-2015 14:11,Jim,Fridge,Y,Y,122,0 days 00:01:05,3
ID0890,16-01-2015 14:11,Diane,Washing Machine,Y,Y,26,0 days 00:01:11,1
ID0891,16-01-2015 14:25,Jim,Air Conditioner,Y,Y,95,0 days 00:00:57,3
ID0892,16-01-2015 14:25,Stewart,Air Conditioner,Y,Y,45,0 days 00:01:48,4
ID0893,16-01-2015 14:39,Diane,Air Conditioner,N,N,0,0 days 00:00:00,0
ID0894,16-01-2015 14:39,Diane,Washing Machine,N,N,0,0 days 00:00:00,0
ID0895,16-01-2015 14:49,Dan,Television,Y,N,76,0 days 00:06:40,3
ID0896,16-01-2015 14:49,Martha,Television,Y,N,97,0 days 00:01:36,4
ID0897,16-01-2015 15:24,Stewart,Air Conditioner,N,N,0,0 days 00:00:00,0
ID0898,16-01-2015 15:24,Stewart,Washing Machine,Y,Y,22,0 days 00:02:57,3
ID0899,16-01-2015 15:30,Becky,Television,Y,N,55,0 days 00:00:52,3
ID0900,16-01-2015 15:30,Joe,Toaster,Y,N,64,0 days 00:01:08,4
ID0901,16-01-2015 15:47,Greg,Television,Y,Y,87,0 days 00:01:13,3
ID0902,16-01-2015 15:47,Stewart,Air Conditioner,N,N,0,0 days 00:00:00,0
ID0903,16-01-2015 15:53,Martha,Television,Y,Y,79,0 days 00:04:00,4
ID0904,16-01-2015 15:53,Becky,Washing Machine,Y,Y,33,0 days 00:05:02,4
ID0905,16-01-2015 16:35,Joe,Air Conditioner,Y,Y,114,0 days 00:05:22,4
ID0906,16-01-2015 16:35,Stewart,Air Conditioner,Y,Y,112,0 days 00:00:54,5
ID0907,16-01-2015 16:36,Becky,Air Conditioner,Y,Y,61,0 days 00:06:14,3
ID0908,16-01-2015 16:36,Jim,Air Conditioner,N,N,0,0 days 00:00:00,0
ID0909,16-01-2015 16:52,Jim,Toaster,Y,N,58,0 days 00:04:31,2
ID0910,16-01-2015 16:52,Becky,Television,Y,Y,13,0 days 00:02:05,3
ID0911,16-01-2015 17:42,Stewart,Washing Machine,Y,Y,36,0 days 00:03:58,4
ID0912,16-01-2015 17:42,Greg,Washing Machine,Y,Y,48,0 days 00:03:38,3
ID0913,16-01-2015 17:57,Stewart,Toaster,Y,Y,99,0 days 00:00:33,5
ID0914,16-01-2015 17:57,Joe,Air Conditioner,Y,Y,78,0 days 00:01:47,3
ID0915,16-01-2015 17:58,Greg,Television,Y,Y,82,0 days 00:02:52,4
ID0916,16-01-2015 17:58,Becky,Fridge,N,N,0,0 days 00:00:00,0
ID0917,16-01-2015 18:00,Stewart,Television,Y,Y,19,0 days 00:01:43,5
ID0918,16-01-2015 18:00,Becky,Television,Y,Y,34,0 days 00:06:45,4
ID0919,17-01-2015 09:51,Becky,Air Conditioner,Y,Y,89,0 days 00:03:11,3
ID0920,17-01-2015 09:51,Martha,Washing Machine,Y,Y,116,0 days 00:06:18,4
ID0921,17-01-2015 10:32,Martha,Television,Y,Y,88,0 days 00:04:03,4
ID0922,17-01-2015 10:32,Stewart,Television,Y,Y,15,0 days 00:03:04,3
ID0923,17-01-2015 11:42,Martha,Washing Machine,Y,Y,59,0 days 00:02:17,5
ID0924,17-01-2015 11:42,Greg,Washing Machine,N,N,0,0 days 00:00:00,0
ID0925,17-01-2015 11:42,Martha,Washing Machine,Y,Y,125,0 days 00:03:09,2
ID0926,17-01-2015 11:42,Greg,Television,Y,Y,88,0 days 00:04:06,4
ID0927,17-01-2015 11:45,Jim,Television,Y,Y,20,0 days 00:04:39,5
ID0928,17-01-2015 11:45,Stewart,Washing Machine,Y,Y,64,0 days 00:05:46,3
ID0929,17-01-2015 12:38,Jim,Television,N,N,0,0 days 00:00:00,0
ID0930,17-01-2015 12:38,Stewart,Fridge,Y,Y,111,0 days 00:02:19,5
ID0931,17-01-2015 12:44,Joe,Fridge,N,N,0,0 days 00:00:00,0
ID0932,17-01-2015 12:44,Jim,Air Conditioner,N,N,0,0 days 00:00:00,0
ID0933,17-01-2015 13:29,Joe,Air Conditioner,Y,Y,40,0 days 00:03:01,4
ID0934,17-01-2015 13:29,Martha,Air Conditioner,Y,Y,35,0 days 00:03:07,2
ID0935,17-01-2015 13:30,Martha,Washing Machine,Y,Y,106,0 days 00:02:47,5
ID0936,17-01-2015 13:30,Diane,Toaster,Y,Y,97,0 days 00:02:39,2
ID0937,17-01-2015 13:36,Diane,Washing Machine,Y,Y,67,0 days 00:01:51,3
ID0938,17-01-2015 13:36,Stewart,Washing Machine,Y,Y,98,0 days 00:01:16,5
ID0939,17-01-2015 13:53,Joe,Washing Machine,Y,Y,120,0 days 00:02:20,4
ID0940,17-01-2015 13:53,Becky,Air Conditioner,Y,Y,91,0 days 00:00:45,5
ID0941,17-01-2015 14:00,Martha,Toaster,Y,Y,22,0 days 00:04:53,5
ID0942,17-01-2015 14:00,Diane,Television,Y,N,113,0 days 00:02:45,2
ID0943,17-01-2015 14:18,Diane,Television,N,N,0,0 days 00:00:00,0
ID0944,17-01-2015 14:18,Jim,Toaster,Y,Y,60,0 days 00:01:58,4
ID0945,17-01-2015 14:28,Diane,Toaster,Y,Y,97,0 days 00:02:35,5
ID0946,17-01-2015 14:28,Becky,Television,Y,Y,118,0 days 00:00:52,4
ID0947,17-01-2015 14:31,Dan,Air Conditioner,Y,Y,19,0 days 00:01:21,5
ID0948,17-01-2015 14:31,Stewart,Washing Machine,N,N,0,0 days 00:00:00,0
ID0949,17-01-2015 15:00,Greg,Television,N,N,0,0 days 00:00:00,0
ID0950,17-01-2015 15:00,Dan,Television,Y,Y,124,0 days 00:06:18,4
ID0951,17-01-2015 15:01,Dan,Toaster,Y,Y,53,0 days 00:05:11,2
ID0952,17-01-2015 15:01,Diane,Fridge,Y,Y,61,0 days 00:00:38,5
ID0953,17-01-2015 15:21,Joe,Washing Machine,Y,Y,18,0 days 00:00:46,1
ID0954,17-01-2015 15:21,Greg,Fridge,Y,Y,80,0 days 00:01:16,3
ID0955,17-01-2015 16:22,Stewart,Air Conditioner,Y,Y,47,0 days 00:04:08,4
ID0956,17-01-2015 16:22,Stewart,Toaster,Y,Y,101,0 days 00:05:20,2
ID0957,17-01-2015 16:24,Joe,Television,Y,Y,71,0 days 00:05:40,3
ID0958,17-01-2015 16:24,Martha,Air Conditioner,Y,Y,44,0 days 00:04:07,4
ID0959,17-01-2015 16:29,Becky,Toaster,Y,Y,14,0 days 00:03:00,4
ID0960,17-01-2015 16:29,Martha,Toaster,N,N,0,0 days 00:00:00,0
ID0961,17-01-2015 17:06,Jim,Washing Machine,Y,Y,44,0 days 00:02:40,2
ID0962,17-01-2015 17:06,Diane,Fridge,Y,Y,97,0 days 00:06:46,4
ID0963,17-01-2015 17:16,Becky,Television,N,N,0,0 days 00:00:00,0
ID0964,17-01-2015 17:16,Diane,Fridge,Y,N,91,0 days 00:04:09,3
ID0965,17-01-2015 17:21,Dan,Toaster,Y,Y,48,0 days 00:03:13,3
ID0966,17-01-2015 17:21,Greg,Washing Machine,Y,Y,45,0 days 00:01:39,3
ID0967,17-01-2015 17:54,Becky,Fridge,Y,Y,60,0 days 00:02:00,5
ID0968,17-01-2015 17:54,Jim,Television,Y,Y,85,0 days 00:05:32,4
ID0969,18-01-2015 09:24,Joe,Fridge,Y,Y,53,0 days 00:06:06,4
ID0970,18-01-2015 09:24,Greg,Washing Machine,Y,N,27,0 days 00:06:14,5
ID0971,18-01-2015 09:24,Joe,Fridge,Y,Y,30,0 days 00:04:03,3
ID0972,18-01-2015 09:24,Dan,Washing Machine,N,N,0,0 days 00:00:00,0
ID0973,18-01-2015 09:31,Jim,Fridge,Y,Y,113,0 days 00:03:01,5
ID0974,18-01-2015 09:31,Jim,Air Conditioner,N,N,0,0 days 00:00:00,0
ID0975,18-01-2015 09:36,Diane,Fridge,N,N,0,0 days 00:00:00,0
ID0976,18-01-2015 09:36,Jim,Television,Y,Y,80,0 days 00:06:57,4
ID0977,18-01-2015 10:16,Stewart,Washing Machine,Y,Y,45,0 days 00:07:00,5
ID0978,18-01-2015 10:16,Joe,Fridge,Y,Y,95,0 days 00:02:16,1
ID0979,18-01-2015 11:28,Martha,Television,N,N,0,0 days 00:00:00,0
ID0980,18-01-2015 11:28,Dan,Toaster,Y,Y,33,0 days 00:01:28,3
ID0981,18-01-2015 11:47,Stewart,Toaster,N,N,0,0 days 00:00:00,0
ID0982,18-01-2015 11:47,Jim,Television,Y,Y,90,0 days 00:06:47,3
ID0983,18-01-2015 11:51,Greg,Toaster,Y,Y,90,0 days 00:02:14,3
ID0984,18-01-2015 11:51,Jim,Television,Y,N,57,0 days 00:04:10,1
ID0985,18-01-2015 11:55,Becky,Fridge,Y,Y,123,0 days 00:05:50,2
ID0986,18-01-2015 11:55,Diane,Fridge,Y,Y,39,0 days 00:06:51,4
ID0987,18-01-2015 11:57,Greg,Air Conditioner,Y,N,38,0 days 00:02:16,5
ID0988,18-01-2015 11:57,Diane,Television,Y,Y,26,0 days 00:01:35,1
ID0989,18-01-2015 11:58,Diane,Washing Machine,Y,Y,43,0 days 00:02:34,3
ID0990,18-01-2015 11:58,Jim,Television,Y,Y,89,0 days 00:05:53,3
ID0991,18-01-2015 12:00,Jim,Washing Machine,Y,Y,121,0 days 00:05:24,3
ID0992,18-01-2015 12:00,Jim,Toaster,Y,Y,114,0 days 00:03:10,4
ID0993,18-01-2015 12:34,Stewart,Washing Machine,N,N,0,0 days 00:00:00,0
ID0994,18-01-2015 12:34,Dan,Air Conditioner,N,N,0,0 days 00:00:00,0
ID0995,18-01-2015 12:37,Becky,Television,N,N,0,0 days 00:00:00,0
ID0996,18-01-2015 12:37,Becky,Fridge,Y,N,101,0 days 00:04:36,3
ID0997,18-01-2015 12:38,Joe,Toaster,Y,Y,87,0 days 00:05:19,4
ID0998,18-01-2015 12:38,Greg,Fridge,Y,Y,22,0 days 00:06:02,5
ID0999,18-01-2015 12:41,Stewart,Television,Y,Y,19,0 days 00:03:57,2
ID1000,18-01-2015 12:41,Becky,Fridge,Y,Y,31,0 days 00:02:30,4
ID1001,18-01-2015 12:48,Martha,Toaster,Y,Y,24,0 days 00:06:03,4
ID1002,18-01-2015 12:48,Dan,Toaster,Y,N,94,0 days 00:04:42,4
ID1003,18-01-2015 13:10,Dan,Television,Y,Y,79,0 days 00:00:47,4
ID1004,18-01-2015 13:10,Jim,Air Conditioner,N,N,0,0 days 00:00:00,0
ID1005,18-01-2015 13:10,Martha,Fridge,Y,Y,87,0 days 00:04:40,4
ID1006,18-01-2015 13:10,Dan,Washing Machine,Y,N,65,0 days 00:06:04,4
ID1007,18-01-2015 14:58,Martha,Washing Machine,Y,Y,36,0 days 00:04:23,3
ID1008,18-01-2015 14:58,Joe,Air Conditioner,N,N,0,0 days 00:00:00,0
ID1009,18-01-2015 15:18,Stewart,Television,Y,Y,33,0 days 00:02:16,4
ID1010,18-01-2015 15:18,Becky,Washing Machine,N,N,0,0 days 00:00:00,0
ID1011,18-01-2015 15:50,Jim,Fridge,N,N,0,0 days 00:00:00,0
ID1012,18-01-2015 15:50,Greg,Television,Y,Y,24,0 days 00:03:15,5
ID1013,18-01-2015 16:12,Stewart,Fridge,Y,Y,32,0 days 00:03:40,5
ID1014,18-01-2015 16:12,Joe,Washing Machine,Y,N,24,0 days 00:03:46,4
ID1015,18-01-2015 16:49,Stewart,Air Conditioner,Y,Y,96,0 days 00:05:29,5
ID1016,18-01-2015 16:49,Joe,Air Conditioner,Y,Y,45,0 days 00:02:05,5
ID1017,18-01-2015 17:13,Jim,Fridge,Y,Y,16,0 days 00:05:09,1
ID1018,18-01-2015 17:13,Greg,Air Conditioner,Y,Y,75,0 days 00:06:56,5
ID1019,18-01-2015 17:18,Joe,Washing Machine,Y,Y,71,0 days 00:00:37,3
ID1020,18-01-2015 17:18,Stewart,Air Conditioner,Y,Y,47,0 days 00:02:17,3
ID1021,18-01-2015 17:18,Stewart,Fridge,Y,Y,54,0 days 00:04:48,3
ID1022,18-01-2015 17:18,Becky,Toaster,Y,Y,101,0 days 00:04:29,4
ID1023,18-01-2015 17:25,Martha,Television,Y,Y,46,0 days 00:02:07,3
ID1024,18-01-2015 17:25,Becky,Air Conditioner,Y,Y,45,0 days 00:06:55,3
ID1025,18-01-2015 17:26,Martha,Air Conditioner,Y,Y,45,0 days 00:05:25,4
ID1026,18-01-2015 17:26,Jim,Fridge,Y,Y,30,0 days 00:04:58,5
ID1027,18-01-2015 17:42,Greg,Air Conditioner,Y,Y,105,0 days 00:04:54,4
ID1028,18-01-2015 17:42,Jim,Toaster,Y,Y,102,0 days 00:04:54,4
ID1029,18-01-2015 17:55,Greg,Toaster,Y,Y,46,0 days 00:05:01,3
ID1030,18-01-2015 17:55,Stewart,Fridge,Y,Y,11,0 days 00:00:52,1
ID1031,19-01-2015 09:02,Dan,Toaster,Y,Y,125,0 days 00:06:03,3
ID1032,19-01-2015 09:02,Stewart,Fridge,Y,Y,112,0 days 00:01:53,3
ID1033,19-01-2015 09:15,Becky,Air Conditioner,Y,Y,14,0 days 00:01:56,3
ID1034,19-01-2015 09:15,Joe,Washing Machine,Y,N,10,0 days 00:04:43,4
ID1035,19-01-2015 09:18,Martha,Washing Machine,Y,Y,60,0 days 00:00:32,3
ID1036,19-01-2015 09:18,Diane,Television,Y,Y,59,0 days 00:05:02,5
ID1037,19-01-2015 09:36,Stewart,Air Conditioner,Y,Y,87,0 days 00:03:43,5
ID1038,19-01-2015 09:36,Martha,Washing Machine,Y,Y,111,0 days 00:03:06,5
ID1039,19-01-2015 09:44,Joe,Washing Machine,N,N,0,0 days 00:00:00,0
ID1040,19-01-2015 09:44,Becky,Toaster,Y,Y,10,0 days 00:03:11,2
ID1041,19-01-2015 10:13,Joe,Air Conditioner,N,N,0,0 days 00:00:00,0
ID1042,19-01-2015 10:13,Joe,Television,N,N,0,0 days 00:00:00,0
ID1043,19-01-2015 10:19,Greg,Toaster,Y,Y,116,0 days 00:05:48,5
ID1044,19-01-2015 10:19,Diane,Fridge,Y,N,89,0 days 00:03:20,3
ID1045,19-01-2015 10:33,Becky,Washing Machine,N,N,0,0 days 00:00:00,0
ID1046,19-01-2015 10:33,Joe,Washing Machine,Y,N,106,0 days 00:03:52,4
ID1047,19-01-2015 10:52,Stewart,Television,N,N,0,0 days 00:00:00,0
ID1048,19-01-2015 10:52,Martha,Television,Y,Y,81,0 days 00:01:27,4
ID1049,19-01-2015 11:25,Dan,Washing Machine,N,N,0,0 days 00:00:00,0
ID1050,19-01-2015 11:25,Jim,Fridge,Y,Y,96,0 days 00:05:39,5
ID1051,19-01-2015 11:44,Jim,Toaster,Y,Y,64,0 days 00:06:06,5
ID1052,19-01-2015 11:44,Jim,Washing Machine,Y,N,79,0 days 00:06:49,1
ID1053,19-01-2015 11:55,Jim,Toaster,Y,Y,98,0 days 00:02:23,1
ID1054,19-01-2015 11:55,Joe,Fridge,Y,Y,91,0 days 00:04:00,5
ID1055,19-01-2015 12:28,Martha,Television,N,N,0,0 days 00:00:00,0
ID1056,19-01-2015 12:28,Stewart,Washing Machine,Y,Y,84,0 days 00:06:44,2
ID1057,19-01-2015 12:40,Joe,Air Conditioner,Y,Y,47,0 days 00:05:58,5
ID1058,19-01-2015 12:40,Martha,Toaster,Y,Y,42,0 days 00:02:06,5
ID1059,19-01-2015 12:59,Dan,Television,Y,N,45,0 days 00:03:44,4
ID1060,19-01-2015 12:59,Dan,Air Conditioner,N,N,0,0 days 00:00:00,0
ID1061,19-01-2015 13:14,Jim,Toaster,Y,Y,19,0 days 00:01:36,5
ID1062,19-01-2015 13:14,Greg,Washing Machine,Y,Y,114,0 days 00:01:25,3
ID1063,19-01-2015 13:22,Jim,Fridge,Y,Y,94,0 days 00:00:57,5
ID1064,19-01-2015 13:22,Dan,Toaster,N,N,0,0 days 00:00:00,0
ID1065,19-01-2015 13:26,Diane,Television,Y,Y,99,0 days 00:02:16,5
ID1066,19-01-2015 13:26,Diane,Television,Y,Y,23,0 days 00:04:32,4
ID1067,19-01-2015 13:36,Greg,Air Conditioner,N,N,0,0 days 00:00:00,0
ID1068,19-01-2015 13:36,Dan,Fridge,Y,Y,80,0 days 00:04:52,5
ID1069,19-01-2015 13:37,Stewart,Toaster,Y,Y,18,0 days 00:05:19,3
ID1070,19-01-2015 13:37,Diane,Washing Machine,N,N,0,0 days 00:00:00,0
ID1071,19-01-2015 13:45,Martha,Toaster,Y,Y,104,0 days 00:03:33,4
ID1072,19-01-2015 13:45,Martha,Toaster,Y,Y,116,0 days 00:05:45,3
ID1073,19-01-2015 14:22,Stewart,Television,Y,Y,44,0 days 00:06:09,5
ID1074,19-01-2015 14:22,Joe,Toaster,Y,Y,91,0 days 00:06:43,4
ID1075,19-01-2015 15:00,Greg,Washing Machine,N,N,0,0 days 00:00:00,0
ID1076,19-01-2015 15:00,Martha,Air Conditioner,Y,Y,122,0 days 00:04:15,3
ID1077,19-01-2015 15:30,Becky,Television,Y,Y,103,0 days 00:02:49,3
ID1078,19-01-2015 15:30,Becky,Air Conditioner,Y,Y,18,0 days 00:02:01,5
ID1079,19-01-2015 15:34,Jim,Washing Machine,Y,Y,20,0 days 00:02:27,4
ID1080,19-01-2015 15:34,Greg,Toaster,Y,Y,93,0 days 00:01:41,2
ID1081,19-01-2015 15:54,Becky,Fridge,N,N,0,0 days 00:00:00,0
ID1082,19-01-2015 15:54,Joe,Air Conditioner,Y,Y,63,0 days 00:04:20,4
ID1083,19-01-2015 16:09,Greg,Washing Machine,Y,Y,90,0 days 00:06:32,4
ID1084,19-01-2015 16:09,Dan,Washing Machine,Y,Y,43,0 days 00:04:00,4
ID1085,19-01-2015 16:40,Jim,Washing Machine,Y,N,105,0 days 00:01:50,4
ID1086,19-01-2015 16:40,Joe,Washing Machine,Y,Y,59,0 days 00:05:10,5
ID1087,19-01-2015 16:56,Joe,Fridge,Y,Y,115,0 days 00:06:47,4
ID1088,19-01-2015 16:56,Dan,Toaster,Y,Y,106,0 days 00:01:51,4
ID1089,19-01-2015 17:15,Becky,Television,Y,Y,35,0 days 00:00:59,3
ID1090,19-01-2015 17:15,Diane,Washing Machine,Y,Y,48,0 days 00:06:35,4
ID1091,19-01-2015 17:24,Jim,Washing Machine,N,N,0,0 days 00:00:00,0
ID1092,19-01-2015 17:24,Jim,Air Conditioner,Y,Y,56,0 days 00:06:38,4
ID1093,20-01-2015 09:05,Stewart,Air Conditioner,N,N,0,0 days 00:00:00,0
ID1094,20-01-2015 09:05,Stewart,Fridge,Y,Y,99,0 days 00:04:39,4
ID1095,20-01-2015 09:46,Joe,Fridge,Y,Y,71,0 days 00:02:41,3
ID1096,20-01-2015 09:46,Stewart,Toaster,Y,Y,54,0 days 00:04:24,4
ID1097,20-01-2015 09:46,Greg,Fridge,N,N,0,0 days 00:00:00,0
ID1098,20-01-2015 09:46,Dan,Toaster,N,N,0,0 days 00:00:00,0
ID1099,20-01-2015 09:46,Jim,Television,Y,Y,54,0 days 00:01:26,4
ID1100,20-01-2015 09:46,Joe,Air Conditioner,Y,Y,62,0 days 00:01:49,2
ID1101,20-01-2015 10:22,Stewart,Toaster,Y,Y,24,0 days 00:04:08,4
ID1102,20-01-2015 10:22,Jim,Fridge,Y,Y,94,0 days 00:04:10,5
ID1103,20-01-2015 11:24,Becky,Toaster,Y,Y,43,0 days 00:00:56,3
ID1104,20-01-2015 11:24,Martha,Television,N,N,0,0 days 00:00:00,0
ID1105,20-01-2015 12:00,Joe,Television,Y,Y,58,0 days 00:04:14,5
ID1106,20-01-2015 12:00,Greg,Toaster,Y,Y,15,0 days 00:06:35,1
ID1107,20-01-2015 12:07,Becky,Washing Machine,Y,Y,102,0 days 00:01:16,1
ID1108,20-01-2015 12:07,Greg,Washing Machine,Y,Y,40,0 days 00:05:22,2
ID1109,20-01-2015 12:27,Diane,Air Conditioner,Y,Y,63,0 days 00:04:50,2
ID1110,20-01-2015 12:27,Martha,Television,Y,Y,77,0 days 00:06:22,4
ID1111,20-01-2015 12:59,Martha,Air Conditioner,Y,Y,93,0 days 00:05:30,4
ID1112,20-01-2015 12:59,Becky,Television,Y,Y,101,0 days 00:03:22,5
ID1113,20-01-2015 13:00,Stewart,Toaster,Y,Y,34,0 days 00:00:34,5
ID1114,20-01-2015 13:00,Stewart,Toaster,Y,Y,64,0 days 00:01:34,5
ID1115,20-01-2015 13:26,Greg,Air Conditioner,Y,N,25,0 days 00:06:32,3
ID1116,20-01-2015 13:26,Jim,Fridge,Y,Y,122,0 days 00:02:13,4
ID1117,20-01-2015 13:26,Stewart,Television,Y,Y,36,0 days 00:01:01,4
ID1118,20-01-2015 13:26,Stewart,Washing Machine,Y,Y,37,0 days 00:01:34,3
ID1119,20-01-2015 13:59,Joe,Television,Y,Y,112,0 days 00:06:46,3
ID1120,20-01-2015 13:59,Diane,Toaster,N,N,0,0 days 00:00:00,0
ID1121,20-01-2015 14:03,Jim,Fridge,Y,Y,57,0 days 00:04:53,3
ID1122,20-01-2015 14:03,Jim,Fridge,Y,Y,14,0 days 00:02:28,3
ID1123,20-01-2015 16:00,Becky,Fridge,Y,Y,72,0 days 00:04:11,2
ID1124,20-01-2015 16:00,Becky,Fridge,Y,Y,60,0 days 00:06:32,3
ID1125,20-01-2015 16:20,Becky,Toaster,Y,Y,52,0 days 00:02:57,5
ID1126,20-01-2015 16:20,Stewart,Washing Machine,N,N,0,0 days 00:00:00,0
ID1127,20-01-2015 17:42,Joe,Television,Y,Y,73,0 days 00:00:45,3
ID1128,20-01-2015 17:42,Becky,Washing Machine,Y,Y,108,0 days 00:02:20,4
ID1129,20-01-2015 17:55,Joe,Television,Y,Y,50,0 days 00:01:48,4
ID1130,20-01-2015 17:55,Stewart,Air Conditioner,N,N,0,0 days 00:00:00,0
ID1131,20-01-2015 17:57,Joe,Fridge,Y,N,100,0 days 00:04:04,2
ID1132,20-01-2015 17:57,Joe,Air Conditioner,Y,Y,69,0 days 00:01:22,3
ID1133,21-01-2015 09:20,Becky,Television,Y,Y,39,0 days 00:02:11,1
ID1134,21-01-2015 09:20,Jim,Air Conditioner,Y,Y,71,0 days 00:02:54,5
ID1135,21-01-2015 09:37,Dan,Television,N,N,0,0 days 00:00:00,0
ID1136,21-01-2015 09:37,Greg,Air Conditioner,Y,Y,79,0 days 00:01:19,5
ID1137,21-01-2015 09:56,Martha,Washing Machine,Y,Y,57,0 days 00:05:24,3
ID1138,21-01-2015 09:56,Diane,Fridge,Y,Y,82,0 days 00:04:53,4
ID1139,21-01-2015 10:14,Jim,Washing Machine,Y,Y,73,0 days 00:03:13,1
ID1140,21-01-2015 10:14,Jim,Air Conditioner,Y,Y,110,0 days 00:02:11,5
ID1141,21-01-2015 10:19,Martha,Fridge,Y,Y,106,0 days 00:01:49,5
ID1142,21-01-2015 10:19,Jim,Television,Y,Y,92,0 days 00:02:13,4
ID1143,21-01-2015 10:24,Greg,Television,Y,Y,28,0 days 00:06:00,4
ID1144,21-01-2015 10:24,Martha,Washing Machine,Y,Y,108,0 days 00:06:02,1
ID1145,21-01-2015 10:53,Becky,Television,Y,Y,57,0 days 00:01:47,4
ID1146,21-01-2015 10:53,Martha,Washing Machine,Y,Y,109,0 days 00:05:56,3
ID1147,21-01-2015 10:59,Greg,Washing Machine,Y,Y,55,0 days 00:01:37,2
ID1148,21-01-2015 10:59,Martha,Air Conditioner,N,N,0,0 days 00:00:00,0
ID1149,21-01-2015 11:15,Dan,Toaster,Y,Y,68,0 days 00:06:53,1
ID1150,21-01-2015 11:15,Jim,Fridge,Y,N,46,0 days 00:00:34,3
ID1151,21-01-2015 12:02,Jim,Air Conditioner,Y,Y,30,0 days 00:04:59,3
ID1152,21-01-2015 12:02,Martha,Fridge,Y,Y,107,0 days 00:00:50,4
ID1153,21-01-2015 12:02,Greg,Air Conditioner,Y,Y,122,0 days 00:06:25,5
ID1154,21-01-2015 12:02,Martha,Fridge,N,N,0,0 days 00:00:00,0
ID1155,21-01-2015 12:07,Stewart,Air Conditioner,Y,Y,18,0 days 00:00:37,5
ID1156,21-01-2015 12:07,Joe,Television,N,N,0,0 days 00:00:00,0
ID1157,21-01-2015 15:47,Joe,Toaster,N,N,0,0 days 00:00:00,0
ID1158,21-01-2015 15:47,Joe,Air Conditioner,N,N,0,0 days 00:00:00,0
ID1159,21-01-2015 15:48,Martha,Air Conditioner,N,N,0,0 days 00:00:00,0
ID1160,21-01-2015 15:48,Stewart,Television,Y,Y,99,0 days 00:02:14,4
ID1161,21-01-2015 16:03,Dan,Washing Machine,Y,Y,52,0 days 00:01:47,2
ID1162,21-01-2015 16:03,Martha,Fridge,N,N,0,0 days 00:00:00,0
ID1163,21-01-2015 16:20,Becky,Toaster,N,N,0,0 days 00:00:00,0
ID1164,21-01-2015 16:20,Jim,Washing Machine,Y,Y,79,0 days 00:00:47,3
ID1165,21-01-2015 16:29,Martha,Television,Y,Y,112,0 days 00:02:51,5
ID1166,21-01-2015 16:29,Diane,Toaster,Y,Y,16,0 days 00:04:23,3
ID1167,21-01-2015 16:46,Joe,Washing Machine,Y,Y,22,0 days 00:06:58,3
ID1168,21-01-2015 16:46,Dan,Washing Machine,Y,Y,115,0 days 00:01:25,1
ID1169,21-01-2015 17:11,Dan,Air Conditioner,Y,Y,125,0 days 00:04:37,4
ID1170,21-01-2015 17:11,Martha,Toaster,Y,Y,68,0 days 00:05:06,3
ID1171,21-01-2015 17:26,Jim,Air Conditioner,Y,Y,44,0 days 00:01:16,4
ID1172,21-01-2015 17:26,Becky,Air Conditioner,N,N,0,0 days 00:00:00,0
ID1173,21-01-2015 17:26,Stewart,Television,Y,Y,119,0 days 00:00:42,4
ID1174,21-01-2015 17:26,Martha,Television,Y,Y,62,0 days 00:00:54,5
ID1175,21-01-2015 17:26,Greg,Television,Y,Y,84,0 days 00:06:04,5
ID1176,21-01-2015 17:26,Martha,Air Conditioner,N,N,0,0 days 00:00:00,0
ID1177,21-01-2015 17:36,Greg,Television,Y,Y,75,0 days 00:06:28,4
ID1178,21-01-2015 17:36,Martha,Toaster,Y,Y,114,0 days 00:02:54,4
ID1179,21-01-2015 17:38,Dan,Air Conditioner,N,N,0,0 days 00:00:00,0
ID1180,21-01-2015 17:38,Stewart,Fridge,Y,Y,21,0 days 00:02:10,4
ID1181,22-01-2015 09:11,Stewart,Air Conditioner,N,N,0,0 days 00:00:00,0
ID1182,22-01-2015 09:11,Diane,Fridge,Y,Y,20,0 days 00:01:08,3
ID1183,22-01-2015 09:11,Diane,Air Conditioner,Y,Y,112,0 days 00:03:37,1
ID1184,22-01-2015 09:11,Becky,Television,Y,Y,85,0 days 00:05:24,4
ID1185,22-01-2015 09:24,Martha,Fridge,Y,Y,34,0 days 00:06:07,3
ID1186,22-01-2015 09:24,Diane,Television,Y,Y,53,0 days 00:05:02,4
ID1187,22-01-2015 09:48,Martha,Television,Y,Y,103,0 days 00:02:14,5
ID1188,22-01-2015 09:48,Becky,Washing Machine,Y,Y,98,0 days 00:06:53,4
ID1189,22-01-2015 09:59,Becky,Air Conditioner,Y,Y,23,0 days 00:04:44,1
ID1190,22-01-2015 09:59,Martha,Fridge,Y,Y,53,0 days 00:01:17,2
ID1191,22-01-2015 10:37,Becky,Air Conditioner,N,N,0,0 days 00:00:00,0
ID1192,22-01-2015 10:37,Diane,Washing Machine,Y,N,55,0 days 00:04:40,4
ID1193,22-01-2015 11:39,Martha,Fridge,Y,Y,77,0 days 00:05:02,5
ID1194,22-01-2015 11:39,Becky,Air Conditioner,Y,Y,46,0 days 00:06:05,3
ID1195,22-01-2015 11:42,Greg,Air Conditioner,N,N,0,0 days 00:00:00,0
ID1196,22-01-2015 11:42,Martha,Toaster,Y,Y,39,0 days 00:05:05,4
ID1197,22-01-2015 11:55,Greg,Toaster,Y,Y,13,0 days 00:07:00,3
ID1198,22-01-2015 11:55,Jim,Fridge,Y,Y,84,0 days 00:05:34,5
ID1199,22-01-2015 11:55,Dan,Fridge,Y,Y,60,0 days 00:04:46,3
ID1200,22-01-2015 11:55,Dan,Fridge,Y,Y,32,0 days 00:00:35,5
ID1201,22-01-2015 12:47,Stewart,Air Conditioner,N,N,0,0 days 00:00:00,0
ID1202,22-01-2015 12:47,Greg,Washing Machine,N,N,0,0 days 00:00:00,0
ID1203,22-01-2015 14:19,Joe,Fridge,N,N,0,0 days 00:00:00,0
ID1204,22-01-2015 14:19,Dan,Toaster,Y,Y,67,0 days 00:06:42,4
ID1205,22-01-2015 14:22,Stewart,Television,Y,N,94,0 days 00:03:58,4
ID1206,22-01-2015 14:22,Stewart,Television,Y,Y,92,0 days 00:06:10,1
ID1207,22-01-2015 14:44,Becky,Television,Y,Y,35,0 days 00:01:10,3
ID1208,22-01-2015 14:44,Diane,Fridge,Y,Y,57,0 days 00:01:21,5
ID1209,22-01-2015 14:48,Stewart,Television,N,N,0,0 days 00:00:00,0
ID1210,22-01-2015 14:48,Jim,Fridge,Y,Y,15,0 days 00:04:55,4
ID1211,22-01-2015 14:49,Becky,Fridge,Y,N,54,0 days 00:03:15,5
ID1212,22-01-2015 14:49,Greg,Toaster,Y,Y,99,0 days 00:01:00,1
ID1213,22-01-2015 15:30,Martha,Washing Machine,N,N,0,0 days 00:00:00,0
ID1214,22-01-2015 15:30,Jim,Television,N,N,0,0 days 00:00:00,0
ID1215,22-01-2015 15:56,Martha,Television,N,N,0,0 days 00:00:00,0
ID1216,22-01-2015 15:56,Martha,Fridge,N,N,0,0 days 00:00:00,0
ID1217,22-01-2015 16:01,Martha,Toaster,N,N,0,0 days 00:00:00,0
ID1218,22-01-2015 16:01,Becky,Television,Y,Y,78,0 days 00:01:05,5
ID1219,22-01-2015 16:39,Greg,Fridge,N,N,0,0 days 00:00:00,0
ID1220,22-01-2015 16:39,Jim,Toaster,Y,N,35,0 days 00:05:09,5
ID1221,22-01-2015 16:50,Becky,Washing Machine,N,N,0,0 days 00:00:00,0
ID1222,22-01-2015 16:50,Stewart,Washing Machine,Y,Y,33,0 days 00:06:09,5
ID1223,22-01-2015 16:56,Greg,Television,Y,Y,72,0 days 00:04:09,5
ID1224,22-01-2015 16:56,Joe,Air Conditioner,Y,N,82,0 days 00:05:02,1
ID1225,22-01-2015 17:25,Greg,Fridge,N,N,0,0 days 00:00:00,0
ID1226,22-01-2015 17:25,Greg,Toaster,Y,Y,115,0 days 00:04:12,5
ID1227,22-01-2015 17:38,Diane,Television,Y,Y,64,0 days 00:01:42,3
ID1228,22-01-2015 17:38,Martha,Air Conditioner,N,N,0,0 days 00:00:00,0
ID1229,22-01-2015 17:47,Jim,Toaster,Y,Y,71,0 days 00:04:01,2
ID1230,22-01-2015 17:47,Becky,Television,Y,N,50,0 days 00:05:08,3
ID1231,23-01-2015 09:31,Greg,Television,Y,Y,116,0 days 00:01:13,2
ID1232,23-01-2015 09:31,Martha,Fridge,Y,Y,52,0 days 00:01:27,5
ID1233,23-01-2015 09:40,Greg,Air Conditioner,Y,Y,112,0 days 00:03:37,5
ID1234,23-01-2015 09:40,Stewart,Fridge,Y,Y,116,0 days 00:02:42,3
ID1235,23-01-2015 09:51,Becky,Toaster,Y,N,112,0 days 00:06:18,2
ID1236,23-01-2015 09:51,Dan,Television,Y,Y,53,0 days 00:05:46,4
ID1237,23-01-2015 09:57,Diane,Fridge,Y,Y,12,0 days 00:05:31,3
ID1238,23-01-2015 09:57,Joe,Air Conditioner,Y,N,120,0 days 00:00:54,4
ID1239,23-01-2015 10:49,Diane,Fridge,N,N,0,0 days 00:00:00,0
ID1240,23-01-2015 10:49,Dan,Air Conditioner,Y,Y,118,0 days 00:02:49,4
ID1241,23-01-2015 11:00,Jim,Washing Machine,Y,Y,121,0 days 00:02:49,2
ID1242,23-01-2015 11:00,Martha,Television,Y,Y,83,0 days 00:06:48,5
ID1243,23-01-2015 11:18,Joe,Television,Y,Y,84,0 days 00:01:21,5
ID1244,23-01-2015 11:18,Becky,Toaster,Y,N,63,0 days 00:05:00,4
ID1245,23-01-2015 11:29,Jim,Air Conditioner,Y,Y,33,0 days 00:03:29,3
ID1246,23-01-2015 11:29,Dan,Washing Machine,N,N,0,0 days 00:00:00,0
ID1247,23-01-2015 11:32,Greg,Fridge,Y,N,10,0 days 00:01:01,5
ID1248,23-01-2015 11:32,Joe,Fridge,Y,Y,100,0 days 00:00:42,5
ID1249,23-01-2015 11:35,Diane,Washing Machine,Y,Y,110,0 days 00:05:03,5
ID1250,23-01-2015 11:35,Stewart,Toaster,Y,Y,28,0 days 00:05:16,2
ID1251,23-01-2015 11:36,Joe,Fridge,Y,Y,74,0 days 00:01:15,3
ID1252,23-01-2015 11:36,Jim,Fridge,Y,Y,18,0 days 00:01:21,3
ID1253,23-01-2015 11:44,Becky,Television,Y,Y,22,0 days 00:06:12,3
ID1254,23-01-2015 11:44,Diane,Television,N,N,0,0 days 00:00:00,0
ID1255,23-01-2015 11:55,Martha,Washing Machine,Y,Y,15,0 days 00:03:37,3
ID1256,23-01-2015 11:55,Martha,Fridge,Y,Y,120,0 days 00:04:12,2
ID1257,23-01-2015 12:14,Martha,Washing Machine,Y,Y,26,0 days 00:03:47,3
ID1258,23-01-2015 12:14,Diane,Toaster,Y,Y,33,0 days 00:01:44,5
ID1259,23-01-2015 12:43,Dan,Television,Y,Y,18,0 days 00:01:14,4
ID1260,23-01-2015 12:43,Greg,Toaster,Y,Y,29,0 days 00:05:55,5
ID1261,23-01-2015 12:54,Greg,Toaster,Y,Y,89,0 days 00:01:34,2
ID1262,23-01-2015 12:54,Martha,Air Conditioner,N,N,0,0 days 00:00:00,0
ID1263,23-01-2015 13:33,Diane,Fridge,Y,Y,44,0 days 00:03:12,5
ID1264,23-01-2015 13:33,Diane,Washing Machine,Y,N,62,0 days 00:03:33,4
ID1265,23-01-2015 13:37,Dan,Fridge,Y,Y,29,0 days 00:01:50,5
ID1266,23-01-2015 13:37,Joe,Fridge,Y,Y,10,0 days 00:06:42,5
ID1267,23-01-2015 14:13,Dan,Toaster,Y,Y,75,0 days 00:02:00,4
ID1268,23-01-2015 14:13,Martha,Television,N,N,0,0 days 00:00:00,0
ID1269,23-01-2015 14:52,Dan,Air Conditioner,Y,Y,33,0 days 00:01:06,5
ID1270,23-01-2015 14:52,Becky,Air Conditioner,N,N,0,0 days 00:00:00,0
ID1271,23-01-2015 16:01,Becky,Toaster,Y,N,56,0 days 00:01:58,4
ID1272,23-01-2015 16:01,Martha,Fridge,N,N,0,0 days 00:00:00,0
ID1273,23-01-2015 16:13,Stewart,Washing Machine,Y,N,31,0 days 00:00:31,3
ID1274,23-01-2015 16:13,Greg,Television,Y,Y,56,0 days 00:01:20,2
ID1275,23-01-2015 16:37,Jim,Toaster,Y,Y,53,0 days 00:01:43,4
ID1276,23-01-2015 16:37,Diane,Air Conditioner,Y,Y,12,0 days 00:05:48,3
ID1277,23-01-2015 16:45,Stewart,Television,Y,Y,53,0 days 00:06:03,3
ID1278,23-01-2015 16:45,Diane,Television,Y,Y,116,0 days 00:04:58,3
ID1279,23-01-2015 17:24,Joe,Toaster,Y,Y,19,0 days 00:01:11,4
ID1280,23-01-2015 17:24,Dan,Washing Machine,N,N,0,0 days 00:00:00,0
ID1281,23-01-2015 17:41,Joe,Television,Y,Y,74,0 days 00:05:54,2
ID1282,23-01-2015 17:41,Greg,Television,Y,Y,85,0 days 00:02:44,3
ID1283,23-01-2015 17:44,Greg,Washing Machine,N,N,0,0 days 00:00:00,0
ID1284,23-01-2015 17:44,Stewart,Toaster,N,N,0,0 days 00:00:00,0
ID1285,24-01-2015 09:05,Dan,Toaster,N,N,0,0 days 00:00:00,0
ID1286,24-01-2015 09:05,Diane,Television,Y,Y,48,0 days 00:06:36,2
ID1287,24-01-2015 09:05,Joe,Toaster,Y,Y,57,0 days 00:04:32,3
ID1288,24-01-2015 09:05,Jim,Fridge,Y,N,116,0 days 00:05:09,3
ID1289,24-01-2015 09:12,Greg,Fridge,Y,Y,21,0 days 00:00:50,1
ID1290,24-01-2015 09:12,Martha,Washing Machine,Y,Y,87,0 days 00:02:11,3
ID1291,24-01-2015 09:20,Joe,Air Conditioner,Y,Y,42,0 days 00:03:56,3
ID1292,24-01-2015 09:20,Greg,Air Conditioner,Y,Y,86,0 days 00:01:28,1
ID1293,24-01-2015 09:24,Joe,Toaster,Y,Y,95,0 days 00:03:05,5
ID1294,24-01-2015 09:24,Joe,Washing Machine,N,N,0,0 days 00:00:00,0
ID1295,24-01-2015 09:54,Jim,Air Conditioner,Y,Y,109,0 days 00:05:47,3
ID1296,24-01-2015 09:54,Greg,Toaster,N,N,0,0 days 00:00:00,0
ID1297,24-01-2015 10:03,Greg,Fridge,Y,Y,104,0 days 00:05:35,2
ID1298,24-01-2015 10:03,Martha,Toaster,Y,Y,123,0 days 00:01:55,1
ID1299,24-01-2015 10:04,Martha,Television,Y,Y,72,0 days 00:05:11,5
ID1300,24-01-2015 10:04,Jim,Air Conditioner,N,N,0,0 days 00:00:00,0
ID1301,24-01-2015 10:04,Stewart,Washing Machine,Y,N,28,0 days 00:00:52,4
ID1302,24-01-2015 10:04,Dan,Television,Y,Y,124,0 days 00:03:13,4
ID1303,24-01-2015 10:29,Jim,Toaster,Y,Y,16,0 days 00:04:35,4
ID1304,24-01-2015 10:29,Martha,Fridge,N,N,0,0 days 00:00:00,0
ID1305,24-01-2015 10:32,Joe,Fridge,Y,Y,125,0 days 00:00:31,3
ID1306,24-01-2015 10:32,Becky,Washing Machine,N,N,0,0 days 00:00:00,0
ID1307,24-01-2015 11:11,Dan,Washing Machine,Y,Y,61,0 days 00:03:05,3
ID1308,24-01-2015 11:11,Diane,Television,Y,Y,55,0 days 00:06:30,1
ID1309,24-01-2015 11:42,Becky,Air Conditioner,Y,Y,41,0 days 00:03:54,4
ID1310,24-01-2015 11:42,Greg,Washing Machine,Y,Y,81,0 days 00:06:19,3
ID1311,24-01-2015 12:21,Stewart,Washing Machine,Y,Y,112,0 days 00:03:43,3
ID1312,24-01-2015 12:21,Diane,Television,Y,Y,58,0 days 00:04:19,4
ID1313,24-01-2015 12:25,Jim,Television,Y,N,61,0 days 00:00:42,5
ID1314,24-01-2015 12:25,Becky,Toaster,Y,Y,51,0 days 00:06:44,3
ID1315,24-01-2015 13:00,Jim,Television,Y,Y,102,0 days 00:03:59,4
ID1316,24-01-2015 13:00,Joe,Toaster,Y,Y,19,0 days 00:05:43,4
ID1317,24-01-2015 13:13,Dan,Television,Y,Y,33,0 days 00:03:06,2
ID1318,24-01-2015 13:13,Joe,Air Conditioner,Y,Y,113,0 days 00:06:04,3
ID1319,24-01-2015 14:15,Diane,Air Conditioner,Y,Y,28,0 days 00:03:50,5
ID1320,24-01-2015 14:15,Dan,Air Conditioner,Y,Y,46,0 days 00:04:43,1
ID1321,24-01-2015 14:45,Joe,Air Conditioner,Y,Y,76,0 days 00:01:09,3
ID1322,24-01-2015 14:45,Diane,Air Conditioner,Y,Y,124,0 days 00:03:09,2
ID1323,24-01-2015 14:47,Martha,Air Conditioner,Y,Y,96,0 days 00:04:30,2
ID1324,24-01-2015 14:47,Greg,Television,Y,N,110,0 days 00:05:03,5
ID1325,24-01-2015 15:48,Dan,Toaster,Y,Y,116,0 days 00:03:39,5
ID1326,24-01-2015 15:48,Dan,Toaster,Y,Y,14,0 days 00:06:11,5
ID1327,24-01-2015 15:59,Stewart,Fridge,Y,Y,53,0 days 00:06:01,4
ID1328,24-01-2015 15:59,Joe,Television,Y,Y,37,0 days 00:04:49,2
ID1329,24-01-2015 16:01,Greg,Fridge,Y,Y,68,0 days 00:00:43,1
ID1330,24-01-2015 16:01,Greg,Television,Y,Y,43,0 days 00:03:10,3
ID1331,24-01-2015 16:45,Greg,Air Conditioner,Y,Y,19,0 days 00:02:21,3
ID1332,24-01-2015 16:45,Stewart,Air Conditioner,Y,Y,47,0 days 00:04:26,3
ID1333,24-01-2015 17:16,Becky,Washing Machine,N,N,0,0 days 00:00:00,0
ID1334,24-01-2015 17:16,Greg,Toaster,Y,Y,84,0 days 00:06:21,4
ID1335,24-01-2015 17:25,Jim,Toaster,Y,Y,17,0 days 00:02:35,1
ID1336,24-01-2015 17:25,Becky,Toaster,Y,Y,116,0 days 00:01:17,4
ID1337,24-01-2015 17:54,Diane,Fridge,Y,Y,22,0 days 00:01:46,4
ID1338,24-01-2015 17:54,Jim,Air Conditioner,Y,Y,10,0 days 00:06:13,4
ID1339,25-01-2015 09:15,Dan,Television,Y,Y,76,0 days 00:01:32,4
ID1340,25-01-2015 09:15,Joe,Toaster,Y,Y,104,0 days 00:06:36,4
ID1341,25-01-2015 09:25,Jim,Television,Y,Y,44,0 days 00:06:50,3
ID1342,25-01-2015 09:25,Jim,Fridge,Y,Y,24,0 days 00:03:40,5
ID1343,25-01-2015 09:33,Dan,Air Conditioner,Y,Y,40,0 days 00:06:57,3
ID1344,25-01-2015 09:33,Becky,Toaster,Y,Y,57,0 days 00:05:45,4
ID1345,25-01-2015 09:37,Stewart,Air Conditioner,Y,Y,19,0 days 00:06:23,3
ID1346,25-01-2015 09:37,Martha,Television,Y,Y,55,0 days 00:06:35,3
ID1347,25-01-2015 10:10,Martha,Washing Machine,Y,Y,102,0 days 00:05:13,5
ID1348,25-01-2015 10:10,Joe,Toaster,Y,N,123,0 days 00:00:38,3
ID1349,25-01-2015 10:27,Diane,Fridge,N,N,0,0 days 00:00:00,0
ID1350,25-01-2015 10:27,Joe,Washing Machine,N,N,0,0 days 00:00:00,0
ID1351,25-01-2015 10:42,Joe,Television,Y,Y,115,0 days 00:05:58,4
ID1352,25-01-2015 10:42,Dan,Air Conditioner,Y,Y,53,0 days 00:06:05,5
ID1353,25-01-2015 11:03,Diane,Air Conditioner,Y,Y,61,0 days 00:02:05,5
ID1354,25-01-2015 11:03,Diane,Air Conditioner,Y,Y,99,0 days 00:05:33,5
ID1355,25-01-2015 11:42,Greg,Fridge,N,N,0,0 days 00:00:00,0
ID1356,25-01-2015 11:42,Greg,Toaster,Y,N,57,0 days 00:02:26,3
ID1357,25-01-2015 11:48,Diane,Washing Machine,Y,Y,24,0 days 00:04:43,3
ID1358,25-01-2015 11:48,Stewart,Washing Machine,Y,Y,75,0 days 00:01:43,4
ID1359,25-01-2015 11:54,Joe,Washing Machine,Y,Y,72,0 days 00:05:31,4
ID1360,25-01-2015 11:54,Stewart,Toaster,Y,Y,73,0 days 00:03:14,4
ID1361,25-01-2015 11:54,Martha,Toaster,Y,N,105,0 days 00:03:05,4
ID1362,25-01-2015 11:54,Greg,Air Conditioner,Y,Y,75,0 days 00:03:45,3
ID1363,25-01-2015 12:00,Becky,Toaster,Y,Y,29,0 days 00:04:49,4
ID1364,25-01-2015 12:00,Stewart,Air Conditioner,Y,Y,41,0 days 00:01:43,1
ID1365,25-01-2015 12:10,Martha,Fridge,Y,Y,93,0 days 00:03:11,4
ID1366,25-01-2015 12:10,Jim,Fridge,N,N,0,0 days 00:00:00,0
ID1367,25-01-2015 12:12,Dan,Fridge,Y,Y,73,0 days 00:05:35,3
ID1368,25-01-2015 12:12,Stewart,Television,N,N,0,0 days 00:00:00,0
ID1369,25-01-2015 12:18,Greg,Toaster,Y,Y,112,0 days 00:01:21,4
ID1370,25-01-2015 12:18,Diane,Toaster,Y,Y,37,0 days 00:05:39,4
ID1371,25-01-2015 12:21,Greg,Washing Machine,Y,Y,59,0 days 00:05:50,5
ID1372,25-01-2015 12:21,Jim,Air Conditioner,N,N,0,0 days 00:00:00,0
ID1373,25-01-2015 12:21,Becky,Air Conditioner,Y,Y,56,0 days 00:01:23,3
ID1374,25-01-2015 12:21,Greg,Washing Machine,Y,Y,56,0 days 00:05:12,3
ID1375,25-01-2015 12:43,Jim,Fridge,N,N,0,0 days 00:00:00,0
ID1376,25-01-2015 12:43,Stewart,Fridge,Y,Y,43,0 days 00:06:30,5
ID1377,25-01-2015 12:53,Dan,Toaster,Y,Y,80,0 days 00:06:09,2
ID1378,25-01-2015 12:53,Jim,Fridge,Y,Y,66,0 days 00:06:03,3
ID1379,25-01-2015 14:11,Becky,Washing Machine,Y,Y,54,0 days 00:04:11,3
ID1380,25-01-2015 14:11,Joe,Television,Y,Y,94,0 days 00:05:03,2
ID1381,25-01-2015 14:11,Becky,Television,N,N,0,0 days 00:00:00,0
ID1382,25-01-2015 14:11,Martha,Television,Y,Y,24,0 days 00:04:04,4
ID1383,25-01-2015 14:12,Diane,Television,N,N,0,0 days 00:00:00,0
ID1384,25-01-2015 14:12,Martha,Washing Machine,Y,Y,108,0 days 00:06:36,3
ID1385,25-01-2015 14:26,Joe,Toaster,Y,Y,106,0 days 00:00:54,3
ID1386,25-01-2015 14:26,Joe,Air Conditioner,N,N,0,0 days 00:00:00,0
ID1387,25-01-2015 14:34,Becky,Toaster,Y,Y,111,0 days 00:06:03,3
ID1388,25-01-2015 14:34,Joe,Fridge,Y,Y,56,0 days 00:03:18,3
ID1389,25-01-2015 15:04,Dan,Washing Machine,Y,Y,78,0 days 00:05:10,4
ID1390,25-01-2015 15:04,Stewart,Television,Y,Y,15,0 days 00:02:10,3
ID1391,25-01-2015 15:05,Becky,Toaster,N,N,0,0 days 00:00:00,0
ID1392,25-01-2015 15:05,Martha,Television,Y,Y,50,0 days 00:00:32,3
ID1393,25-01-2015 15:20,Dan,Television,Y,Y,53,0 days 00:03:48,3
ID1394,25-01-2015 15:20,Joe,Air Conditioner,Y,Y,106,0 days 00:06:35,1
ID1395,25-01-2015 15:51,Diane,Fridge,Y,Y,44,0 days 00:05:57,5
ID1396,25-01-2015 15:51,Becky,Washing Machine,N,N,0,0 days 00:00:00,0
ID1397,25-01-2015 15:53,Greg,Fridge,Y,Y,31,0 days 00:04:53,3
ID1398,25-01-2015 15:53,Joe,Fridge,Y,Y,41,0 days 00:05:02,5
ID1399,25-01-2015 16:13,Becky,Television,Y,Y,109,0 days 00:05:46,3
ID1400,25-01-2015 16:13,Martha,Fridge,Y,Y,13,0 days 00:01:09,3
ID1401,25-01-2015 17:32,Diane,Toaster,Y,Y,19,0 days 00:06:38,5
ID1402,25-01-2015 17:32,Stewart,Washing Machine,Y,Y,76,0 days 00:05:44,5
ID1403,26-01-2015 09:05,Becky,Washing Machine,Y,Y,86,0 days 00:01:02,4
ID1404,26-01-2015 09:05,Martha,Washing Machine,Y,Y,63,0 days 00:02:25,4
ID1405,26-01-2015 09:30,Dan,Toaster,Y,Y,113,0 days 00:00:51,5
ID1406,26-01-2015 09:30,Greg,Fridge,Y,Y,84,0 days 00:01:17,3
ID1407,26-01-2015 09:41,Jim,Fridge,Y,N,41,0 days 00:03:26,4
ID1408,26-01-2015 09:41,Becky,Toaster,Y,Y,13,0 days 00:03:53,3
ID1409,26-01-2015 09:51,Stewart,Air Conditioner,N,N,0,0 days 00:00:00,0
ID1410,26-01-2015 09:51,Jim,Toaster,Y,Y,79,0 days 00:02:50,3
ID1411,26-01-2015 10:27,Diane,Washing Machine,Y,Y,103,0 days 00:02:31,3
ID1412,26-01-2015 10:27,Diane,Washing Machine,Y,Y,68,0 days 00:02:18,3
ID1413,26-01-2015 10:40,Diane,Washing Machine,Y,Y,57,0 days 00:05:29,2
ID1414,26-01-2015 10:40,Stewart,Toaster,N,N,0,0 days 00:00:00,0
ID1415,26-01-2015 10:50,Diane,Toaster,Y,Y,72,0 days 00:01:31,3
ID1416,26-01-2015 10:50,Stewart,Television,Y,Y,53,0 days 00:05:52,5
ID1417,26-01-2015 10:52,Becky,Washing Machine,Y,Y,16,0 days 00:03:35,1
ID1418,26-01-2015 10:52,Becky,Air Conditioner,Y,Y,77,0 days 00:01:42,3
ID1419,26-01-2015 10:59,Dan,Toaster,Y,Y,68,0 days 00:06:48,5
ID1420,26-01-2015 10:59,Dan,Television,Y,Y,50,0 days 00:02:46,4
ID1421,26-01-2015 11:19,Joe,Fridge,N,N,0,0 days 00:00:00,0
ID1422,26-01-2015 11:19,Dan,Toaster,Y,Y,68,0 days 00:05:16,3
ID1423,26-01-2015 11:47,Diane,Television,Y,Y,39,0 days 00:03:52,5
ID1424,26-01-2015 11:47,Diane,Washing Machine,Y,Y,78,0 days 00:06:35,4
ID1425,26-01-2015 12:48,Diane,Television,Y,Y,106,0 days 00:01:52,3
ID1426,26-01-2015 12:48,Becky,Television,N,N,0,0 days 00:00:00,0
ID1427,26-01-2015 12:50,Dan,Fridge,Y,Y,66,0 days 00:00:44,3
ID1428,26-01-2015 12:50,Greg,Air Conditioner,Y,Y,120,0 days 00:04:21,5
ID1429,26-01-2015 12:56,Stewart,Television,Y,Y,115,0 days 00:02:27,3
ID1430,26-01-2015 12:56,Stewart,Toaster,Y,Y,28,0 days 00:04:37,4
ID1431,26-01-2015 13:04,Dan,Television,Y,Y,57,0 days 00:01:30,3
ID1432,26-01-2015 13:04,Diane,Television,Y,Y,110,0 days 00:05:17,2
ID1433,26-01-2015 13:04,Dan,Air Conditioner,Y,Y,103,0 days 00:02:51,4
ID1434,26-01-2015 13:04,Jim,Air Conditioner,Y,Y,94,0 days 00:06:12,5
ID1435,26-01-2015 14:08,Jim,Television,Y,Y,61,0 days 00:04:47,5
ID1436,26-01-2015 14:08,Stewart,Television,N,N,0,0 days 00:00:00,0
ID1437,26-01-2015 14:18,Jim,Television,Y,Y,77,0 days 00:04:26,2
ID1438,26-01-2015 14:18,Greg,Washing Machine,Y,Y,56,0 days 00:03:44,4
ID1439,26-01-2015 14:26,Diane,Fridge,Y,Y,65,0 days 00:06:42,5
ID1440,26-01-2015 14:26,Becky,Air Conditioner,Y,Y,99,0 days 00:05:42,3
ID1441,26-01-2015 14:51,Diane,Fridge,Y,Y,40,0 days 00:04:48,3
ID1442,26-01-2015 14:51,Stewart,Toaster,Y,Y,110,0 days 00:05:20,3
ID1443,26-01-2015 15:15,Diane,Fridge,Y,Y,109,0 days 00:00:52,1
ID1444,26-01-2015 15:15,Martha,Washing Machine,Y,Y,116,0 days 00:05:08,3
ID1445,26-01-2015 15:21,Martha,Television,Y,Y,82,0 days 00:02:18,2
ID1446,26-01-2015 15:21,Greg,Washing Machine,Y,Y,65,0 days 00:02:29,4
ID1447,26-01-2015 15:25,Dan,Washing Machine,Y,Y,24,0 days 00:03:29,4
ID1448,26-01-2015 15:25,Diane,Toaster,Y,Y,125,0 days 00:01:22,5
ID1449,26-01-2015 15:28,Greg,Fridge,Y,Y,87,0 days 00:01:04,5
ID1450,26-01-2015 15:28,Jim,Television,Y,Y,119,0 days 00:00:43,4
ID1451,26-01-2015 15:30,Diane,Washing Machine,Y,Y,94,0 days 00:00:46,4
ID1452,26-01-2015 15:30,Dan,Toaster,N,N,0,0 days 00:00:00,0
ID1453,26-01-2015 15:37,Dan,Toaster,Y,Y,19,0 days 00:05:37,1
ID1454,26-01-2015 15:37,Dan,Washing Machine,Y,Y,68,0 days 00:02:44,3
ID1455,26-01-2015 16:00,Joe,Toaster,Y,Y,36,0 days 00:06:22,3
ID1456,26-01-2015 16:00,Martha,Toaster,Y,Y,50,0 days 00:01:06,4
ID1457,26-01-2015 16:06,Becky,Toaster,N,N,0,0 days 00:00:00,0
ID1458,26-01-2015 16:06,Greg,Washing Machine,Y,Y,60,0 days 00:02:14,3
ID1459,26-01-2015 17:18,Becky,Washing Machine,Y,Y,38,0 days 00:06:58,1
ID1460,26-01-2015 17:18,Becky,Washing Machine,Y,Y,115,0 days 00:06:15,3
ID1461,26-01-2015 17:52,Dan,Television,Y,Y,82,0 days 00:06:37,1
ID1462,26-01-2015 17:52,Jim,Air Conditioner,Y,Y,34,0 days 00:04:18,2
ID1463,27-01-2015 09:10,Diane,Television,Y,Y,95,0 days 00:02:55,3
ID1464,27-01-2015 09:10,Diane,Washing Machine,Y,Y,13,0 days 00:03:14,5
ID1465,27-01-2015 09:38,Becky,Air Conditioner,Y,Y,22,0 days 00:04:12,3
ID1466,27-01-2015 09:38,Greg,Television,N,N,0,0 days 00:00:00,0
ID1467,27-01-2015 09:41,Martha,Fridge,Y,Y,86,0 days 00:02:52,1
ID1468,27-01-2015 09:41,Joe,Washing Machine,Y,Y,20,0 days 00:04:23,4
ID1469,27-01-2015 09:54,Greg,Toaster,N,N,0,0 days 00:00:00,0
ID1470,27-01-2015 09:54,Martha,Washing Machine,Y,Y,36,0 days 00:04:21,4
ID1471,27-01-2015 09:57,Martha,Television,Y,Y,118,0 days 00:03:27,4
ID1472,27-01-2015 09:57,Stewart,Washing Machine,Y,Y,40,0 days 00:04:06,4
ID1473,27-01-2015 10:43,Jim,Washing Machine,Y,Y,97,0 days 00:06:37,4
ID1474,27-01-2015 10:43,Martha,Washing Machine,Y,Y,75,0 days 00:02:50,4
ID1475,27-01-2015 11:09,Dan,Air Conditioner,Y,Y,61,0 days 00:02:39,3
ID1476,27-01-2015 11:09,Dan,Television,Y,Y,125,0 days 00:06:05,5
ID1477,27-01-2015 12:40,Jim,Washing Machine,N,N,0,0 days 00:00:00,0
ID1478,27-01-2015 12:40,Dan,Air Conditioner,Y,Y,33,0 days 00:05:52,5
ID1479,27-01-2015 13:00,Martha,Air Conditioner,N,N,0,0 days 00:00:00,0
ID1480,27-01-2015 13:00,Martha,Television,Y,Y,50,0 days 00:03:51,5
ID1481,27-01-2015 13:03,Jim,Fridge,Y,Y,114,0 days 00:04:21,3
ID1482,27-01-2015 13:03,Jim,Air Conditioner,N,N,0,0 days 00:00:00,0
ID1483,27-01-2015 13:07,Dan,Television,Y,Y,58,0 days 00:02:01,4
ID1484,27-01-2015 13:07,Diane,Television,Y,Y,86,0 days 00:03:27,2
ID1485,27-01-2015 13:09,Dan,Television,Y,Y,45,0 days 00:03:53,5
ID1486,27-01-2015 13:09,Dan,Television,Y,Y,84,0 days 00:02:33,2
ID1487,27-01-2015 13:22,Diane,Washing Machine,Y,Y,15,0 days 00:06:54,2
ID1488,27-01-2015 13:22,Stewart,Fridge,Y,Y,47,0 days 00:04:07,2
ID1489,27-01-2015 13:27,Dan,Toaster,Y,Y,27,0 days 00:02:37,3
ID1490,27-01-2015 13:27,Martha,Fridge,Y,Y,49,0 days 00:01:24,4
ID1491,27-01-2015 13:52,Joe,Washing Machine,Y,Y,50,0 days 00:01:45,4
ID1492,27-01-2015 13:52,Greg,Television,Y,Y,87,0 days 00:05:01,2
ID1493,27-01-2015 14:45,Jim,Fridge,Y,Y,87,0 days 00:06:34,3
ID1494,27-01-2015 14:45,Jim,Toaster,Y,Y,15,0 days 00:05:58,3
ID1495,27-01-2015 14:54,Dan,Air Conditioner,Y,Y,123,0 days 00:06:49,5
ID1496,27-01-2015 14:54,Becky,Toaster,Y,Y,32,0 days 00:04:42,3
ID1497,27-01-2015 15:21,Stewart,Toaster,Y,Y,10,0 days 00:01:25,5
ID1498,27-01-2015 15:21,Dan,Fridge,Y,Y,19,0 days 00:04:43,2
ID1499,27-01-2015 15:23,Becky,Fridge,Y,Y,10,0 days 00:06:04,5
ID1500,27-01-2015 15:23,Diane,Television,N,N,0,0 days 00:00:00,0
ID1501,27-01-2015 15:40,Stewart,Television,Y,Y,112,0 days 00:02:43,4
ID1502,27-01-2015 15:40,Becky,Washing Machine,Y,N,10,0 days 00:03:42,4
ID1503,27-01-2015 16:00,Jim,Fridge,Y,Y,26,0 days 00:01:56,2
ID1504,27-01-2015 16:00,Martha,Fridge,Y,Y,96,0 days 00:06:29,4
ID1505,27-01-2015 16:01,Dan,Toaster,Y,Y,99,0 days 00:04:22,3
ID1506,27-01-2015 16:01,Greg,Air Conditioner,N,N,0,0 days 00:00:00,0
ID1507,27-01-2015 16:10,Jim,Fridge,Y,Y,77,0 days 00:03:15,5
ID1508,27-01-2015 16:10,Joe,Fridge,Y,Y,16,0 days 00:05:21,4
ID1509,27-01-2015 16:58,Martha,Washing Machine,Y,Y,100,0 days 00:02:43,4
ID1510,27-01-2015 16:58,Jim,Washing Machine,Y,Y,27,0 days 00:05:09,3
ID1511,27-01-2015 17:00,Becky,Toaster,Y,Y,31,0 days 00:04:27,1
ID1512,27-01-2015 17:00,Joe,Washing Machine,Y,Y,33,0 days 00:06:32,2
ID1513,27-01-2015 17:12,Jim,Television,Y,Y,107,0 days 00:03:07,4
ID1514,27-01-2015 17:12,Dan,Toaster,Y,Y,77,0 days 00:06:04,3
ID1515,27-01-2015 17:18,Jim,Television,Y,Y,28,0 days 00:03:04,5
ID1516,27-01-2015 17:18,Greg,Washing Machine,N,N,0,0 days 00:00:00,0
ID1517,27-01-2015 17:42,Jim,Washing Machine,Y,Y,93,0 days 00:00:56,4
ID1518,27-01-2015 17:42,Martha,Air Conditioner,N,N,0,0 days 00:00:00,0
ID1519,28-01-2015 09:04,Jim,Television,Y,Y,46,0 days 00:04:27,5
ID1520,28-01-2015 09:04,Joe,Television,Y,Y,14,0 days 00:05:41,3
ID1521,28-01-2015 09:11,Greg,Fridge,Y,Y,58,0 days 00:04:57,3
ID1522,28-01-2015 09:11,Martha,Toaster,Y,Y,61,0 days 00:05:16,3
ID1523,28-01-2015 09:12,Martha,Toaster,Y,Y,38,0 days 00:06:24,4
ID1524,28-01-2015 09:12,Martha,Toaster,Y,Y,39,0 days 00:05:36,3
ID1525,28-01-2015 09:46,Stewart,Air Conditioner,Y,Y,87,0 days 00:01:34,4
ID1526,28-01-2015 09:46,Stewart,Air Conditioner,Y,Y,26,0 days 00:01:55,2
ID1527,28-01-2015 10:04,Greg,Air Conditioner,Y,N,120,0 days 00:01:27,4
ID1528,28-01-2015 10:04,Dan,Toaster,Y,Y,123,0 days 00:01:57,4
ID1529,28-01-2015 10:40,Diane,Washing Machine,Y,Y,48,0 days 00:01:31,3
ID1530,28-01-2015 10:40,Diane,Television,Y,N,58,0 days 00:02:35,1
ID1531,28-01-2015 10:52,Martha,Washing Machine,Y,Y,90,0 days 00:04:45,3
ID1532,28-01-2015 10:52,Dan,Toaster,Y,Y,104,0 days 00:06:11,5
ID1533,28-01-2015 11:06,Stewart,Television,Y,Y,41,0 days 00:03:08,4
ID1534,28-01-2015 11:06,Greg,Air Conditioner,Y,Y,26,0 days 00:01:47,5
ID1535,28-01-2015 11:21,Becky,Toaster,Y,Y,66,0 days 00:05:44,4
ID1536,28-01-2015 11:21,Becky,Fridge,Y,Y,65,0 days 00:01:51,5
ID1537,28-01-2015 11:29,Becky,Fridge,Y,Y,22,0 days 00:05:02,3
ID1538,28-01-2015 11:29,Joe,Television,Y,N,96,0 days 00:03:54,1
ID1539,28-01-2015 11:54,Diane,Air Conditioner,Y,Y,101,0 days 00:04:45,4
ID1540,28-01-2015 11:54,Becky,Fridge,Y,Y,124,0 days 00:01:38,4
ID1541,28-01-2015 11:55,Dan,Washing Machine,Y,Y,28,0 days 00:05:25,3
ID1542,28-01-2015 11:55,Becky,Washing Machine,Y,Y,90,0 days 00:03:49,3
ID1543,28-01-2015 12:46,Martha,Washing Machine,Y,Y,111,0 days 00:03:55,5
ID1544,28-01-2015 12:46,Becky,Television,Y,Y,123,0 days 00:00:41,4
ID1545,28-01-2015 13:00,Jim,Washing Machine,N,N,0,0 days 00:00:00,0
ID1546,28-01-2015 13:00,Dan,Television,Y,Y,101,0 days 00:05:22,4
ID1547,28-01-2015 13:17,Joe,Fridge,Y,Y,44,0 days 00:02:09,5
ID1548,28-01-2015 13:17,Stewart,Television,Y,Y,10,0 days 00:01:51,3
ID1549,28-01-2015 13:19,Diane,Television,Y,Y,45,0 days 00:03:26,1
ID1550,28-01-2015 13:19,Stewart,Air Conditioner,Y,Y,24,0 days 00:02:16,4
ID1551,28-01-2015 14:18,Joe,Toaster,Y,Y,70,0 days 00:05:53,1
ID1552,28-01-2015 14:18,Martha,Television,Y,Y,101,0 days 00:05:52,5
ID1553,28-01-2015 14:19,Dan,Television,Y,Y,23,0 days 00:03:16,3
ID1554,28-01-2015 14:19,Joe,Washing Machine,Y,N,86,0 days 00:03:51,3
ID1555,28-01-2015 14:32,Dan,Fridge,Y,Y,25,0 days 00:02:15,2
ID1556,28-01-2015 14:32,Jim,Fridge,Y,Y,46,0 days 00:02:57,4
ID1557,28-01-2015 14:57,Diane,Television,Y,Y,45,0 days 00:03:52,4
ID1558,28-01-2015 14:57,Becky,Air Conditioner,N,N,0,0 days 00:00:00,0
ID1559,28-01-2015 15:53,Greg,Air Conditioner,Y,Y,93,0 days 00:06:31,3
ID1560,28-01-2015 15:53,Joe,Toaster,Y,Y,61,0 days 00:02:01,1
ID1561,28-01-2015 16:13,Diane,Television,N,N,0,0 days 00:00:00,0
ID1562,28-01-2015 16:13,Jim,Television,Y,Y,66,0 days 00:02:36,3
ID1563,28-01-2015 16:19,Greg,Washing Machine,Y,Y,29,0 days 00:04:35,3
ID1564,28-01-2015 16:19,Greg,Fridge,Y,Y,67,0 days 00:06:42,2
ID1565,28-01-2015 16:40,Dan,Washing Machine,Y,Y,94,0 days 00:01:43,4
ID1566,28-01-2015 16:40,Joe,Television,Y,N,80,0 days 00:05:00,4
ID1567,28-01-2015 17:03,Dan,Toaster,Y,Y,27,0 days 00:03:16,4
ID1568,28-01-2015 17:03,Dan,Television,Y,Y,41,0 days 00:03:17,4
ID1569,28-01-2015 17:16,Martha,Air Conditioner,Y,Y,84,0 days 00:04:17,4
ID1570,28-01-2015 17:16,Greg,Washing Machine,Y,Y,121,0 days 00:01:57,4
ID1571,28-01-2015 17:52,Diane,Toaster,Y,Y,61,0 days 00:00:43,1
ID1572,28-01-2015 17:52,Martha,Fridge,N,N,0,0 days 00:00:00,0
ID1573,28-01-2015 18:00,Diane,Toaster,Y,Y,54,0 days 00:06:11,2
ID1574,28-01-2015 18:00,Stewart,Television,Y,Y,82,0 days 00:05:46,5
ID1575,29-01-2015 09:02,Greg,Fridge,Y,Y,55,0 days 00:03:08,4
ID1576,29-01-2015 09:02,Jim,Fridge,N,N,0,0 days 00:00:00,0
ID1577,29-01-2015 09:08,Dan,Toaster,Y,Y,87,0 days 00:01:09,5
ID1578,29-01-2015 09:08,Greg,Toaster,N,N,0,0 days 00:00:00,0
ID1579,29-01-2015 09:20,Greg,Fridge,Y,Y,22,0 days 00:04:57,3
ID1580,29-01-2015 09:20,Stewart,Toaster,N,N,0,0 days 00:00:00,0
ID1581,29-01-2015 09:57,Dan,Television,Y,Y,95,0 days 00:01:46,5
ID1582,29-01-2015 09:57,Dan,Air Conditioner,Y,Y,23,0 days 00:06:15,4
ID1583,29-01-2015 10:20,Greg,Fridge,Y,Y,43,0 days 00:02:05,4
ID1584,29-01-2015 10:20,Becky,Toaster,N,N,0,0 days 00:00:00,0
ID1585,29-01-2015 10:29,Joe,Washing Machine,Y,Y,118,0 days 00:04:03,3
ID1586,29-01-2015 10:29,Jim,Toaster,Y,Y,94,0 days 00:01:12,3
ID1587,29-01-2015 10:50,Diane,Air Conditioner,Y,Y,59,0 days 00:04:55,4
ID1588,29-01-2015 10:50,Jim,Air Conditioner,N,N,0,0 days 00:00:00,0
ID1589,29-01-2015 10:52,Stewart,Fridge,Y,Y,92,0 days 00:03:13,5
ID1590,29-01-2015 10:52,Jim,Air Conditioner,Y,Y,51,0 days 00:02:40,2
ID1591,29-01-2015 11:57,Diane,Toaster,N,N,0,0 days 00:00:00,0
ID1592,29-01-2015 11:57,Greg,Air Conditioner,Y,Y,11,0 days 00:04:23,5
ID1593,29-01-2015 12:44,Joe,Toaster,Y,Y,62,0 days 00:02:21,1
ID1594,29-01-2015 12:44,Joe,Air Conditioner,Y,Y,122,0 days 00:04:58,3
ID1595,29-01-2015 12:46,Dan,Television,Y,Y,37,0 days 00:05:23,3
ID1596,29-01-2015 12:46,Stewart,Toaster,Y,N,42,0 days 00:03:37,4
ID1597,29-01-2015 12:51,Diane,Air Conditioner,Y,Y,112,0 days 00:04:29,3
ID1598,29-01-2015 12:51,Martha,Toaster,Y,Y,98,0 days 00:03:09,4
ID1599,29-01-2015 12:51,Stewart,Toaster,Y,Y,105,0 days 00:03:13,2
ID1600,29-01-2015 12:51,Diane,Air Conditioner,Y,Y,78,0 days 00:03:03,5
ID1601,29-01-2015 13:00,Martha,Washing Machine,Y,Y,68,0 days 00:00:45,4
ID1602,29-01-2015 13:00,Jim,Washing Machine,Y,Y,17,0 days 00:05:47,3
ID1603,29-01-2015 13:04,Diane,Fridge,Y,Y,23,0 days 00:01:20,4
ID1604,29-01-2015 13:04,Diane,Fridge,Y,Y,39,0 days 00:01:09,1
ID1605,29-01-2015 13:12,Greg,Washing Machine,Y,Y,102,0 days 00:04:45,3
ID1606,29-01-2015 13:12,Dan,Fridge,Y,N,75,0 days 00:05:30,3
ID1607,29-01-2015 13:37,Becky,Washing Machine,Y,Y,14,0 days 00:02:10,4
ID1608,29-01-2015 13:37,Dan,Toaster,Y,Y,77,0 days 00:02:36,3
ID1609,29-01-2015 14:11,Diane,Television,Y,N,83,0 days 00:00:34,4
ID1610,29-01-2015 14:11,Stewart,Air Conditioner,N,N,0,0 days 00:00:00,0
ID1611,29-01-2015 14:32,Stewart,Washing Machine,N,N,0,0 days 00:00:00,0
ID1612,29-01-2015 14:32,Dan,Fridge,Y,Y,65,0 days 00:05:13,5
ID1613,29-01-2015 14:49,Becky,Washing Machine,Y,Y,23,0 days 00:00:45,4
ID1614,29-01-2015 14:49,Jim,Television,Y,Y,34,0 days 00:03:54,3
ID1615,29-01-2015 15:08,Diane,Air Conditioner,Y,Y,45,0 days 00:05:51,3
ID1616,29-01-2015 15:08,Diane,Air Conditioner,Y,Y,29,0 days 00:04:48,3
ID1617,29-01-2015 15:21,Stewart,Washing Machine,Y,Y,84,0 days 00:06:43,3
ID1618,29-01-2015 15:21,Joe,Toaster,Y,N,105,0 days 00:02:23,3
ID1619,29-01-2015 15:44,Diane,Toaster,Y,Y,75,0 days 00:04:18,2
ID1620,29-01-2015 15:44,Jim,Washing Machine,Y,Y,20,0 days 00:06:53,3
ID1621,29-01-2015 15:46,Greg,Fridge,Y,Y,88,0 days 00:05:50,5
ID1622,29-01-2015 15:46,Stewart,Air Conditioner,Y,Y,93,0 days 00:03:09,5
ID1623,29-01-2015 15:51,Dan,Air Conditioner,Y,Y,65,0 days 00:01:48,3
ID1624,29-01-2015 15:51,Becky,Toaster,N,N,0,0 days 00:00:00,0
ID1625,29-01-2015 16:10,Joe,Television,N,N,0,0 days 00:00:00,0
ID1626,29-01-2015 16:10,Joe,Air Conditioner,N,N,0,0 days 00:00:00,0
ID1627,29-01-2015 17:12,Greg,Toaster,Y,N,124,0 days 00:04:18,5
ID1628,29-01-2015 17:12,Martha,Washing Machine,Y,Y,44,0 days 00:02:37,4
ID1629,29-01-2015 17:41,Greg,Fridge,Y,Y,28,0 days 00:00:39,4
ID1630,29-01-2015 17:41,Diane,Television,Y,N,43,0 days 00:02:08,4
ID1631,29-01-2015 17:52,Stewart,Air Conditioner,N,N,0,0 days 00:00:00,0
ID1632,29-01-2015 17:52,Stewart,Fridge,Y,Y,53,0 days 00:01:44,4
ID1633,30-01-2015 09:05,Diane,Washing Machine,Y,Y,84,0 days 00:01:42,4
ID1634,30-01-2015 09:05,Becky,Toaster,Y,Y,84,0 days 00:04:58,5
ID1635,30-01-2015 09:47,Dan,Fridge,Y,Y,12,0 days 00:05:56,5
ID1636,30-01-2015 09:47,Jim,Washing Machine,Y,Y,85,0 days 00:03:42,3
ID1637,30-01-2015 09:53,Diane,Television,Y,Y,124,0 days 00:01:01,4
ID1638,30-01-2015 09:53,Becky,Toaster,Y,N,92,0 days 00:02:01,5
ID1639,30-01-2015 10:07,Stewart,Air Conditioner,Y,Y,116,0 days 00:03:30,1
ID1640,30-01-2015 10:07,Joe,Television,Y,Y,118,0 days 00:02:46,2
ID1641,30-01-2015 10:09,Greg,Air Conditioner,Y,Y,99,0 days 00:02:32,2
ID1642,30-01-2015 10:09,Joe,Toaster,Y,Y,77,0 days 00:04:24,4
ID1643,30-01-2015 10:27,Jim,Air Conditioner,Y,Y,57,0 days 00:04:26,5
ID1644,30-01-2015 10:27,Martha,Television,Y,Y,113,0 days 00:02:34,3
ID1645,30-01-2015 10:40,Becky,Toaster,Y,Y,22,0 days 00:00:43,3
ID1646,30-01-2015 10:40,Diane,Toaster,Y,Y,20,0 days 00:04:58,4
ID1647,30-01-2015 11:12,Dan,Television,N,N,0,0 days 00:00:00,0
ID1648,30-01-2015 11:12,Jim,Air Conditioner,Y,Y,23,0 days 00:05:59,5
ID1649,30-01-2015 11:26,Jim,Washing Machine,Y,Y,79,0 days 00:04:34,4
ID1650,30-01-2015 11:26,Stewart,Washing Machine,Y,N,94,0 days 00:06:56,5
ID1651,30-01-2015 11:52,Jim,Air Conditioner,Y,Y,118,0 days 00:02:13,4
ID1652,30-01-2015 11:52,Martha,Fridge,Y,N,68,0 days 00:02:38,2
ID1653,30-01-2015 12:17,Diane,Television,Y,Y,53,0 days 00:01:24,3
ID1654,30-01-2015 12:17,Stewart,Fridge,Y,Y,52,0 days 00:06:10,3
ID1655,30-01-2015 12:23,Dan,Toaster,Y,Y,13,0 days 00:05:51,3
ID1656,30-01-2015 12:23,Diane,Washing Machine,Y,Y,78,0 days 00:04:34,5
ID1657,30-01-2015 12:37,Dan,Washing Machine,Y,Y,32,0 days 00:02:05,4
ID1658,30-01-2015 12:37,Martha,Washing Machine,N,N,0,0 days 00:00:00,0
ID1659,30-01-2015 12:40,Martha,Fridge,Y,Y,13,0 days 00:02:03,4
ID1660,30-01-2015 12:40,Greg,Television,Y,N,91,0 days 00:04:01,3
ID1661,30-01-2015 12:44,Jim,Fridge,Y,Y,41,0 days 00:01:28,3
ID1662,30-01-2015 12:44,Becky,Television,Y,Y,69,0 days 00:06:58,2
ID1663,30-01-2015 12:48,Stewart,Toaster,Y,Y,116,0 days 00:06:13,4
ID1664,30-01-2015 12:48,Becky,Toaster,Y,N,98,0 days 00:06:11,5
ID1665,30-01-2015 12:51,Dan,Toaster,Y,Y,16,0 days 00:04:08,1
ID1666,30-01-2015 12:51,Martha,Air Conditioner,Y,Y,43,0 days 00:01:54,1
ID1667,30-01-2015 13:03,Dan,Television,Y,Y,17,0 days 00:03:40,5
ID1668,30-01-2015 13:03,Becky,Air Conditioner,Y,Y,27,0 days 00:02:47,5
ID1669,30-01-2015 13:39,Becky,Fridge,Y,Y,88,0 days 00:06:12,5
ID1670,30-01-2015 13:39,Dan,Air Conditioner,Y,N,45,0 days 00:06:50,4
ID1671,30-01-2015 14:00,Joe,Air Conditioner,Y,N,19,0 days 00:02:16,4
ID1672,30-01-2015 14:00,Joe,Toaster,N,N,0,0 days 00:00:00,0
ID1673,30-01-2015 14:09,Stewart,Washing Machine,Y,Y,85,0 days 00:03:04,4
ID1674,30-01-2015 14:09,Stewart,Toaster,N,N,0,0 days 00:00:00,0
ID1675,30-01-2015 14:11,Stewart,Toaster,Y,N,122,0 days 00:03:36,3
ID1676,30-01-2015 14:11,Becky,Air Conditioner,Y,Y,78,0 days 00:05:41,2
ID1677,30-01-2015 14:36,Joe,Toaster,Y,N,68,0 days 00:01:05,2
ID1678,30-01-2015 14:36,Greg,Television,Y,Y,33,0 days 00:04:35,3
ID1679,30-01-2015 15:00,Becky,Toaster,Y,Y,19,0 days 00:05:57,1
ID1680,30-01-2015 15:00,Martha,Washing Machine,Y,Y,97,0 days 00:06:53,5
ID1681,30-01-2015 15:38,Joe,Toaster,Y,Y,33,0 days 00:01:19,2
ID1682,30-01-2015 15:38,Martha,Fridge,Y,Y,124,0 days 00:04:48,5
ID1683,30-01-2015 15:44,Stewart,Fridge,Y,Y,78,0 days 00:05:09,1
ID1684,30-01-2015 15:44,Diane,Toaster,N,N,0,0 days 00:00:00,0
ID1685,30-01-2015 15:51,Dan,Air Conditioner,Y,Y,111,0 days 00:02:35,5
ID1686,30-01-2015 15:51,Diane,Washing Machine,Y,Y,27,0 days 00:03:37,5
ID1687,30-01-2015 15:59,Dan,Air Conditioner,Y,Y,18,0 days 00:04:41,3
ID1688,30-01-2015 15:59,Greg,Television,Y,Y,31,0 days 00:04:18,4
ID1689,30-01-2015 16:13,Stewart,Fridge,Y,N,65,0 days 00:03:41,4
ID1690,30-01-2015 16:13,Becky,Fridge,N,N,0,0 days 00:00:00,0
ID1691,30-01-2015 16:19,Becky,Air Conditioner,Y,Y,91,0 days 00:00:50,3
ID1692,30-01-2015 16:19,Stewart,Air Conditioner,Y,Y,71,0 days 00:01:27,2
ID1693,30-01-2015 16:19,Greg,Washing Machine,N,N,0,0 days 00:00:00,0
ID1694,30-01-2015 16:19,Stewart,Washing Machine,Y,Y,78,0 days 00:04:26,3
ID1695,30-01-2015 16:32,Jim,Air Conditioner,N,N,0,0 days 00:00:00,0
ID1696,30-01-2015 16:32,Jim,Washing Machine,N,N,0,0 days 00:00:00,0
ID1697,30-01-2015 16:49,Dan,Air Conditioner,N,N,0,0 days 00:00:00,0
ID1698,30-01-2015 16:49,Jim,Fridge,Y,Y,107,0 days 00:03:17,3
ID1699,30-01-2015 16:52,Dan,Television,Y,Y,17,0 days 00:03:12,3
ID1700,30-01-2015 16:52,Becky,Washing Machine,Y,Y,53,0 days 00:03:40,1
ID1701,30-01-2015 17:09,Diane,Air Conditioner,Y,Y,49,0 days 00:06:33,5
ID1702,30-01-2015 17:09,Greg,Television,Y,Y,33,0 days 00:01:05,5
ID1703,30-01-2015 17:12,Diane,Television,Y,Y,103,0 days 00:03:39,2
ID1704,30-01-2015 17:12,Greg,Toaster,Y,Y,114,0 days 00:03:22,3
ID1705,30-01-2015 17:18,Stewart,Washing Machine,N,N,0,0 days 00:00:00,0
ID1706,30-01-2015 17:18,Jim,Fridge,N,N,0,0 days 00:00:00,0
ID1707,30-01-2015 17:25,Martha,Toaster,N,N,0,0 days 00:00:00,0
ID1708,30-01-2015 17:25,Dan,Television,Y,Y,38,0 days 00:06:51,2
ID1709,30-01-2015 17:29,Stewart,Washing Machine,Y,N,50,0 days 00:01:19,2
ID1710,30-01-2015 17:29,Becky,Washing Machine,Y,N,33,0 days 00:03:56,4
ID1711,30-01-2015 17:31,Stewart,Toaster,Y,Y,97,0 days 00:02:52,3
ID1712,30-01-2015 17:31,Jim,Television,Y,Y,20,0 days 00:05:07,5
ID1713,31-01-2015 09:00,Dan,Toaster,Y,N,100,0 days 00:06:22,5
ID1714,31-01-2015 09:00,Becky,Toaster,Y,Y,114,0 days 00:05:42,4
ID1715,31-01-2015 09:08,Greg,Toaster,Y,Y,27,0 days 00:03:12,3
ID1716,31-01-2015 09:08,Joe,Washing Machine,Y,Y,119,0 days 00:02:42,4
ID1717,31-01-2015 09:14,Becky,Air Conditioner,Y,Y,30,0 days 00:00:59,5
ID1718,31-01-2015 09:14,Stewart,Washing Machine,Y,Y,23,0 days 00:06:40,3
ID1719,31-01-2015 09:24,Diane,Washing Machine,Y,Y,32,0 days 00:06:00,1
ID1720,31-01-2015 09:24,Greg,Television,N,N,0,0 days 00:00:00,0
ID1721,31-01-2015 09:27,Diane,Toaster,Y,N,67,0 days 00:00:58,1
ID1722,31-01-2015 09:27,Becky,Television,Y,Y,16,0 days 00:05:36,5
ID1723,31-01-2015 09:30,Stewart,Washing Machine,Y,Y,120,0 days 00:03:10,1
ID1724,31-01-2015 09:30,Joe,Toaster,Y,Y,73,0 days 00:05:43,2
ID1725,31-01-2015 11:32,Jim,Toaster,N,N,0,0 days 00:00:00,0
ID1726,31-01-2015 11:32,Greg,Washing Machine,N,N,0,0 days 00:00:00,0
ID1727,31-01-2015 11:35,Joe,Fridge,N,N,0,0 days 00:00:00,0
ID1728,31-01-2015 11:35,Joe,Washing Machine,Y,Y,88,0 days 00:01:11,1
ID1729,31-01-2015 11:39,Dan,Toaster,Y,Y,79,0 days 00:01:21,5
ID1730,31-01-2015 11:39,Joe,Air Conditioner,Y,Y,42,0 days 00:01:40,5
ID1731,31-01-2015 11:58,Dan,Washing Machine,N,N,0,0 days 00:00:00,0
ID1732,31-01-2015 11:58,Diane,Toaster,Y,Y,38,0 days 00:03:48,4
ID1733,31-01-2015 12:00,Greg,Toaster,Y,Y,102,0 days 00:03:48,3
ID1734,31-01-2015 12:00,Dan,Air Conditioner,Y,Y,112,0 days 00:06:43,3
ID1735,31-01-2015 12:00,Jim,Air Conditioner,Y,Y,107,0 days 00:03:14,1
ID1736,31-01-2015 12:00,Stewart,Washing Machine,Y,Y,93,0 days 00:02:39,5
ID1737,31-01-2015 12:15,Diane,Toaster,Y,Y,37,0 days 00:06:57,4
ID1738,31-01-2015 12:15,Dan,Air Conditioner,Y,Y,29,0 days 00:06:29,5
ID1739,31-01-2015 12:37,Stewart,Toaster,Y,N,17,0 days 00:03:49,5
ID1740,31-01-2015 12:37,Jim,Television,N,N,0,0 days 00:00:00,0
ID1741,31-01-2015 12:43,Dan,Air Conditioner,Y,Y,28,0 days 00:06:11,4
ID1742,31-01-2015 12:43,Dan,Toaster,Y,Y,16,0 days 00:03:31,1
ID1743,31-01-2015 12:50,Stewart,Fridge,Y,Y,123,0 days 00:06:18,2
ID1744,31-01-2015 12:50,Martha,Washing Machine,N,N,0,0 days 00:00:00,0
ID1745,31-01-2015 14:05,Jim,Toaster,Y,Y,124,0 days 00:06:42,5
ID1746,31-01-2015 14:05,Jim,Toaster,Y,Y,18,0 days 00:06:16,1
ID1747,31-01-2015 14:05,Becky,Toaster,Y,Y,95,0 days 00:02:27,4
ID1748,31-01-2015 14:05,Becky,Television,Y,Y,17,0 days 00:05:25,3
ID1749,31-01-2015 14:05,Jim,Air Conditioner,N,N,0,0 days 00:00:00,0
ID1750,31-01-2015 14:05,Stewart,Toaster,Y,Y,75,0 days 00:00:33,3
ID1751,31-01-2015 14:44,Joe,Toaster,Y,Y,37,0 days 00:05:46,4
ID1752,31-01-2015 14:44,Martha,Television,Y,Y,36,0 days 00:01:26,3
ID1753,31-01-2015 15:01,Diane,Air Conditioner,Y,Y,113,0 days 00:02:32,1
ID1754,31-01-2015 15:01,Diane,Television,Y,Y,93,0 days 00:02:19,4
ID1755,31-01-2015 15:04,Dan,Air Conditioner,Y,Y,24,0 days 00:04:51,1
ID1756,31-01-2015 15:04,Diane,Television,Y,Y,92,0 days 00:02:28,3
ID1757,31-01-2015 15:38,Jim,Television,N,N,0,0 days 00:00:00,0
ID1758,31-01-2015 15:38,Dan,Washing Machine,Y,Y,20,0 days 00:01:19,4
ID1759,31-01-2015 15:56,Jim,Fridge,Y,Y,50,0 days 00:00:31,2
ID1760,31-01-2015 15:56,Martha,Fridge,N,N,0,0 days 00:00:00,0
ID1761,31-01-2015 16:09,Stewart,Washing Machine,Y,Y,103,0 days 00:06:14,4
ID1762,31-01-2015 16:09,Becky,Washing Machine,Y,Y,81,0 days 00:03:26,2
ID1763,31-01-2015 16:09,Stewart,Television,Y,Y,48,0 days 00:03:57,5
ID1764,31-01-2015 16:09,Dan,Television,Y,Y,92,0 days 00:06:01,3
ID1765,31-01-2015 16:20,Greg,Television,Y,Y,95,0 days 00:05:01,3
ID1766,31-01-2015 16:20,Becky,Washing Machine,Y,Y,49,0 days 00:01:58,3
ID1767,31-01-2015 16:56,Becky,Washing Machine,Y,Y,58,0 days 00:04:42,5
ID1768,31-01-2015 16:56,Dan,Television,N,N,0,0 days 00:00:00,0
ID1769,31-01-2015 17:08,Dan,Fridge,N,N,0,0 days 00:00:00,0
ID1770,31-01-2015 17:08,Diane,Toaster,Y,Y,78,0 days 00:01:03,4
ID1771,31-01-2015 17:34,Jim,Fridge,Y,Y,91,0 days 00:02:59,3
ID1772,31-01-2015 17:34,Greg,Air Conditioner,Y,Y,121,0 days 00:06:01,2
ID1773,01-02-2015 09:18,Dan,Washing Machine,N,N,0,0 days 00:00:00,0
ID1774,01-02-2015 09:18,Martha,Fridge,Y,Y,38,0 days 00:05:41,3
ID1775,01-02-2015 09:24,Becky,Air Conditioner,Y,Y,44,0 days 00:02:15,2
ID1776,01-02-2015 09:24,Diane,Washing Machine,Y,Y,64,0 days 00:03:09,3
ID1777,01-02-2015 09:25,Jim,Air Conditioner,N,N,0,0 days 00:00:00,0
ID1778,01-02-2015 09:25,Becky,Toaster,Y,N,125,0 days 00:06:46,4
ID1779,01-02-2015 09:37,Martha,Air Conditioner,Y,Y,47,0 days 00:01:25,4
ID1780,01-02-2015 09:37,Martha,Air Conditioner,N,N,0,0 days 00:00:00,0
ID1781,01-02-2015 09:37,Becky,Washing Machine,N,N,0,0 days 00:00:00,0
ID1782,01-02-2015 09:37,Jim,Fridge,Y,Y,116,0 days 00:04:22,3
ID1783,01-02-2015 10:07,Diane,Toaster,Y,Y,13,0 days 00:01:56,4
ID1784,01-02-2015 10:07,Greg,Washing Machine,Y,Y,124,0 days 00:03:21,5
ID1785,01-02-2015 10:32,Becky,Fridge,N,N,0,0 days 00:00:00,0
ID1786,01-02-2015 10:32,Greg,Air Conditioner,Y,Y,46,0 days 00:02:10,5
ID1787,01-02-2015 11:15,Greg,Air Conditioner,Y,Y,11,0 days 00:03:08,3
ID1788,01-02-2015 11:15,Greg,Toaster,Y,N,62,0 days 00:03:57,3
ID1789,01-02-2015 11:18,Greg,Television,N,N,0,0 days 00:00:00,0
ID1790,01-02-2015 11:18,Stewart,Fridge,Y,Y,61,0 days 00:02:56,5
ID1791,01-02-2015 12:07,Dan,Air Conditioner,N,N,0,0 days 00:00:00,0
ID1792,01-02-2015 12:07,Joe,Air Conditioner,Y,Y,29,0 days 00:06:48,5
ID1793,01-02-2015 12:18,Dan,Washing Machine,Y,Y,109,0 days 00:00:52,3
ID1794,01-02-2015 12:18,Dan,Washing Machine,Y,Y,52,0 days 00:05:58,3
ID1795,01-02-2015 12:31,Dan,Air Conditioner,Y,Y,117,0 days 00:04:50,1
ID1796,01-02-2015 12:31,Martha,Washing Machine,Y,Y,17,0 days 00:03:37,3
ID1797,01-02-2015 12:41,Jim,Television,Y,Y,46,0 days 00:01:47,4
ID1798,01-02-2015 12:41,Martha,Fridge,Y,Y,60,0 days 00:03:43,2
ID1799,01-02-2015 13:01,Jim,Air Conditioner,Y,Y,53,0 days 00:03:29,3
ID1800,01-02-2015 13:01,Stewart,Toaster,Y,Y,72,0 days 00:01:22,4
ID1801,01-02-2015 13:24,Stewart,Toaster,Y,Y,113,0 days 00:04:54,3
ID1802,01-02-2015 13:24,Joe,Toaster,Y,Y,51,0 days 00:02:57,4
ID1803,01-02-2015 13:30,Jim,Fridge,Y,Y,99,0 days 00:01:30,4
ID1804,01-02-2015 13:30,Dan,Television,Y,Y,99,0 days 00:00:55,2
ID1805,01-02-2015 13:36,Dan,Washing Machine,N,N,0,0 days 00:00:00,0
ID1806,01-02-2015 13:36,Jim,Television,Y,Y,37,0 days 00:03:02,4
ID1807,01-02-2015 13:37,Martha,Washing Machine,Y,Y,115,0 days 00:01:51,3
ID1808,01-02-2015 13:37,Martha,Washing Machine,Y,Y,97,0 days 00:03:00,5
ID1809,01-02-2015 13:46,Becky,Washing Machine,N,N,0,0 days 00:00:00,0
ID1810,01-02-2015 13:46,Dan,Washing Machine,Y,N,87,0 days 00:06:47,5
ID1811,01-02-2015 13:50,Becky,Toaster,Y,Y,97,0 days 00:04:47,1
ID1812,01-02-2015 13:50,Greg,Television,Y,N,119,0 days 00:01:03,5
ID1813,01-02-2015 13:58,Diane,Washing Machine,Y,Y,122,0 days 00:02:18,3
ID1814,01-02-2015 13:58,Becky,Washing Machine,Y,Y,60,0 days 00:02:10,1
ID1815,01-02-2015 14:16,Greg,Air Conditioner,Y,N,58,0 days 00:02:19,2
ID1816,01-02-2015 14:16,Greg,Fridge,Y,Y,84,0 days 00:06:27,4
ID1817,01-02-2015 14:32,Joe,Toaster,N,N,0,0 days 00:00:00,0
ID1818,01-02-2015 14:32,Dan,Toaster,Y,Y,72,0 days 00:02:54,2
ID1819,01-02-2015 14:35,Martha,Television,Y,Y,46,0 days 00:03:02,4
ID1820,01-02-2015 14:35,Martha,Toaster,Y,Y,101,0 days 00:04:45,5
ID1821,01-02-2015 15:28,Jim,Washing Machine,Y,Y,101,0 days 00:04:50,2
ID1822,01-02-2015 15:28,Jim,Fridge,Y,Y,63,0 days 00:05:50,1
ID1823,01-02-2015 16:14,Jim,Toaster,Y,Y,125,0 days 00:02:55,1
ID1824,01-02-2015 16:14,Martha,Toaster,Y,Y,44,0 days 00:00:41,5
ID1825,01-02-2015 16:22,Martha,Television,Y,Y,16,0 days 00:02:16,5
ID1826,01-02-2015 16:22,Dan,Air Conditioner,Y,Y,31,0 days 00:03:31,4
ID1827,01-02-2015 16:22,Dan,Fridge,Y,Y,114,0 days 00:00:45,5
ID1828,01-02-2015 16:22,Greg,Washing Machine,Y,Y,10,0 days 00:03:21,2
ID1829,01-02-2015 16:46,Greg,Television,Y,Y,105,0 days 00:04:33,3
ID1830,01-02-2015 16:46,Greg,Toaster,N,N,0,0 days 00:00:00,0
ID1831,01-02-2015 17:12,Dan,Fridge,Y,Y,120,0 days 00:02:22,4
ID1832,01-02-2015 17:12,Joe,Toaster,N,N,0,0 days 00:00:00,0
ID1833,01-02-2015 17:24,Stewart,Air Conditioner,N,N,0,0 days 00:00:00,0
ID1834,01-02-2015 17:24,Greg,Toaster,N,N,0,0 days 00:00:00,0
ID1835,01-02-2015 17:34,Jim,Air Conditioner,Y,Y,51,0 days 00:04:30,5
ID1836,01-02-2015 17:34,Stewart,Air Conditioner,Y,Y,124,0 days 00:06:19,3
ID1837,01-02-2015 17:38,Dan,Toaster,Y,N,22,0 days 00:01:49,4
ID1838,01-02-2015 17:38,Martha,Toaster,Y,N,29,0 days 00:04:20,3
ID1839,01-02-2015 17:39,Becky,Air Conditioner,Y,Y,125,0 days 00:02:24,4
ID1840,01-02-2015 17:39,Jim,Washing Machine,Y,Y,54,0 days 00:05:09,4
ID1841,01-02-2015 17:48,Martha,Air Conditioner,Y,Y,45,0 days 00:06:08,3
ID1842,01-02-2015 17:48,Diane,Fridge,Y,Y,101,0 days 00:01:55,5
ID1843,01-02-2015 17:57,Diane,Washing Machine,Y,Y,80,0 days 00:03:53,3
ID1844,01-02-2015 17:57,Diane,Television,N,N,0,0 days 00:00:00,0
ID1845,02-02-2015 09:20,Joe,Toaster,Y,Y,118,0 days 00:03:57,5
ID1846,02-02-2015 09:20,Greg,Television,Y,Y,13,0 days 00:06:12,5
ID1847,02-02-2015 09:44,Dan,Television,Y,Y,64,0 days 00:01:28,5
ID1848,02-02-2015 09:44,Jim,Washing Machine,Y,Y,39,0 days 00:06:59,4
ID1849,02-02-2015 09:54,Joe,Fridge,N,N,0,0 days 00:00:00,0
ID1850,02-02-2015 09:54,Stewart,Washing Machine,N,N,0,0 days 00:00:00,0
ID1851,02-02-2015 09:57,Martha,Television,N,N,0,0 days 00:00:00,0
ID1852,02-02-2015 09:57,Stewart,Television,Y,Y,35,0 days 00:01:03,4
ID1853,02-02-2015 10:35,Joe,Washing Machine,Y,N,105,0 days 00:05:08,4
ID1854,02-02-2015 10:35,Stewart,Fridge,Y,Y,60,0 days 00:01:34,2
ID1855,02-02-2015 11:05,Stewart,Washing Machine,Y,Y,13,0 days 00:01:54,1
ID1856,02-02-2015 11:05,Becky,Air Conditioner,Y,Y,25,0 days 00:04:58,5
ID1857,02-02-2015 11:18,Becky,Television,Y,Y,102,0 days 00:06:37,4
ID1858,02-02-2015 11:18,Jim,Washing Machine,Y,Y,88,0 days 00:06:11,3
ID1859,02-02-2015 13:06,Becky,Television,Y,Y,40,0 days 00:01:42,5
ID1860,02-02-2015 13:06,Joe,Washing Machine,N,N,0,0 days 00:00:00,0
ID1861,02-02-2015 13:23,Dan,Television,Y,Y,75,0 days 00:03:00,5
ID1862,02-02-2015 13:23,Stewart,Toaster,Y,N,35,0 days 00:03:15,4
ID1863,02-02-2015 13:46,Greg,Toaster,N,N,0,0 days 00:00:00,0
ID1864,02-02-2015 13:46,Greg,Toaster,Y,Y,21,0 days 00:02:44,2
ID1865,02-02-2015 13:46,Diane,Television,N,N,0,0 days 00:00:00,0
ID1866,02-02-2015 13:46,Greg,Fridge,Y,Y,49,0 days 00:04:16,3
ID1867,02-02-2015 14:00,Joe,Fridge,Y,Y,81,0 days 00:05:57,4
ID1868,02-02-2015 14:00,Becky,Washing Machine,Y,Y,48,0 days 00:01:18,4
ID1869,02-02-2015 15:30,Greg,Television,Y,Y,103,0 days 00:04:12,5
ID1870,02-02-2015 15:30,Stewart,Toaster,Y,Y,63,0 days 00:06:25,4
ID1871,02-02-2015 15:34,Greg,Fridge,Y,Y,89,0 days 00:05:13,4
ID1872,02-02-2015 15:34,Dan,Fridge,Y,Y,115,0 days 00:03:13,4
ID1873,02-02-2015 15:48,Stewart,Television,Y,Y,88,0 days 00:06:00,1
ID1874,02-02-2015 15:48,Diane,Television,Y,Y,91,0 days 00:06:25,5
ID1875,02-02-2015 16:45,Dan,Television,Y,Y,78,0 days 00:03:35,4
ID1876,02-02-2015 16:45,Martha,Washing Machine,Y,Y,91,0 days 00:02:09,3
ID1877,02-02-2015 16:52,Joe,Television,Y,Y,102,0 days 00:02:40,3
ID1878,02-02-2015 16:52,Martha,Air Conditioner,N,N,0,0 days 00:00:00,0
ID1879,02-02-2015 17:11,Greg,Television,Y,Y,24,0 days 00:02:40,4
ID1880,02-02-2015 17:11,Stewart,Toaster,N,N,0,0 days 00:00:00,0
ID1881,03-02-2015 09:25,Joe,Air Conditioner,Y,Y,19,0 days 00:01:50,1
ID1882,03-02-2015 09:25,Jim,Television,Y,Y,47,0 days 00:00:53,4
ID1883,03-02-2015 09:28,Greg,Fridge,Y,Y,61,0 days 00:03:23,4
ID1884,03-02-2015 09:28,Greg,Fridge,Y,Y,73,0 days 00:05:34,5
ID1885,03-02-2015 09:36,Stewart,Air Conditioner,Y,Y,67,0 days 00:05:17,5
ID1886,03-02-2015 09:36,Greg,Television,Y,Y,22,0 days 00:06:38,1
ID1887,03-02-2015 09:41,Becky,Washing Machine,Y,Y,86,0 days 00:00:44,5
ID1888,03-02-2015 09:41,Diane,Television,N,N,0,0 days 00:00:00,0
ID1889,03-02-2015 09:48,Greg,Television,N,N,0,0 days 00:00:00,0
ID1890,03-02-2015 09:48,Diane,Washing Machine,N,N,0,0 days 00:00:00,0
ID1891,03-02-2015 10:09,Dan,Television,N,N,0,0 days 00:00:00,0
ID1892,03-02-2015 10:09,Jim,Fridge,Y,Y,46,0 days 00:03:44,4
ID1893,03-02-2015 10:16,Greg,Washing Machine,Y,Y,81,0 days 00:01:57,4
ID1894,03-02-2015 10:16,Joe,Fridge,Y,Y,20,0 days 00:02:37,3
ID1895,03-02-2015 10:20,Diane,Television,Y,Y,85,0 days 00:06:11,1
ID1896,03-02-2015 10:20,Dan,Television,Y,Y,91,0 days 00:04:11,4
ID1897,03-02-2015 10:45,Dan,Washing Machine,N,N,0,0 days 00:00:00,0
ID1898,03-02-2015 10:45,Diane,Toaster,Y,Y,87,0 days 00:04:13,4
ID1899,03-02-2015 10:50,Greg,Washing Machine,N,N,0,0 days 00:00:00,0
ID1900,03-02-2015 10:50,Martha,Fridge,Y,Y,41,0 days 00:06:54,4
ID1901,03-02-2015 11:12,Dan,Washing Machine,Y,Y,20,0 days 00:06:58,4
ID1902,03-02-2015 11:12,Martha,Toaster,Y,Y,14,0 days 00:04:23,4
ID1903,03-02-2015 11:13,Becky,Fridge,Y,N,107,0 days 00:01:17,4
ID1904,03-02-2015 11:13,Dan,Television,N,N,0,0 days 00:00:00,0
ID1905,03-02-2015 11:34,Martha,Air Conditioner,N,N,0,0 days 00:00:00,0
ID1906,03-02-2015 11:34,Dan,Television,Y,N,27,0 days 00:00:49,1
ID1907,03-02-2015 11:48,Stewart,Television,Y,Y,119,0 days 00:04:42,4
ID1908,03-02-2015 11:48,Jim,Washing Machine,Y,Y,55,0 days 00:02:25,1
ID1909,03-02-2015 12:01,Greg,Toaster,Y,Y,62,0 days 00:04:50,3
ID1910,03-02-2015 12:01,Jim,Air Conditioner,Y,Y,105,0 days 00:03:19,3
ID1911,03-02-2015 12:40,Martha,Washing Machine,Y,Y,16,0 days 00:05:32,5
ID1912,03-02-2015 12:40,Diane,Air Conditioner,N,N,0,0 days 00:00:00,0
ID1913,03-02-2015 12:44,Jim,Air Conditioner,Y,Y,23,0 days 00:03:40,1
ID1914,03-02-2015 12:44,Joe,Fridge,N,N,0,0 days 00:00:00,0
ID1915,03-02-2015 12:53,Diane,Toaster,Y,Y,89,0 days 00:04:32,5
ID1916,03-02-2015 12:53,Diane,Air Conditioner,Y,Y,53,0 days 00:01:37,5
ID1917,03-02-2015 12:57,Diane,Washing Machine,Y,N,104,0 days 00:01:49,3
ID1918,03-02-2015 12:57,Jim,Toaster,Y,Y,78,0 days 00:02:42,2
ID1919,03-02-2015 13:01,Stewart,Air Conditioner,Y,Y,92,0 days 00:04:51,2
ID1920,03-02-2015 13:01,Martha,Television,Y,Y,107,0 days 00:02:14,4
ID1921,03-02-2015 13:32,Greg,Television,N,N,0,0 days 00:00:00,0
ID1922,03-02-2015 13:32,Dan,Fridge,N,N,0,0 days 00:00:00,0
ID1923,03-02-2015 13:33,Diane,Washing Machine,Y,Y,116,0 days 00:02:30,3
ID1924,03-02-2015 13:33,Jim,Television,N,N,0,0 days 00:00:00,0
ID1925,03-02-2015 13:40,Dan,Air Conditioner,Y,Y,101,0 days 00:02:55,3
ID1926,03-02-2015 13:40,Joe,Fridge,Y,Y,41,0 days 00:03:33,2
ID1927,03-02-2015 13:43,Martha,Washing Machine,Y,N,102,0 days 00:06:00,2
ID1928,03-02-2015 13:43,Jim,Fridge,Y,Y,94,0 days 00:01:17,2
ID1929,03-02-2015 13:49,Martha,Toaster,Y,Y,72,0 days 00:05:08,2
ID1930,03-02-2015 13:49,Greg,Washing Machine,Y,Y,30,0 days 00:05:05,4
ID1931,03-02-2015 13:50,Joe,Air Conditioner,Y,Y,58,0 days 00:01:03,4
ID1932,03-02-2015 13:50,Martha,Washing Machine,Y,Y,57,0 days 00:02:03,1
ID1933,03-02-2015 14:45,Stewart,Air Conditioner,Y,Y,113,0 days 00:06:50,4
ID1934,03-02-2015 14:45,Becky,Toaster,Y,Y,59,0 days 00:06:59,1
ID1935,03-02-2015 14:58,Martha,Air Conditioner,Y,N,121,0 days 00:01:24,4
ID1936,03-02-2015 14:58,Joe,Fridge,Y,Y,78,0 days 00:01:06,3
ID1937,03-02-2015 15:24,Greg,Washing Machine,Y,Y,66,0 days 00:05:29,5
ID1938,03-02-2015 15:24,Jim,Fridge,Y,Y,10,0 days 00:05:02,4
ID1939,03-02-2015 15:34,Jim,Washing Machine,Y,Y,15,0 days 00:04:17,1
ID1940,03-02-2015 15:34,Greg,Air Conditioner,Y,Y,81,0 days 00:05:52,4
ID1941,03-02-2015 16:32,Becky,Television,Y,N,115,0 days 00:03:16,3
ID1942,03-02-2015 16:32,Martha,Washing Machine,Y,Y,17,0 days 00:01:03,3
ID1943,03-02-2015 16:39,Diane,Television,Y,Y,20,0 days 00:03:06,4
ID1944,03-02-2015 16:39,Dan,Fridge,Y,Y,26,0 days 00:04:02,3
ID1945,03-02-2015 16:48,Martha,Toaster,Y,Y,98,0 days 00:03:08,5
ID1946,03-02-2015 16:48,Joe,Toaster,Y,Y,53,0 days 00:02:42,3
ID1947,03-02-2015 16:58,Stewart,Fridge,Y,Y,14,0 days 00:05:36,4
ID1948,03-02-2015 16:58,Diane,Television,N,N,0,0 days 00:00:00,0
ID1949,03-02-2015 17:03,Greg,Television,Y,Y,47,0 days 00:04:10,3
ID1950,03-02-2015 17:03,Stewart,Toaster,N,N,0,0 days 00:00:00,0
ID1951,03-02-2015 17:06,Stewart,Toaster,Y,Y,109,0 days 00:01:23,5
ID1952,03-02-2015 17:06,Greg,Air Conditioner,Y,Y,82,0 days 00:04:08,1
ID1953,03-02-2015 17:44,Dan,Air Conditioner,Y,Y,58,0 days 00:04:58,3
ID1954,03-02-2015 17:44,Greg,Fridge,Y,Y,94,0 days 00:03:53,2
ID1955,04-02-2015 09:11,Greg,Fridge,N,N,0,0 days 00:00:00,0
ID1956,04-02-2015 09:11,Dan,Television,Y,Y,32,0 days 00:06:52,4
ID1957,04-02-2015 09:36,Stewart,Washing Machine,Y,Y,102,0 days 00:05:22,4
ID1958,04-02-2015 09:36,Diane,Air Conditioner,N,N,0,0 days 00:00:00,0
ID1959,04-02-2015 09:56,Martha,Fridge,N,N,0,0 days 00:00:00,0
ID1960,04-02-2015 09:56,Dan,Washing Machine,Y,Y,36,0 days 00:06:45,1
ID1961,04-02-2015 10:04,Greg,Toaster,Y,Y,41,0 days 00:05:46,5
ID1962,04-02-2015 10:04,Greg,Air Conditioner,Y,Y,117,0 days 00:06:57,5
ID1963,04-02-2015 10:09,Diane,Fridge,Y,Y,118,0 days 00:00:44,5
ID1964,04-02-2015 10:09,Greg,Fridge,Y,Y,41,0 days 00:05:24,3
ID1965,04-02-2015 10:16,Greg,Television,Y,Y,24,0 days 00:06:07,3
ID1966,04-02-2015 10:16,Martha,Washing Machine,Y,Y,105,0 days 00:02:03,4
ID1967,04-02-2015 10:33,Diane,Television,N,N,0,0 days 00:00:00,0
ID1968,04-02-2015 10:33,Becky,Toaster,Y,Y,45,0 days 00:05:04,1
ID1969,04-02-2015 10:58,Becky,Toaster,Y,Y,66,0 days 00:05:32,4
ID1970,04-02-2015 10:58,Joe,Washing Machine,Y,Y,63,0 days 00:03:27,3
ID1971,04-02-2015 11:02,Becky,Fridge,Y,Y,11,0 days 00:02:13,4
ID1972,04-02-2015 11:02,Jim,Washing Machine,N,N,0,0 days 00:00:00,0
ID1973,04-02-2015 11:39,Becky,Washing Machine,Y,Y,31,0 days 00:00:42,3
ID1974,04-02-2015 11:39,Jim,Fridge,Y,Y,60,0 days 00:03:58,5
ID1975,04-02-2015 11:45,Joe,Toaster,N,N,0,0 days 00:00:00,0
ID1976,04-02-2015 11:45,Stewart,Air Conditioner,N,N,0,0 days 00:00:00,0
ID1977,04-02-2015 12:00,Stewart,Washing Machine,Y,Y,105,0 days 00:06:51,5
ID1978,04-02-2015 12:00,Greg,Television,Y,Y,109,0 days 00:01:32,5
ID1979,04-02-2015 12:04,Martha,Toaster,Y,Y,120,0 days 00:03:05,3
ID1980,04-02-2015 12:04,Martha,Toaster,Y,Y,61,0 days 00:04:43,3
ID1981,04-02-2015 12:14,Stewart,Television,Y,Y,44,0 days 00:00:36,3
ID1982,04-02-2015 12:14,Becky,Fridge,Y,Y,17,0 days 00:05:45,4
ID1983,04-02-2015 12:20,Diane,Television,N,N,0,0 days 00:00:00,0
ID1984,04-02-2015 12:20,Stewart,Television,Y,Y,15,0 days 00:02:48,4
ID1985,04-02-2015 12:20,Martha,Air Conditioner,Y,Y,112,0 days 00:03:18,4
ID1986,04-02-2015 12:20,Becky,Air Conditioner,Y,Y,119,0 days 00:04:20,3
ID1987,04-02-2015 12:36,Joe,Air Conditioner,N,N,0,0 days 00:00:00,0
ID1988,04-02-2015 12:36,Joe,Fridge,Y,N,60,0 days 00:02:59,5
ID1989,04-02-2015 12:38,Jim,Washing Machine,Y,Y,24,0 days 00:06:49,4
ID1990,04-02-2015 12:38,Jim,Toaster,Y,Y,83,0 days 00:05:17,4
ID1991,04-02-2015 13:06,Diane,Television,Y,Y,19,0 days 00:03:16,3
ID1992,04-02-2015 13:06,Martha,Washing Machine,Y,Y,125,0 days 00:03:24,4
ID1993,04-02-2015 13:06,Joe,Toaster,Y,N,72,0 days 00:05:16,2
ID1994,04-02-2015 13:06,Diane,Fridge,N,N,0,0 days 00:00:00,0
ID1995,04-02-2015 13:23,Stewart,Television,Y,Y,39,0 days 00:04:13,4
ID1996,04-02-2015 13:23,Stewart,Toaster,N,N,0,0 days 00:00:00,0
ID1997,04-02-2015 13:53,Becky,Washing Machine,Y,Y,125,0 days 00:04:28,4
ID1998,04-02-2015 13:53,Joe,Toaster,Y,Y,124,0 days 00:01:25,5
ID1999,04-02-2015 14:03,Diane,Toaster,Y,Y,105,0 days 00:03:58,4
ID2000,04-02-2015 14:03,Diane,Air Conditioner,N,N,0,0 days 00:00:00,0
ID2001,04-02-2015 14:47,Martha,Toaster,Y,Y,28,0 days 00:01:49,5
ID2002,04-02-2015 14:47,Stewart,Television,Y,Y,82,0 days 00:00:44,1
ID2003,04-02-2015 14:58,Jim,Fridge,N,N,0,0 days 00:00:00,0
ID2004,04-02-2015 14:58,Dan,Television,Y,Y,30,0 days 00:02:13,4
ID2005,04-02-2015 15:02,Becky,Fridge,Y,Y,47,0 days 00:03:08,4
ID2006,04-02-2015 15:02,Jim,Fridge,Y,Y,124,0 days 00:06:01,1
ID2007,04-02-2015 15:34,Martha,Air Conditioner,Y,Y,113,0 days 00:04:40,4
ID2008,04-02-2015 15:34,Jim,Television,N,N,0,0 days 00:00:00,0
ID2009,04-02-2015 15:46,Diane,Toaster,N,N,0,0 days 00:00:00,0
ID2010,04-02-2015 15:46,Stewart,Fridge,Y,Y,112,0 days 00:04:43,5
ID2011,04-02-2015 15:47,Jim,Fridge,Y,Y,17,0 days 00:04:50,3
ID2012,04-02-2015 15:47,Joe,Air Conditioner,N,N,0,0 days 00:00:00,0
ID2013,04-02-2015 16:16,Diane,Fridge,Y,Y,82,0 days 00:06:05,2
ID2014,04-02-2015 16:16,Diane,Fridge,Y,Y,50,0 days 00:05:19,2
ID2015,04-02-2015 16:29,Diane,Air Conditioner,Y,N,84,0 days 00:01:02,3
ID2016,04-02-2015 16:29,Martha,Toaster,Y,Y,12,0 days 00:05:28,3
ID2017,04-02-2015 17:00,Stewart,Washing Machine,Y,Y,80,0 days 00:01:40,2
ID2018,04-02-2015 17:00,Becky,Air Conditioner,Y,Y,51,0 days 00:02:17,3
ID2019,04-02-2015 17:09,Diane,Toaster,Y,Y,90,0 days 00:03:08,5
ID2020,04-02-2015 17:09,Greg,Washing Machine,Y,Y,40,0 days 00:04:13,4
ID2021,04-02-2015 17:44,Becky,Air Conditioner,Y,N,59,0 days 00:01:03,3
ID2022,04-02-2015 17:44,Joe,Fridge,Y,Y,53,0 days 00:06:21,4
ID2023,04-02-2015 17:47,Martha,Washing Machine,Y,Y,14,0 days 00:02:41,5
ID2024,04-02-2015 17:47,Jim,Television,Y,Y,89,0 days 00:06:24,4
ID2025,04-02-2015 17:57,Becky,Air Conditioner,Y,Y,22,0 days 00:02:56,1
ID2026,04-02-2015 17:57,Martha,Air Conditioner,N,N,0,0 days 00:00:00,0
ID2027,05-02-2015 09:15,Joe,Washing Machine,Y,Y,67,0 days 00:04:02,3
ID2028,05-02-2015 09:15,Diane,Television,Y,Y,28,0 days 00:05:10,1
ID2029,05-02-2015 09:27,Greg,Air Conditioner,N,N,0,0 days 00:00:00,0
ID2030,05-02-2015 09:27,Jim,Washing Machine,N,N,0,0 days 00:00:00,0
ID2031,05-02-2015 09:37,Dan,Washing Machine,Y,Y,15,0 days 00:01:56,5
ID2032,05-02-2015 09:37,Martha,Television,N,N,0,0 days 00:00:00,0
ID2033,05-02-2015 09:37,Martha,Toaster,Y,N,48,0 days 00:01:40,1
ID2034,05-02-2015 09:37,Diane,Toaster,Y,Y,27,0 days 00:04:42,1
ID2035,05-02-2015 09:40,Dan,Air Conditioner,Y,Y,99,0 days 00:06:13,3
ID2036,05-02-2015 09:40,Stewart,Toaster,Y,Y,33,0 days 00:06:52,3
ID2037,05-02-2015 10:17,Greg,Television,Y,Y,106,0 days 00:04:27,5
ID2038,05-02-2015 10:17,Jim,Fridge,N,N,0,0 days 00:00:00,0
ID2039,05-02-2015 10:26,Dan,Toaster,Y,Y,121,0 days 00:03:15,4
ID2040,05-02-2015 10:26,Jim,Air Conditioner,Y,Y,36,0 days 00:04:19,5
ID2041,05-02-2015 10:30,Diane,Toaster,Y,Y,54,0 days 00:04:02,3
ID2042,05-02-2015 10:30,Greg,Fridge,Y,Y,55,0 days 00:02:18,3
ID2043,05-02-2015 10:49,Dan,Television,N,N,0,0 days 00:00:00,0
ID2044,05-02-2015 10:49,Joe,Television,Y,Y,61,0 days 00:00:55,3
ID2045,05-02-2015 11:13,Jim,Fridge,Y,N,25,0 days 00:03:31,2
ID2046,05-02-2015 11:13,Martha,Toaster,N,N,0,0 days 00:00:00,0
ID2047,05-02-2015 11:35,Martha,Fridge,Y,Y,84,0 days 00:01:39,4
ID2048,05-02-2015 11:35,Becky,Toaster,Y,Y,36,0 days 00:05:11,4
ID2049,05-02-2015 11:39,Stewart,Television,Y,Y,123,0 days 00:03:19,3
ID2050,05-02-2015 11:39,Joe,Toaster,Y,Y,50,0 days 00:06:55,1
ID2051,05-02-2015 11:42,Dan,Fridge,N,N,0,0 days 00:00:00,0
ID2052,05-02-2015 11:42,Jim,Washing Machine,Y,Y,69,0 days 00:02:23,4
ID2053,05-02-2015 11:48,Jim,Television,Y,Y,62,0 days 00:03:32,3
ID2054,05-02-2015 11:48,Stewart,Television,Y,Y,39,0 days 00:01:31,3
ID2055,05-02-2015 11:49,Martha,Toaster,Y,Y,61,0 days 00:05:06,5
ID2056,05-02-2015 11:49,Martha,Fridge,Y,Y,45,0 days 00:03:06,3
ID2057,05-02-2015 11:49,Joe,Air Conditioner,Y,Y,109,0 days 00:05:12,4
ID2058,05-02-2015 11:49,Greg,Fridge,N,N,0,0 days 00:00:00,0
ID2059,05-02-2015 11:51,Martha,Television,Y,Y,41,0 days 00:01:23,5
ID2060,05-02-2015 11:51,Greg,Television,Y,Y,10,0 days 00:05:14,3
ID2061,05-02-2015 12:11,Stewart,Washing Machine,Y,Y,23,0 days 00:03:36,1
ID2062,05-02-2015 12:11,Martha,Fridge,Y,Y,22,0 days 00:04:41,4
ID2063,05-02-2015 13:07,Diane,Washing Machine,Y,N,75,0 days 00:01:52,5
ID2064,05-02-2015 13:07,Dan,Toaster,Y,Y,93,0 days 00:04:37,3
ID2065,05-02-2015 13:17,Jim,Television,Y,Y,106,0 days 00:03:49,4
ID2066,05-02-2015 13:17,Joe,Television,Y,Y,117,0 days 00:03:52,3
ID2067,05-02-2015 13:43,Jim,Toaster,Y,N,74,0 days 00:02:42,1
ID2068,05-02-2015 13:43,Becky,Air Conditioner,Y,Y,68,0 days 00:01:07,3
ID2069,05-02-2015 14:13,Greg,Fridge,Y,Y,107,0 days 00:05:37,3
ID2070,05-02-2015 14:13,Diane,Washing Machine,Y,Y,119,0 days 00:00:58,1
ID2071,05-02-2015 14:26,Dan,Toaster,N,N,0,0 days 00:00:00,0
ID2072,05-02-2015 14:26,Stewart,Television,Y,Y,123,0 days 00:04:16,2
ID2073,05-02-2015 14:32,Jim,Fridge,Y,Y,103,0 days 00:02:11,2
ID2074,05-02-2015 14:32,Martha,Television,Y,Y,113,0 days 00:00:37,5
ID2075,05-02-2015 14:35,Greg,Air Conditioner,Y,N,116,0 days 00:05:16,4
ID2076,05-02-2015 14:35,Stewart,Fridge,Y,N,39,0 days 00:02:16,1
ID2077,05-02-2015 14:47,Becky,Fridge,Y,Y,78,0 days 00:06:12,3
ID2078,05-02-2015 14:47,Martha,Air Conditioner,Y,Y,120,0 days 00:05:10,3
ID2079,05-02-2015 14:57,Joe,Washing Machine,Y,Y,118,0 days 00:02:53,3
ID2080,05-02-2015 14:57,Dan,Washing Machine,Y,Y,103,0 days 00:04:46,3
ID2081,05-02-2015 15:14,Jim,Fridge,Y,Y,96,0 days 00:04:59,4
ID2082,05-02-2015 15:14,Becky,Toaster,Y,Y,105,0 days 00:03:34,4
ID2083,05-02-2015 15:41,Joe,Toaster,Y,Y,12,0 days 00:02:57,2
ID2084,05-02-2015 15:41,Martha,Fridge,N,N,0,0 days 00:00:00,0
ID2085,05-02-2015 16:04,Martha,Air Conditioner,Y,Y,61,0 days 00:03:12,2
ID2086,05-02-2015 16:04,Martha,Fridge,Y,Y,82,0 days 00:06:54,1
ID2087,05-02-2015 16:17,Greg,Air Conditioner,Y,Y,51,0 days 00:01:03,2
ID2088,05-02-2015 16:17,Becky,Fridge,Y,Y,25,0 days 00:06:44,5
ID2089,05-02-2015 16:23,Jim,Air Conditioner,Y,Y,30,0 days 00:00:35,4
ID2090,05-02-2015 16:23,Martha,Air Conditioner,N,N,0,0 days 00:00:00,0
ID2091,05-02-2015 16:55,Stewart,Washing Machine,Y,Y,90,0 days 00:01:59,3
ID2092,05-02-2015 16:55,Dan,Fridge,N,N,0,0 days 00:00:00,0
ID2093,05-02-2015 17:21,Diane,Washing Machine,Y,Y,12,0 days 00:01:45,3
ID2094,05-02-2015 17:21,Jim,Fridge,N,N,0,0 days 00:00:00,0
ID2095,05-02-2015 17:39,Martha,Washing Machine,N,N,0,0 days 00:00:00,0
ID2096,05-02-2015 17:39,Jim,Air Conditioner,N,N,0,0 days 00:00:00,0
ID2097,05-02-2015 17:44,Becky,Air Conditioner,Y,Y,50,0 days 00:05:16,3
ID2098,05-02-2015 17:44,Diane,Air Conditioner,Y,Y,125,0 days 00:00:50,3
ID2099,06-02-2015 09:23,Jim,Fridge,Y,Y,118,0 days 00:01:50,4
ID2100,06-02-2015 09:23,Martha,Television,Y,N,46,0 days 00:01:33,5
ID2101,06-02-2015 09:57,Jim,Air Conditioner,Y,Y,92,0 days 00:03:55,4
ID2102,06-02-2015 09:57,Becky,Toaster,Y,Y,23,0 days 00:02:26,3
ID2103,06-02-2015 09:59,Becky,Washing Machine,Y,Y,108,0 days 00:03:43,2
ID2104,06-02-2015 09:59,Diane,Television,Y,Y,122,0 days 00:03:20,4
ID2105,06-02-2015 10:46,Joe,Air Conditioner,Y,Y,27,0 days 00:00:38,4
ID2106,06-02-2015 10:46,Becky,Fridge,Y,Y,116,0 days 00:01:22,4
ID2107,06-02-2015 10:48,Greg,Toaster,Y,Y,120,0 days 00:06:21,3
ID2108,06-02-2015 10:48,Greg,Air Conditioner,Y,Y,55,0 days 00:00:50,5
ID2109,06-02-2015 11:02,Diane,Television,Y,Y,46,0 days 00:04:21,4
ID2110,06-02-2015 11:02,Stewart,Washing Machine,N,N,0,0 days 00:00:00,0
ID2111,06-02-2015 11:25,Jim,Television,Y,Y,78,0 days 00:03:42,2
ID2112,06-02-2015 11:25,Greg,Toaster,Y,Y,76,0 days 00:02:51,3
ID2113,06-02-2015 11:32,Becky,Washing Machine,Y,Y,15,0 days 00:06:23,5
ID2114,06-02-2015 11:32,Becky,Fridge,N,N,0,0 days 00:00:00,0
ID2115,06-02-2015 11:38,Dan,Air Conditioner,Y,Y,15,0 days 00:06:23,1
ID2116,06-02-2015 11:38,Becky,Toaster,N,N,0,0 days 00:00:00,0
ID2117,06-02-2015 11:55,Becky,Fridge,Y,Y,82,0 days 00:02:03,4
ID2118,06-02-2015 11:55,Greg,Fridge,Y,Y,59,0 days 00:05:47,1
ID2119,06-02-2015 12:02,Dan,Television,Y,Y,41,0 days 00:00:49,4
ID2120,06-02-2015 12:02,Martha,Television,Y,Y,39,0 days 00:04:27,3
ID2121,06-02-2015 12:12,Martha,Toaster,N,N,0,0 days 00:00:00,0
ID2122,06-02-2015 12:12,Martha,Fridge,Y,Y,108,0 days 00:03:49,4
ID2123,06-02-2015 12:33,Stewart,Toaster,Y,Y,48,0 days 00:02:36,4
ID2124,06-02-2015 12:33,Greg,Toaster,Y,Y,106,0 days 00:01:44,5
ID2125,06-02-2015 12:53,Becky,Air Conditioner,Y,Y,100,0 days 00:02:23,1
ID2126,06-02-2015 12:53,Jim,Air Conditioner,Y,Y,109,0 days 00:03:06,2
ID2127,06-02-2015 13:03,Diane,Television,N,N,0,0 days 00:00:00,0
ID2128,06-02-2015 13:03,Becky,Television,Y,N,26,0 days 00:03:30,3
ID2129,06-02-2015 13:39,Dan,Air Conditioner,Y,Y,96,0 days 00:05:50,4
ID2130,06-02-2015 13:39,Greg,Television,Y,Y,23,0 days 00:05:55,5
ID2131,06-02-2015 13:43,Martha,Toaster,N,N,0,0 days 00:00:00,0
ID2132,06-02-2015 13:43,Diane,Toaster,Y,Y,123,0 days 00:02:44,3
ID2133,06-02-2015 14:52,Dan,Air Conditioner,N,N,0,0 days 00:00:00,0
ID2134,06-02-2015 14:52,Dan,Washing Machine,Y,Y,55,0 days 00:04:08,5
ID2135,06-02-2015 14:55,Becky,Air Conditioner,Y,Y,44,0 days 00:06:35,4
ID2136,06-02-2015 14:55,Diane,Toaster,Y,Y,73,0 days 00:05:14,1
ID2137,06-02-2015 15:53,Stewart,Toaster,Y,Y,63,0 days 00:06:51,3
ID2138,06-02-2015 15:53,Diane,Toaster,N,N,0,0 days 00:00:00,0
ID2139,06-02-2015 16:45,Dan,Fridge,Y,Y,82,0 days 00:02:25,2
ID2140,06-02-2015 16:45,Greg,Washing Machine,Y,Y,113,0 days 00:06:17,4
ID2141,06-02-2015 17:02,Greg,Air Conditioner,Y,N,57,0 days 00:06:12,4
ID2142,06-02-2015 17:02,Stewart,Television,Y,Y,63,0 days 00:01:27,1
ID2143,06-02-2015 17:31,Diane,Fridge,Y,Y,120,0 days 00:05:13,4
ID2144,06-02-2015 17:31,Jim,Air Conditioner,Y,Y,68,0 days 00:05:42,5
ID2145,06-02-2015 17:35,Martha,Washing Machine,Y,Y,31,0 days 00:02:15,3
ID2146,06-02-2015 17:35,Becky,Television,Y,Y,44,0 days 00:05:05,3
ID2147,06-02-2015 17:35,Becky,Toaster,Y,Y,84,0 days 00:03:33,5
ID2148,06-02-2015 17:35,Greg,Air Conditioner,Y,Y,79,0 days 00:04:49,5
ID2149,07-02-2015 09:10,Diane,Fridge,Y,Y,71,0 days 00:06:52,3
ID2150,07-02-2015 09:10,Jim,Fridge,Y,Y,94,0 days 00:02:17,3
ID2151,07-02-2015 09:28,Martha,Air Conditioner,N,N,0,0 days 00:00:00,0
ID2152,07-02-2015 09:28,Dan,Toaster,Y,Y,11,0 days 00:06:50,5
ID2153,07-02-2015 09:30,Greg,Television,Y,Y,51,0 days 00:06:15,1
ID2154,07-02-2015 09:30,Martha,Television,Y,N,12,0 days 00:06:03,3
ID2155,07-02-2015 10:00,Jim,Fridge,Y,Y,16,0 days 00:05:22,4
ID2156,07-02-2015 10:00,Becky,Toaster,N,N,0,0 days 00:00:00,0
ID2157,07-02-2015 10:06,Jim,Television,Y,Y,54,0 days 00:04:21,3
ID2158,07-02-2015 10:06,Martha,Fridge,Y,Y,106,0 days 00:04:06,3
ID2159,07-02-2015 10:13,Diane,Toaster,N,N,0,0 days 00:00:00,0
ID2160,07-02-2015 10:13,Martha,Fridge,Y,Y,13,0 days 00:01:10,3
ID2161,07-02-2015 10:42,Joe,Television,Y,N,97,0 days 00:03:16,4
ID2162,07-02-2015 10:42,Martha,Washing Machine,Y,Y,124,0 days 00:04:54,4
ID2163,07-02-2015 10:56,Dan,Air Conditioner,Y,Y,46,0 days 00:04:12,3
ID2164,07-02-2015 10:56,Martha,Television,Y,Y,53,0 days 00:06:37,4
ID2165,07-02-2015 11:24,Becky,Toaster,Y,Y,51,0 days 00:06:01,2
ID2166,07-02-2015 11:24,Diane,Air Conditioner,Y,Y,51,0 days 00:00:58,5
ID2167,07-02-2015 11:24,Becky,Washing Machine,Y,Y,30,0 days 00:01:58,4
ID2168,07-02-2015 11:24,Greg,Television,Y,Y,51,0 days 00:06:24,5
ID2169,07-02-2015 11:25,Becky,Fridge,Y,Y,45,0 days 00:02:40,1
ID2170,07-02-2015 11:25,Diane,Washing Machine,Y,Y,43,0 days 00:06:27,5
ID2171,07-02-2015 12:48,Greg,Air Conditioner,Y,Y,51,0 days 00:01:14,4
ID2172,07-02-2015 12:48,Becky,Washing Machine,Y,Y,99,0 days 00:04:06,4
ID2173,07-02-2015 13:00,Greg,Fridge,Y,Y,94,0 days 00:01:50,5
ID2174,07-02-2015 13:00,Stewart,Air Conditioner,Y,Y,11,0 days 00:01:19,2
ID2175,07-02-2015 13:04,Diane,Air Conditioner,Y,Y,120,0 days 00:00:40,3
ID2176,07-02-2015 13:04,Stewart,Fridge,Y,Y,70,0 days 00:06:33,3
ID2177,07-02-2015 13:48,Becky,Toaster,Y,Y,111,0 days 00:06:44,5
ID2178,07-02-2015 13:48,Martha,Air Conditioner,Y,Y,85,0 days 00:04:43,1
ID2179,07-02-2015 13:52,Diane,Air Conditioner,Y,N,58,0 days 00:01:31,2
ID2180,07-02-2015 13:52,Dan,Fridge,N,N,0,0 days 00:00:00,0
ID2181,07-02-2015 14:08,Greg,Toaster,Y,Y,14,0 days 00:03:17,4
ID2182,07-02-2015 14:08,Martha,Toaster,Y,Y,40,0 days 00:04:27,4
ID2183,07-02-2015 14:09,Jim,Washing Machine,Y,Y,51,0 days 00:05:14,3
ID2184,07-02-2015 14:09,Greg,Television,Y,N,16,0 days 00:05:47,3
ID2185,07-02-2015 14:21,Greg,Washing Machine,Y,Y,27,0 days 00:03:53,3
ID2186,07-02-2015 14:21,Martha,Washing Machine,Y,Y,14,0 days 00:06:28,1
ID2187,07-02-2015 15:20,Martha,Toaster,Y,Y,105,0 days 00:04:17,4
ID2188,07-02-2015 15:20,Diane,Television,Y,Y,77,0 days 00:01:05,4
ID2189,07-02-2015 16:09,Greg,Toaster,Y,N,71,0 days 00:03:28,3
ID2190,07-02-2015 16:09,Dan,Toaster,Y,Y,105,0 days 00:04:16,4
ID2191,07-02-2015 16:19,Stewart,Fridge,Y,Y,107,0 days 00:05:42,4
ID2192,07-02-2015 16:19,Martha,Air Conditioner,N,N,0,0 days 00:00:00,0
ID2193,07-02-2015 16:30,Becky,Fridge,Y,Y,53,0 days 00:03:54,2
ID2194,07-02-2015 16:30,Joe,Washing Machine,Y,Y,109,0 days 00:03:40,4
ID2195,07-02-2015 16:30,Becky,Air Conditioner,Y,Y,18,0 days 00:04:17,4
ID2196,07-02-2015 16:30,Dan,Fridge,Y,Y,34,0 days 00:03:27,3
ID2197,07-02-2015 16:35,Jim,Toaster,N,N,0,0 days 00:00:00,0
ID2198,07-02-2015 16:35,Martha,Washing Machine,Y,Y,102,0 days 00:05:43,2
ID2199,07-02-2015 16:39,Martha,Toaster,N,N,0,0 days 00:00:00,0
ID2200,07-02-2015 16:39,Becky,Toaster,N,N,0,0 days 00:00:00,0
ID2201,07-02-2015 16:43,Stewart,Toaster,Y,Y,111,0 days 00:01:20,5
ID2202,07-02-2015 16:43,Greg,Fridge,Y,Y,81,0 days 00:04:14,4
ID2203,07-02-2015 17:25,Diane,Fridge,Y,Y,97,0 days 00:05:13,3
ID2204,07-02-2015 17:25,Greg,Washing Machine,N,N,0,0 days 00:00:00,0
ID2205,08-02-2015 09:00,Jim,Fridge,N,N,0,0 days 00:00:00,0
ID2206,08-02-2015 09:00,Becky,Washing Machine,Y,Y,17,0 days 00:05:49,4
ID2207,08-02-2015 09:15,Becky,Fridge,Y,Y,116,0 days 00:04:05,4
ID2208,08-02-2015 09:15,Joe,Toaster,Y,Y,112,0 days 00:04:43,3
ID2209,08-02-2015 09:23,Diane,Fridge,Y,Y,40,0 days 00:06:40,1
ID2210,08-02-2015 09:23,Becky,Fridge,Y,Y,120,0 days 00:02:41,5
ID2211,08-02-2015 10:07,Joe,Toaster,Y,Y,24,0 days 00:01:02,4
ID2212,08-02-2015 10:07,Diane,Washing Machine,N,N,0,0 days 00:00:00,0
ID2213,08-02-2015 10:32,Stewart,Air Conditioner,Y,Y,122,0 days 00:02:49,3
ID2214,08-02-2015 10:32,Stewart,Television,Y,Y,21,0 days 00:06:07,3
ID2215,08-02-2015 12:11,Dan,Washing Machine,Y,Y,16,0 days 00:05:12,5
ID2216,08-02-2015 12:11,Stewart,Television,N,N,0,0 days 00:00:00,0
ID2217,08-02-2015 13:09,Greg,Television,Y,Y,65,0 days 00:06:13,4
ID2218,08-02-2015 13:09,Martha,Washing Machine,N,N,0,0 days 00:00:00,0
ID2219,08-02-2015 13:23,Martha,Television,Y,N,111,0 days 00:05:19,1
ID2220,08-02-2015 13:23,Stewart,Washing Machine,Y,Y,81,0 days 00:00:55,2
ID2221,08-02-2015 14:15,Diane,Air Conditioner,N,N,0,0 days 00:00:00,0
ID2222,08-02-2015 14:15,Martha,Air Conditioner,Y,Y,85,0 days 00:04:36,3
ID2223,08-02-2015 14:24,Martha,Air Conditioner,Y,Y,109,0 days 00:05:55,4
ID2224,08-02-2015 14:24,Becky,Television,Y,N,71,0 days 00:01:39,4
ID2225,08-02-2015 14:26,Diane,Fridge,Y,Y,50,0 days 00:02:09,3
ID2226,08-02-2015 14:26,Greg,Toaster,Y,Y,66,0 days 00:01:03,3
ID2227,08-02-2015 14:34,Becky,Television,Y,Y,36,0 days 00:02:36,5
ID2228,08-02-2015 14:34,Joe,Television,Y,Y,57,0 days 00:03:56,2
ID2229,08-02-2015 14:38,Greg,Air Conditioner,Y,Y,124,0 days 00:04:11,5
ID2230,08-02-2015 14:38,Martha,Washing Machine,Y,Y,57,0 days 00:02:30,1
ID2231,08-02-2015 14:55,Becky,Toaster,N,N,0,0 days 00:00:00,0
ID2232,08-02-2015 14:55,Jim,Toaster,Y,Y,51,0 days 00:05:09,5
ID2233,08-02-2015 16:13,Diane,Toaster,Y,Y,119,0 days 00:06:46,3
ID2234,08-02-2015 16:13,Diane,Television,Y,Y,62,0 days 00:04:47,3
ID2235,08-02-2015 16:17,Joe,Washing Machine,Y,Y,70,0 days 00:03:13,5
ID2236,08-02-2015 16:17,Jim,Washing Machine,Y,Y,30,0 days 00:04:12,4
ID2237,08-02-2015 16:30,Diane,Fridge,Y,Y,17,0 days 00:04:08,3
ID2238,08-02-2015 16:30,Joe,Television,Y,Y,43,0 days 00:03:18,3
ID2239,08-02-2015 16:45,Dan,Air Conditioner,Y,Y,81,0 days 00:01:56,5
ID2240,08-02-2015 16:45,Martha,Fridge,Y,Y,58,0 days 00:05:37,3
ID2241,08-02-2015 16:46,Martha,Washing Machine,Y,Y,59,0 days 00:03:47,4
ID2242,08-02-2015 16:46,Martha,Television,N,N,0,0 days 00:00:00,0
ID2243,08-02-2015 17:08,Martha,Air Conditioner,Y,Y,110,0 days 00:05:17,5
ID2244,08-02-2015 17:08,Diane,Television,Y,Y,91,0 days 00:01:29,3
ID2245,08-02-2015 17:57,Greg,Fridge,Y,Y,12,0 days 00:00:48,3
ID2246,08-02-2015 17:57,Dan,Toaster,Y,Y,38,0 days 00:06:48,5
ID2247,09-02-2015 09:12,Becky,Toaster,Y,Y,83,0 days 00:01:16,5
ID2248,09-02-2015 09:12,Joe,Air Conditioner,Y,Y,31,0 days 00:03:27,4
ID2249,09-02-2015 09:28,Stewart,Television,Y,Y,105,0 days 00:00:32,5
ID2250,09-02-2015 09:28,Diane,Television,Y,Y,98,0 days 00:01:21,5
ID2251,09-02-2015 10:10,Joe,Air Conditioner,Y,Y,56,0 days 00:04:01,2
ID2252,09-02-2015 10:10,Becky,Air Conditioner,Y,Y,83,0 days 00:05:13,5
ID2253,09-02-2015 10:27,Greg,Toaster,Y,Y,42,0 days 00:02:44,2
ID2254,09-02-2015 10:27,Dan,Fridge,Y,Y,59,0 days 00:05:06,3
ID2255,09-02-2015 10:46,Dan,Fridge,Y,Y,62,0 days 00:06:52,4
ID2256,09-02-2015 10:46,Jim,Fridge,Y,Y,63,0 days 00:04:16,1
ID2257,09-02-2015 11:32,Joe,Air Conditioner,Y,Y,108,0 days 00:02:43,3
ID2258,09-02-2015 11:32,Dan,Toaster,Y,N,100,0 days 00:06:45,5
ID2259,09-02-2015 12:20,Martha,Washing Machine,Y,Y,69,0 days 00:05:50,3
ID2260,09-02-2015 12:20,Joe,Fridge,Y,Y,66,0 days 00:04:53,2
ID2261,09-02-2015 12:28,Dan,Toaster,N,N,0,0 days 00:00:00,0
ID2262,09-02-2015 12:28,Stewart,Television,N,N,0,0 days 00:00:00,0
ID2263,09-02-2015 12:37,Dan,Toaster,Y,Y,122,0 days 00:00:48,4
ID2264,09-02-2015 12:37,Dan,Fridge,Y,Y,44,0 days 00:05:26,4
ID2265,09-02-2015 12:47,Becky,Washing Machine,N,N,0,0 days 00:00:00,0
ID2266,09-02-2015 12:47,Greg,Air Conditioner,N,N,0,0 days 00:00:00,0
ID2267,09-02-2015 12:47,Joe,Washing Machine,Y,Y,48,0 days 00:05:32,3
ID2268,09-02-2015 12:47,Dan,Washing Machine,Y,Y,82,0 days 00:03:49,1
ID2269,09-02-2015 12:50,Greg,Television,Y,N,17,0 days 00:05:06,2
ID2270,09-02-2015 12:50,Greg,Toaster,Y,Y,52,0 days 00:01:57,5
ID2271,09-02-2015 13:00,Diane,Fridge,Y,Y,61,0 days 00:05:55,5
ID2272,09-02-2015 13:00,Dan,Fridge,Y,Y,103,0 days 00:03:26,4
ID2273,09-02-2015 13:06,Diane,Fridge,Y,Y,30,0 days 00:01:11,4
ID2274,09-02-2015 13:06,Greg,Air Conditioner,N,N,0,0 days 00:00:00,0
ID2275,09-02-2015 13:22,Jim,Television,Y,Y,21,0 days 00:03:12,5
ID2276,09-02-2015 13:22,Jim,Television,Y,Y,117,0 days 00:04:18,5
ID2277,09-02-2015 13:29,Jim,Fridge,N,N,0,0 days 00:00:00,0
ID2278,09-02-2015 13:29,Joe,Fridge,Y,Y,110,0 days 00:06:33,3
ID2279,09-02-2015 14:29,Becky,Toaster,Y,N,47,0 days 00:06:42,3
ID2280,09-02-2015 14:29,Diane,Television,Y,Y,48,0 days 00:02:03,4
ID2281,09-02-2015 14:29,Martha,Air Conditioner,Y,Y,63,0 days 00:03:31,5
ID2282,09-02-2015 14:29,Joe,Toaster,N,N,0,0 days 00:00:00,0
ID2283,09-02-2015 15:20,Diane,Air Conditioner,N,N,0,0 days 00:00:00,0
ID2284,09-02-2015 15:20,Jim,Fridge,Y,Y,78,0 days 00:01:43,3
ID2285,09-02-2015 15:54,Dan,Fridge,Y,Y,80,0 days 00:06:38,5
ID2286,09-02-2015 15:54,Martha,Air Conditioner,N,N,0,0 days 00:00:00,0
ID2287,09-02-2015 16:19,Martha,Fridge,Y,Y,93,0 days 00:01:27,5
ID2288,09-02-2015 16:19,Greg,Fridge,Y,Y,88,0 days 00:01:36,5
ID2289,09-02-2015 16:20,Joe,Television,Y,Y,14,0 days 00:03:30,5
ID2290,09-02-2015 16:20,Becky,Fridge,Y,Y,59,0 days 00:04:36,3
ID2291,09-02-2015 16:22,Stewart,Air Conditioner,Y,Y,101,0 days 00:01:18,2
ID2292,09-02-2015 16:22,Greg,Television,Y,Y,38,0 days 00:00:43,2
ID2293,09-02-2015 16:32,Jim,Air Conditioner,Y,Y,104,0 days 00:02:34,1
ID2294,09-02-2015 16:32,Stewart,Fridge,Y,Y,29,0 days 00:01:04,4
ID2295,09-02-2015 16:52,Diane,Television,Y,Y,67,0 days 00:01:51,2
ID2296,09-02-2015 16:52,Dan,Fridge,Y,Y,75,0 days 00:04:55,5
ID2297,09-02-2015 17:03,Greg,Toaster,Y,Y,110,0 days 00:01:03,1
ID2298,09-02-2015 17:03,Jim,Television,Y,N,36,0 days 00:06:51,2
ID2299,09-02-2015 17:29,Diane,Washing Machine,Y,Y,96,0 days 00:06:24,2
ID2300,09-02-2015 17:29,Joe,Air Conditioner,Y,N,91,0 days 00:03:43,4
ID2301,09-02-2015 17:57,Dan,Fridge,N,N,0,0 days 00:00:00,0
ID2302,09-02-2015 17:57,Becky,Television,Y,Y,53,0 days 00:01:08,4
ID2303,10-02-2015 09:01,Joe,Television,Y,Y,112,0 days 00:05:34,3
ID2304,10-02-2015 09:01,Stewart,Fridge,N,N,0,0 days 00:00:00,0
ID2305,10-02-2015 09:12,Martha,Air Conditioner,Y,Y,87,0 days 00:01:23,3
ID2306,10-02-2015 09:12,Diane,Fridge,Y,Y,78,0 days 00:01:45,5
ID2307,10-02-2015 09:18,Jim,Toaster,Y,N,16,0 days 00:01:53,4
ID2308,10-02-2015 09:18,Jim,Television,Y,Y,56,0 days 00:06:38,4
ID2309,10-02-2015 10:37,Diane,Air Conditioner,Y,Y,87,0 days 00:06:49,3
ID2310,10-02-2015 10:37,Becky,Washing Machine,N,N,0,0 days 00:00:00,0
ID2311,10-02-2015 11:03,Jim,Fridge,Y,N,46,0 days 00:05:54,4
ID2312,10-02-2015 11:03,Becky,Toaster,Y,Y,116,0 days 00:06:13,3
ID2313,10-02-2015 11:09,Stewart,Air Conditioner,Y,Y,26,0 days 00:01:39,4
ID2314,10-02-2015 11:09,Joe,Air Conditioner,Y,Y,94,0 days 00:03:53,2
ID2315,10-02-2015 11:19,Joe,Television,Y,N,87,0 days 00:01:21,3
ID2316,10-02-2015 11:19,Greg,Air Conditioner,Y,Y,14,0 days 00:01:19,3
ID2317,10-02-2015 11:29,Jim,Washing Machine,Y,Y,49,0 days 00:03:51,3
ID2318,10-02-2015 11:29,Stewart,Washing Machine,Y,Y,91,0 days 00:02:12,2
ID2319,10-02-2015 11:31,Becky,Washing Machine,Y,Y,63,0 days 00:02:38,3
ID2320,10-02-2015 11:31,Diane,Fridge,Y,Y,92,0 days 00:02:48,4
ID2321,10-02-2015 11:51,Becky,Toaster,N,N,0,0 days 00:00:00,0
ID2322,10-02-2015 11:51,Stewart,Toaster,N,N,0,0 days 00:00:00,0
ID2323,10-02-2015 12:15,Jim,Air Conditioner,Y,Y,34,0 days 00:02:29,5
ID2324,10-02-2015 12:15,Jim,Toaster,Y,Y,88,0 days 00:03:43,3
ID2325,10-02-2015 12:20,Martha,Fridge,Y,Y,28,0 days 00:01:58,3
ID2326,10-02-2015 12:20,Becky,Air Conditioner,N,N,0,0 days 00:00:00,0
ID2327,10-02-2015 12:23,Jim,Washing Machine,N,N,0,0 days 00:00:00,0
ID2328,10-02-2015 12:23,Martha,Washing Machine,Y,Y,103,0 days 00:00:52,2
ID2329,10-02-2015 12:47,Joe,Air Conditioner,Y,Y,11,0 days 00:01:02,1
ID2330,10-02-2015 12:47,Dan,Fridge,N,N,0,0 days 00:00:00,0
ID2331,10-02-2015 12:59,Becky,Toaster,Y,Y,65,0 days 00:02:42,5
ID2332,10-02-2015 12:59,Dan,Toaster,Y,N,46,0 days 00:06:08,2
ID2333,10-02-2015 13:04,Stewart,Toaster,Y,Y,77,0 days 00:06:21,1
ID2334,10-02-2015 13:04,Dan,Washing Machine,Y,N,53,0 days 00:05:47,2
ID2335,10-02-2015 13:04,Jim,Toaster,Y,Y,30,0 days 00:02:21,4
ID2336,10-02-2015 13:04,Joe,Fridge,Y,Y,106,0 days 00:02:33,2
ID2337,10-02-2015 13:46,Joe,Television,Y,Y,13,0 days 00:05:50,4
ID2338,10-02-2015 13:46,Martha,Washing Machine,Y,Y,45,0 days 00:05:37,5
ID2339,10-02-2015 14:09,Stewart,Television,N,N,0,0 days 00:00:00,0
ID2340,10-02-2015 14:09,Greg,Television,Y,Y,19,0 days 00:01:49,5
ID2341,10-02-2015 15:05,Becky,Toaster,Y,Y,64,0 days 00:02:50,5
ID2342,10-02-2015 15:05,Dan,Television,Y,N,47,0 days 00:02:01,5
ID2343,10-02-2015 15:46,Greg,Toaster,Y,Y,120,0 days 00:00:56,3
ID2344,10-02-2015 15:46,Stewart,Washing Machine,Y,Y,85,0 days 00:02:09,3
ID2345,10-02-2015 16:22,Dan,Washing Machine,Y,Y,64,0 days 00:01:38,3
ID2346,10-02-2015 16:22,Diane,Fridge,N,N,0,0 days 00:00:00,0
ID2347,10-02-2015 16:26,Martha,Air Conditioner,Y,Y,73,0 days 00:06:11,5
ID2348,10-02-2015 16:26,Becky,Air Conditioner,N,N,0,0 days 00:00:00,0
ID2349,10-02-2015 16:27,Joe,Air Conditioner,N,N,0,0 days 00:00:00,0
ID2350,10-02-2015 16:27,Martha,Washing Machine,Y,Y,122,0 days 00:04:35,4
ID2351,10-02-2015 16:27,Dan,Washing Machine,N,N,0,0 days 00:00:00,0
ID2352,10-02-2015 16:27,Diane,Washing Machine,N,N,0,0 days 00:00:00,0
ID2353,10-02-2015 17:08,Diane,Air Conditioner,Y,Y,114,0 days 00:06:54,3
ID2354,10-02-2015 17:08,Becky,Air Conditioner,Y,Y,30,0 days 00:06:31,1
ID2355,10-02-2015 17:18,Diane,Fridge,Y,Y,47,0 days 00:00:47,4
ID2356,10-02-2015 17:18,Joe,Toaster,Y,Y,23,0 days 00:03:37,2
ID2357,10-02-2015 17:25,Greg,Toaster,Y,Y,99,0 days 00:01:42,3
ID2358,10-02-2015 17:25,Stewart,Washing Machine,Y,Y,51,0 days 00:04:51,4
ID2359,10-02-2015 17:28,Diane,Washing Machine,Y,Y,20,0 days 00:05:06,1
ID2360,10-02-2015 17:28,Jim,Fridge,Y,Y,25,0 days 00:06:15,5
ID2361,10-02-2015 17:35,Jim,Washing Machine,N,N,0,0 days 00:00:00,0
ID2362,10-02-2015 17:35,Jim,Washing Machine,Y,Y,69,0 days 00:04:16,3
ID2363,10-02-2015 17:44,Dan,Fridge,Y,Y,118,0 days 00:05:40,4
ID2364,10-02-2015 17:44,Diane,Toaster,Y,Y,108,0 days 00:04:40,5
ID2365,11-02-2015 09:05,Martha,Television,Y,Y,59,0 days 00:04:31,5
ID2366,11-02-2015 09:05,Diane,Air Conditioner,Y,Y,103,0 days 00:01:22,3
ID2367,11-02-2015 09:11,Becky,Toaster,N,N,0,0 days 00:00:00,0
ID2368,11-02-2015 09:11,Jim,Washing Machine,Y,Y,112,0 days 00:01:24,1
ID2369,11-02-2015 09:34,Diane,Television,Y,Y,38,0 days 00:03:30,5
ID2370,11-02-2015 09:34,Jim,Washing Machine,Y,Y,81,0 days 00:04:44,3
ID2371,11-02-2015 09:44,Martha,Fridge,Y,N,115,0 days 00:03:02,4
ID2372,11-02-2015 09:44,Greg,Washing Machine,N,N,0,0 days 00:00:00,0
ID2373,11-02-2015 10:12,Stewart,Washing Machine,Y,Y,45,0 days 00:01:04,4
ID2374,11-02-2015 10:12,Dan,Fridge,Y,Y,11,0 days 00:02:06,5
ID2375,11-02-2015 10:23,Joe,Television,Y,Y,93,0 days 00:02:17,1
ID2376,11-02-2015 10:23,Becky,Television,Y,Y,107,0 days 00:01:45,5
ID2377,11-02-2015 10:29,Martha,Toaster,Y,Y,36,0 days 00:05:37,3
ID2378,11-02-2015 10:29,Greg,Washing Machine,Y,Y,81,0 days 00:04:20,1
ID2379,11-02-2015 11:05,Greg,Toaster,Y,Y,58,0 days 00:06:31,3
ID2380,11-02-2015 11:05,Diane,Washing Machine,N,N,0,0 days 00:00:00,0
ID2381,11-02-2015 11:12,Jim,Washing Machine,Y,Y,102,0 days 00:06:13,5
ID2382,11-02-2015 11:12,Becky,Television,Y,Y,63,0 days 00:05:52,4
ID2383,11-02-2015 11:54,Dan,Television,Y,Y,106,0 days 00:00:41,4
ID2384,11-02-2015 11:54,Becky,Fridge,N,N,0,0 days 00:00:00,0
ID2385,11-02-2015 11:55,Jim,Toaster,Y,Y,31,0 days 00:00:47,4
ID2386,11-02-2015 11:55,Dan,Washing Machine,Y,Y,93,0 days 00:04:54,5
ID2387,11-02-2015 12:00,Diane,Toaster,N,N,0,0 days 00:00:00,0
ID2388,11-02-2015 12:00,Becky,Fridge,Y,Y,66,0 days 00:03:11,4
ID2389,11-02-2015 12:00,Becky,Toaster,N,N,0,0 days 00:00:00,0
ID2390,11-02-2015 12:00,Becky,Fridge,N,N,0,0 days 00:00:00,0
ID2391,11-02-2015 12:04,Diane,Toaster,Y,Y,18,0 days 00:02:08,5
ID2392,11-02-2015 12:04,Martha,Fridge,Y,Y,65,0 days 00:05:43,5
ID2393,11-02-2015 12:15,Dan,Washing Machine,Y,Y,116,0 days 00:04:12,2
ID2394,11-02-2015 12:15,Dan,Toaster,N,N,0,0 days 00:00:00,0
ID2395,11-02-2015 12:30,Stewart,Toaster,N,N,0,0 days 00:00:00,0
ID2396,11-02-2015 12:30,Martha,Fridge,Y,Y,19,0 days 00:05:35,5
ID2397,11-02-2015 12:34,Dan,Air Conditioner,N,N,0,0 days 00:00:00,0
ID2398,11-02-2015 12:34,Greg,Air Conditioner,Y,Y,120,0 days 00:06:54,3
ID2399,11-02-2015 12:36,Martha,Fridge,Y,Y,32,0 days 00:00:55,3
ID2400,11-02-2015 12:36,Stewart,Fridge,Y,Y,121,0 days 00:05:45,2
ID2401,11-02-2015 12:50,Jim,Washing Machine,N,N,0,0 days 00:00:00,0
ID2402,11-02-2015 12:50,Greg,Fridge,Y,Y,82,0 days 00:03:21,4
ID2403,11-02-2015 12:57,Martha,Washing Machine,Y,Y,53,0 days 00:02:18,4
ID2404,11-02-2015 12:57,Stewart,Toaster,N,N,0,0 days 00:00:00,0
ID2405,11-02-2015 13:12,Becky,Air Conditioner,Y,Y,16,0 days 00:05:12,4
ID2406,11-02-2015 13:12,Martha,Fridge,Y,Y,67,0 days 00:06:11,3
ID2407,11-02-2015 13:22,Dan,Television,Y,Y,95,0 days 00:02:59,4
ID2408,11-02-2015 13:22,Diane,Fridge,Y,Y,75,0 days 00:02:42,3
ID2409,11-02-2015 13:30,Jim,Television,Y,Y,53,0 days 00:05:25,3
ID2410,11-02-2015 13:30,Joe,Washing Machine,Y,Y,116,0 days 00:00:49,5
ID2411,11-02-2015 13:37,Stewart,Air Conditioner,Y,Y,83,0 days 00:04:23,3
ID2412,11-02-2015 13:37,Jim,Washing Machine,Y,Y,92,0 days 00:02:15,4
ID2413,11-02-2015 13:46,Martha,Fridge,Y,Y,24,0 days 00:02:41,3
ID2414,11-02-2015 13:46,Martha,Washing Machine,Y,Y,16,0 days 00:04:17,4
ID2415,11-02-2015 14:03,Jim,Washing Machine,Y,Y,24,0 days 00:02:22,5
ID2416,11-02-2015 14:03,Martha,Air Conditioner,Y,Y,114,0 days 00:03:49,2
ID2417,11-02-2015 14:03,Jim,Washing Machine,N,N,0,0 days 00:00:00,0
ID2418,11-02-2015 14:03,Jim,Air Conditioner,Y,Y,120,0 days 00:05:57,4
ID2419,11-02-2015 14:25,Martha,Television,Y,Y,89,0 days 00:06:57,5
ID2420,11-02-2015 14:25,Martha,Toaster,Y,Y,83,0 days 00:01:29,4
ID2421,11-02-2015 14:52,Dan,Television,Y,Y,71,0 days 00:02:34,5
ID2422,11-02-2015 14:52,Greg,Television,Y,Y,62,0 days 00:02:00,4
ID2423,11-02-2015 15:04,Becky,Toaster,Y,Y,84,0 days 00:03:15,2
ID2424,11-02-2015 15:04,Dan,Air Conditioner,Y,Y,17,0 days 00:01:21,4
ID2425,11-02-2015 15:11,Greg,Washing Machine,Y,Y,24,0 days 00:03:51,4
ID2426,11-02-2015 15:11,Joe,Television,Y,Y,108,0 days 00:05:34,3
ID2427,11-02-2015 15:59,Diane,Toaster,Y,Y,13,0 days 00:02:04,3
ID2428,11-02-2015 15:59,Becky,Air Conditioner,Y,Y,119,0 days 00:06:23,3
ID2429,11-02-2015 16:29,Dan,Toaster,Y,Y,80,0 days 00:05:32,2
ID2430,11-02-2015 16:29,Joe,Washing Machine,Y,Y,99,0 days 00:01:52,4
ID2431,11-02-2015 16:50,Martha,Television,Y,Y,60,0 days 00:05:53,4
ID2432,11-02-2015 16:50,Greg,Fridge,Y,Y,121,0 days 00:04:52,4
ID2433,11-02-2015 17:02,Diane,Air Conditioner,N,N,0,0 days 00:00:00,0
ID2434,11-02-2015 17:02,Becky,Washing Machine,Y,Y,91,0 days 00:06:08,2
ID2435,11-02-2015 17:24,Greg,Toaster,Y,Y,91,0 days 00:01:45,2
ID2436,11-02-2015 17:24,Diane,Fridge,Y,Y,99,0 days 00:01:05,3
ID2437,12-02-2015 09:12,Martha,Washing Machine,N,N,0,0 days 00:00:00,0
ID2438,12-02-2015 09:12,Joe,Toaster,N,N,0,0 days 00:00:00,0
ID2439,12-02-2015 10:00,Martha,Air Conditioner,Y,Y,101,0 days 00:05:16,3
ID2440,12-02-2015 10:00,Diane,Air Conditioner,Y,Y,61,0 days 00:04:25,1
ID2441,12-02-2015 10:13,Becky,Television,Y,Y,35,0 days 00:02:31,4
ID2442,12-02-2015 10:13,Joe,Washing Machine,Y,N,55,0 days 00:04:14,1
ID2443,12-02-2015 10:16,Martha,Fridge,N,N,0,0 days 00:00:00,0
ID2444,12-02-2015 10:16,Jim,Air Conditioner,N,N,0,0 days 00:00:00,0
ID2445,12-02-2015 10:24,Becky,Fridge,Y,Y,107,0 days 00:03:50,5
ID2446,12-02-2015 10:24,Becky,Television,Y,Y,21,0 days 00:07:00,5
ID2447,12-02-2015 10:26,Joe,Washing Machine,Y,Y,79,0 days 00:03:31,4
ID2448,12-02-2015 10:26,Diane,Toaster,Y,Y,67,0 days 00:02:17,3
ID2449,12-02-2015 10:32,Becky,Air Conditioner,Y,Y,32,0 days 00:01:52,3
ID2450,12-02-2015 10:32,Becky,Washing Machine,N,N,0,0 days 00:00:00,0
ID2451,12-02-2015 10:46,Martha,Washing Machine,Y,Y,79,0 days 00:04:45,4
ID2452,12-02-2015 10:46,Jim,Fridge,Y,Y,117,0 days 00:03:59,3
ID2453,12-02-2015 10:53,Dan,Air Conditioner,Y,Y,110,0 days 00:04:31,4
ID2454,12-02-2015 10:53,Dan,Fridge,Y,Y,31,0 days 00:00:32,4
ID2455,12-02-2015 11:08,Dan,Washing Machine,N,N,0,0 days 00:00:00,0
ID2456,12-02-2015 11:08,Greg,Television,Y,Y,87,0 days 00:06:30,4
ID2457,12-02-2015 11:26,Becky,Air Conditioner,Y,Y,99,0 days 00:06:55,5
ID2458,12-02-2015 11:26,Martha,Television,Y,Y,83,0 days 00:03:43,4
ID2459,12-02-2015 11:54,Diane,Fridge,Y,Y,36,0 days 00:06:13,3
ID2460,12-02-2015 11:54,Dan,Fridge,Y,Y,67,0 days 00:06:52,3
ID2461,12-02-2015 12:14,Stewart,Air Conditioner,Y,Y,91,0 days 00:03:06,4
ID2462,12-02-2015 12:14,Dan,Air Conditioner,N,N,0,0 days 00:00:00,0
ID2463,12-02-2015 12:24,Greg,Television,Y,Y,29,0 days 00:05:56,3
ID2464,12-02-2015 12:24,Diane,Fridge,Y,Y,86,0 days 00:04:12,1
ID2465,12-02-2015 12:50,Jim,Toaster,Y,Y,58,0 days 00:01:52,5
ID2466,12-02-2015 12:50,Greg,Toaster,Y,Y,57,0 days 00:00:46,1
ID2467,12-02-2015 13:07,Jim,Television,Y,Y,70,0 days 00:04:48,3
ID2468,12-02-2015 13:07,Jim,Fridge,N,N,0,0 days 00:00:00,0
ID2469,12-02-2015 13:24,Joe,Washing Machine,Y,Y,77,0 days 00:02:20,4
ID2470,12-02-2015 13:24,Dan,Washing Machine,Y,Y,31,0 days 00:05:16,5
ID2471,12-02-2015 13:29,Diane,Air Conditioner,Y,Y,43,0 days 00:00:56,2
ID2472,12-02-2015 13:29,Jim,Air Conditioner,Y,Y,38,0 days 00:05:06,4
ID2473,12-02-2015 15:53,Diane,Air Conditioner,N,N,0,0 days 00:00:00,0
ID2474,12-02-2015 15:53,Diane,Washing Machine,Y,N,83,0 days 00:02:24,5
ID2475,12-02-2015 17:13,Jim,Fridge,Y,Y,122,0 days 00:04:31,5
ID2476,12-02-2015 17:13,Dan,Air Conditioner,Y,Y,42,0 days 00:06:48,5
ID2477,12-02-2015 17:52,Becky,Television,Y,Y,61,0 days 00:01:11,4
ID2478,12-02-2015 17:52,Jim,Television,Y,N,103,0 days 00:03:57,3
ID2479,12-02-2015 17:52,Becky,Television,Y,Y,110,0 days 00:05:26,4
ID2480,12-02-2015 17:52,Diane,Television,N,N,0,0 days 00:00:00,0
ID2481,13-02-2015 09:14,Martha,Toaster,N,N,0,0 days 00:00:00,0
ID2482,13-02-2015 09:14,Dan,Air Conditioner,N,N,0,0 days 00:00:00,0
ID2483,13-02-2015 09:33,Martha,Air Conditioner,Y,Y,88,0 days 00:02:15,2
ID2484,13-02-2015 09:33,Jim,Television,N,N,0,0 days 00:00:00,0
ID2485,13-02-2015 09:36,Stewart,Air Conditioner,Y,Y,57,0 days 00:02:24,5
ID2486,13-02-2015 09:36,Jim,Toaster,N,N,0,0 days 00:00:00,0
ID2487,13-02-2015 09:41,Becky,Washing Machine,N,N,0,0 days 00:00:00,0
ID2488,13-02-2015 09:41,Dan,Washing Machine,Y,Y,37,0 days 00:06:05,3
ID2489,13-02-2015 09:54,Greg,Toaster,Y,Y,62,0 days 00:01:14,2
ID2490,13-02-2015 09:54,Greg,Television,Y,Y,48,0 days 00:01:27,4
ID2491,13-02-2015 10:10,Dan,Air Conditioner,Y,Y,123,0 days 00:03:12,3
ID2492,13-02-2015 10:10,Greg,Washing Machine,Y,Y,83,0 days 00:00:50,5
ID2493,13-02-2015 10:33,Joe,Fridge,Y,Y,23,0 days 00:02:51,5
ID2494,13-02-2015 10:33,Dan,Toaster,N,N,0,0 days 00:00:00,0
ID2495,13-02-2015 10:45,Greg,Television,Y,N,27,0 days 00:05:11,3
ID2496,13-02-2015 10:45,Joe,Fridge,Y,Y,78,0 days 00:06:23,5
ID2497,13-02-2015 11:03,Becky,Television,Y,Y,82,0 days 00:05:12,3
ID2498,13-02-2015 11:03,Jim,Television,Y,Y,50,0 days 00:05:27,4
ID2499,13-02-2015 11:32,Diane,Fridge,Y,Y,90,0 days 00:01:08,4
ID2500,13-02-2015 11:32,Joe,Fridge,Y,Y,89,0 days 00:05:13,3
ID2501,13-02-2015 12:12,Martha,Toaster,Y,Y,79,0 days 00:06:47,1
ID2502,13-02-2015 12:12,Greg,Washing Machine,Y,Y,123,0 days 00:06:42,2
ID2503,13-02-2015 12:25,Dan,Fridge,Y,Y,97,0 days 00:02:32,1
ID2504,13-02-2015 12:25,Dan,Air Conditioner,Y,Y,74,0 days 00:05:57,3
ID2505,13-02-2015 12:27,Jim,Fridge,Y,Y,68,0 days 00:03:10,5
ID2506,13-02-2015 12:27,Joe,Television,Y,Y,100,0 days 00:04:26,5
ID2507,13-02-2015 12:28,Jim,Fridge,N,N,0,0 days 00:00:00,0
ID2508,13-02-2015 12:28,Martha,Washing Machine,Y,Y,34,0 days 00:04:29,4
ID2509,13-02-2015 12:47,Dan,Air Conditioner,N,N,0,0 days 00:00:00,0
ID2510,13-02-2015 12:47,Greg,Washing Machine,Y,Y,33,0 days 00:03:46,1
ID2511,13-02-2015 12:53,Greg,Washing Machine,Y,Y,63,0 days 00:05:13,5
ID2512,13-02-2015 12:53,Greg,Air Conditioner,Y,Y,54,0 days 00:02:58,1
ID2513,13-02-2015 13:13,Greg,Fridge,N,N,0,0 days 00:00:00,0
ID2514,13-02-2015 13:13,Greg,Air Conditioner,Y,Y,91,0 days 00:03:42,2
ID2515,13-02-2015 13:16,Becky,Toaster,Y,Y,89,0 days 00:04:15,4
ID2516,13-02-2015 13:16,Joe,Toaster,Y,Y,75,0 days 00:04:39,5
ID2517,13-02-2015 13:30,Greg,Television,Y,Y,54,0 days 00:00:35,4
ID2518,13-02-2015 13:30,Stewart,Toaster,Y,Y,43,0 days 00:03:08,3
ID2519,13-02-2015 14:28,Stewart,Fridge,Y,Y,45,0 days 00:06:53,4
ID2520,13-02-2015 14:28,Martha,Toaster,Y,Y,79,0 days 00:00:31,5
ID2521,13-02-2015 14:39,Joe,Air Conditioner,Y,Y,27,0 days 00:03:14,3
ID2522,13-02-2015 14:39,Diane,Toaster,Y,Y,59,0 days 00:05:33,3
ID2523,13-02-2015 15:14,Stewart,Washing Machine,Y,N,70,0 days 00:00:52,4
ID2524,13-02-2015 15:14,Dan,Toaster,Y,N,92,0 days 00:01:26,5
ID2525,13-02-2015 15:33,Greg,Air Conditioner,Y,Y,96,0 days 00:04:35,2
ID2526,13-02-2015 15:33,Becky,Television,Y,Y,79,0 days 00:05:10,5
ID2527,13-02-2015 15:57,Greg,Fridge,Y,Y,115,0 days 00:01:05,5
ID2528,13-02-2015 15:57,Jim,Toaster,Y,Y,71,0 days 00:05:46,3
ID2529,13-02-2015 16:16,Martha,Television,N,N,0,0 days 00:00:00,0
ID2530,13-02-2015 16:16,Stewart,Toaster,Y,N,124,0 days 00:05:41,4
ID2531,13-02-2015 16:50,Diane,Toaster,N,N,0,0 days 00:00:00,0
ID2532,13-02-2015 16:50,Joe,Washing Machine,Y,Y,35,0 days 00:00:31,5
ID2533,13-02-2015 17:18,Dan,Washing Machine,Y,Y,106,0 days 00:03:22,3
ID2534,13-02-2015 17:18,Dan,Washing Machine,Y,Y,32,0 days 00:03:33,4
ID2535,14-02-2015 09:07,Jim,Toaster,Y,Y,119,0 days 00:04:18,4
ID2536,14-02-2015 09:07,Greg,Washing Machine,Y,Y,112,0 days 00:04:29,2
ID2537,14-02-2015 09:38,Stewart,Air Conditioner,Y,Y,49,0 days 00:04:10,1
ID2538,14-02-2015 09:38,Stewart,Washing Machine,N,N,0,0 days 00:00:00,0
ID2539,14-02-2015 09:46,Joe,Fridge,Y,Y,74,0 days 00:04:54,3
ID2540,14-02-2015 09:46,Greg,Television,Y,N,117,0 days 00:02:45,4
ID2541,14-02-2015 09:48,Jim,Washing Machine,N,N,0,0 days 00:00:00,0
ID2542,14-02-2015 09:48,Diane,Fridge,Y,Y,40,0 days 00:06:51,1
ID2543,14-02-2015 10:24,Martha,Washing Machine,Y,Y,87,0 days 00:04:53,5
ID2544,14-02-2015 10:24,Martha,Television,Y,Y,58,0 days 00:01:24,4
ID2545,14-02-2015 10:30,Becky,Air Conditioner,Y,Y,84,0 days 00:06:00,4
ID2546,14-02-2015 10:30,Jim,Toaster,Y,Y,54,0 days 00:02:17,2
ID2547,14-02-2015 10:52,Dan,Washing Machine,Y,Y,13,0 days 00:05:36,5
ID2548,14-02-2015 10:52,Diane,Air Conditioner,N,N,0,0 days 00:00:00,0
ID2549,14-02-2015 11:54,Jim,Air Conditioner,Y,Y,42,0 days 00:00:36,4
ID2550,14-02-2015 11:54,Stewart,Toaster,Y,Y,12,0 days 00:02:36,1
ID2551,14-02-2015 12:31,Diane,Fridge,Y,Y,13,0 days 00:04:40,3
ID2552,14-02-2015 12:31,Greg,Washing Machine,N,N,0,0 days 00:00:00,0
ID2553,14-02-2015 12:41,Diane,Television,Y,Y,100,0 days 00:03:11,5
ID2554,14-02-2015 12:41,Joe,Toaster,Y,Y,70,0 days 00:01:10,2
ID2555,14-02-2015 12:57,Stewart,Television,N,N,0,0 days 00:00:00,0
ID2556,14-02-2015 12:57,Jim,Air Conditioner,N,N,0,0 days 00:00:00,0
ID2557,14-02-2015 13:13,Becky,Air Conditioner,Y,Y,102,0 days 00:05:53,4
ID2558,14-02-2015 13:13,Becky,Air Conditioner,Y,Y,82,0 days 00:03:19,3
ID2559,14-02-2015 13:26,Joe,Television,Y,N,24,0 days 00:04:07,5
ID2560,14-02-2015 13:26,Stewart,Fridge,Y,Y,10,0 days 00:01:39,5
ID2561,14-02-2015 13:46,Jim,Toaster,N,N,0,0 days 00:00:00,0
ID2562,14-02-2015 13:46,Stewart,Television,Y,Y,80,0 days 00:05:01,1
ID2563,14-02-2015 13:50,Stewart,Air Conditioner,Y,Y,63,0 days 00:06:14,4
ID2564,14-02-2015 13:50,Greg,Washing Machine,Y,Y,43,0 days 00:06:53,4
ID2565,14-02-2015 14:21,Dan,Toaster,N,N,0,0 days 00:00:00,0
ID2566,14-02-2015 14:21,Diane,Toaster,Y,Y,87,0 days 00:02:02,4
ID2567,14-02-2015 14:24,Joe,Air Conditioner,Y,Y,125,0 days 00:06:04,4
ID2568,14-02-2015 14:24,Stewart,Toaster,Y,Y,56,0 days 00:03:52,1
ID2569,14-02-2015 14:49,Greg,Toaster,Y,Y,88,0 days 00:03:46,3
ID2570,14-02-2015 14:49,Jim,Toaster,Y,Y,45,0 days 00:01:17,4
ID2571,14-02-2015 14:51,Dan,Air Conditioner,Y,Y,24,0 days 00:02:01,4
ID2572,14-02-2015 14:51,Jim,Washing Machine,Y,Y,23,0 days 00:04:12,5
ID2573,14-02-2015 15:34,Becky,Toaster,Y,Y,66,0 days 00:06:47,5
ID2574,14-02-2015 15:34,Martha,Fridge,N,N,0,0 days 00:00:00,0
ID2575,14-02-2015 16:27,Joe,Television,Y,Y,67,0 days 00:01:35,4
ID2576,14-02-2015 16:27,Becky,Air Conditioner,Y,Y,39,0 days 00:05:14,1
ID2577,14-02-2015 16:37,Becky,Television,Y,Y,70,0 days 00:00:39,1
ID2578,14-02-2015 16:37,Jim,Fridge,Y,Y,40,0 days 00:06:39,5
ID2579,14-02-2015 16:37,Stewart,Washing Machine,N,N,0,0 days 00:00:00,0
ID2580,14-02-2015 16:37,Martha,Fridge,Y,Y,28,0 days 00:06:26,3
ID2581,14-02-2015 16:50,Joe,Air Conditioner,Y,Y,107,0 days 00:03:39,2
ID2582,14-02-2015 16:50,Stewart,Toaster,Y,Y,62,0 days 00:04:42,4
ID2583,14-02-2015 16:53,Diane,Air Conditioner,Y,Y,80,0 days 00:04:20,4
ID2584,14-02-2015 16:53,Stewart,Washing Machine,Y,Y,63,0 days 00:03:06,3
ID2585,14-02-2015 17:09,Becky,Air Conditioner,Y,Y,36,0 days 00:05:18,3
ID2586,14-02-2015 17:09,Dan,Washing Machine,Y,Y,64,0 days 00:02:05,3
ID2587,14-02-2015 17:09,Greg,Washing Machine,Y,Y,110,0 days 00:05:43,3
ID2588,14-02-2015 17:09,Jim,Fridge,Y,Y,43,0 days 00:06:22,3
ID2589,14-02-2015 17:11,Jim,Air Conditioner,Y,Y,76,0 days 00:04:44,5
ID2590,14-02-2015 17:11,Joe,Air Conditioner,Y,Y,45,0 days 00:02:29,2
ID2591,14-02-2015 17:36,Martha,Television,Y,N,109,0 days 00:01:12,3
ID2592,14-02-2015 17:36,Joe,Television,Y,Y,68,0 days 00:06:54,4
ID2593,14-02-2015 17:42,Greg,Washing Machine,Y,N,99,0 days 00:06:54,1
ID2594,14-02-2015 17:42,Dan,Washing Machine,Y,Y,27,0 days 00:04:05,4
ID2595,15-02-2015 09:00,Greg,Television,Y,Y,14,0 days 00:00:58,3
ID2596,15-02-2015 09:00,Greg,Fridge,Y,Y,81,0 days 00:04:21,3
ID2597,15-02-2015 09:33,Dan,Fridge,Y,Y,24,0 days 00:03:07,3
ID2598,15-02-2015 09:33,Dan,Washing Machine,Y,Y,13,0 days 00:05:48,1
ID2599,15-02-2015 10:01,Becky,Air Conditioner,Y,Y,89,0 days 00:00:53,1
ID2600,15-02-2015 10:01,Becky,Television,Y,Y,103,0 days 00:05:57,4
ID2601,15-02-2015 10:01,Jim,Toaster,Y,Y,103,0 days 00:03:48,3
ID2602,15-02-2015 10:01,Greg,Toaster,N,N,0,0 days 00:00:00,0
ID2603,15-02-2015 10:20,Stewart,Washing Machine,Y,N,59,0 days 00:03:31,3
ID2604,15-02-2015 10:20,Joe,Toaster,Y,Y,113,0 days 00:01:38,3
ID2605,15-02-2015 11:12,Diane,Washing Machine,Y,Y,69,0 days 00:01:52,2
ID2606,15-02-2015 11:12,Diane,Air Conditioner,Y,Y,69,0 days 00:01:51,2
ID2607,15-02-2015 11:34,Becky,Air Conditioner,Y,N,11,0 days 00:05:07,4
ID2608,15-02-2015 11:34,Dan,Washing Machine,Y,Y,75,0 days 00:04:11,2
ID2609,15-02-2015 11:41,Jim,Air Conditioner,Y,N,24,0 days 00:02:32,5
ID2610,15-02-2015 11:41,Becky,Fridge,Y,Y,124,0 days 00:06:08,3
ID2611,15-02-2015 11:45,Greg,Fridge,Y,Y,32,0 days 00:02:34,5
ID2612,15-02-2015 11:45,Stewart,Fridge,Y,Y,105,0 days 00:06:34,5
ID2613,15-02-2015 11:48,Becky,Air Conditioner,N,N,0,0 days 00:00:00,0
ID2614,15-02-2015 11:48,Jim,Toaster,Y,Y,94,0 days 00:01:03,4
ID2615,15-02-2015 12:07,Joe,Washing Machine,Y,Y,107,0 days 00:02:16,4
ID2616,15-02-2015 12:07,Diane,Fridge,Y,Y,79,0 days 00:05:33,5
ID2617,15-02-2015 12:21,Dan,Washing Machine,N,N,0,0 days 00:00:00,0
ID2618,15-02-2015 12:21,Becky,Fridge,Y,Y,59,0 days 00:02:05,4
ID2619,15-02-2015 12:38,Dan,Air Conditioner,Y,N,117,0 days 00:04:54,3
ID2620,15-02-2015 12:38,Martha,Television,Y,Y,37,0 days 00:01:51,3
ID2621,15-02-2015 13:00,Dan,Fridge,Y,Y,94,0 days 00:05:20,4
ID2622,15-02-2015 13:00,Becky,Air Conditioner,Y,Y,120,0 days 00:02:45,1
ID2623,15-02-2015 13:26,Jim,Washing Machine,N,N,0,0 days 00:00:00,0
ID2624,15-02-2015 13:26,Martha,Television,Y,Y,50,0 days 00:06:47,2
ID2625,15-02-2015 13:39,Becky,Toaster,Y,Y,47,0 days 00:02:28,5
ID2626,15-02-2015 13:39,Stewart,Television,N,N,0,0 days 00:00:00,0
ID2627,15-02-2015 13:42,Dan,Fridge,Y,Y,118,0 days 00:02:53,5
ID2628,15-02-2015 13:42,Becky,Fridge,N,N,0,0 days 00:00:00,0
ID2629,15-02-2015 14:28,Greg,Air Conditioner,N,N,0,0 days 00:00:00,0
ID2630,15-02-2015 14:28,Jim,Air Conditioner,Y,Y,14,0 days 00:01:13,5
ID2631,15-02-2015 14:29,Dan,Air Conditioner,Y,Y,88,0 days 00:01:09,3
ID2632,15-02-2015 14:29,Joe,Television,Y,Y,124,0 days 00:00:52,4
ID2633,15-02-2015 14:44,Diane,Toaster,Y,Y,18,0 days 00:00:48,5
ID2634,15-02-2015 14:44,Dan,Fridge,Y,Y,22,0 days 00:02:05,3
ID2635,15-02-2015 14:51,Jim,Air Conditioner,N,N,0,0 days 00:00:00,0
ID2636,15-02-2015 14:51,Becky,Television,Y,Y,94,0 days 00:06:18,5
ID2637,15-02-2015 14:57,Becky,Air Conditioner,Y,N,54,0 days 00:03:36,3
ID2638,15-02-2015 14:57,Greg,Washing Machine,Y,N,44,0 days 00:03:17,5
ID2639,15-02-2015 15:46,Greg,Fridge,Y,Y,28,0 days 00:04:23,3
ID2640,15-02-2015 15:46,Jim,Toaster,Y,Y,103,0 days 00:03:12,3
ID2641,15-02-2015 15:47,Joe,Air Conditioner,Y,Y,25,0 days 00:00:47,4
ID2642,15-02-2015 15:47,Becky,Television,N,N,0,0 days 00:00:00,0
ID2643,15-02-2015 16:01,Jim,Television,Y,Y,84,0 days 00:04:10,3
ID2644,15-02-2015 16:01,Dan,Television,Y,Y,36,0 days 00:03:57,4
ID2645,15-02-2015 17:11,Becky,Toaster,N,N,0,0 days 00:00:00,0
ID2646,15-02-2015 17:11,Stewart,Toaster,Y,Y,42,0 days 00:03:41,4
ID2647,15-02-2015 17:18,Dan,Television,Y,Y,124,0 days 00:03:51,3
ID2648,15-02-2015 17:18,Stewart,Air Conditioner,Y,Y,99,0 days 00:03:40,5
ID2649,15-02-2015 17:19,Diane,Television,Y,Y,124,0 days 00:04:23,5
ID2650,15-02-2015 17:19,Greg,Fridge,Y,Y,55,0 days 00:06:25,5
ID2651,15-02-2015 17:45,Dan,Fridge,N,N,0,0 days 00:00:00,0
ID2652,15-02-2015 17:45,Jim,Toaster,N,N,0,0 days 00:00:00,0
ID2653,16-02-2015 09:07,Greg,Fridge,Y,Y,64,0 days 00:05:06,2
ID2654,16-02-2015 09:07,Diane,Air Conditioner,Y,Y,82,0 days 00:04:54,2
ID2655,16-02-2015 10:04,Diane,Television,Y,Y,50,0 days 00:03:19,4
ID2656,16-02-2015 10:04,Stewart,Washing Machine,Y,Y,100,0 days 00:03:42,4
ID2657,16-02-2015 10:23,Jim,Fridge,Y,Y,26,0 days 00:06:54,3
ID2658,16-02-2015 10:23,Dan,Toaster,Y,Y,75,0 days 00:04:14,2
ID2659,16-02-2015 10:30,Greg,Air Conditioner,Y,Y,26,0 days 00:06:28,3
ID2660,16-02-2015 10:30,Dan,Toaster,Y,Y,21,0 days 00:05:08,3
ID2661,16-02-2015 10:30,Stewart,Fridge,Y,Y,53,0 days 00:00:31,1
ID2662,16-02-2015 10:30,Greg,Television,Y,Y,109,0 days 00:02:37,3
ID2663,16-02-2015 11:06,Becky,Television,Y,Y,108,0 days 00:06:04,3
ID2664,16-02-2015 11:06,Stewart,Washing Machine,Y,Y,58,0 days 00:05:16,5
ID2665,16-02-2015 11:12,Stewart,Toaster,Y,Y,14,0 days 00:05:51,5
ID2666,16-02-2015 11:12,Martha,Washing Machine,Y,Y,74,0 days 00:05:31,4
ID2667,16-02-2015 11:18,Jim,Washing Machine,N,N,0,0 days 00:00:00,0
ID2668,16-02-2015 11:18,Jim,Television,Y,Y,54,0 days 00:02:46,5
ID2669,16-02-2015 11:26,Greg,Television,Y,Y,18,0 days 00:03:43,4
ID2670,16-02-2015 11:26,Joe,Toaster,Y,Y,39,0 days 00:06:13,3
ID2671,16-02-2015 12:10,Martha,Toaster,Y,Y,31,0 days 00:03:17,1
ID2672,16-02-2015 12:10,Diane,Air Conditioner,Y,Y,118,0 days 00:05:00,3
ID2673,16-02-2015 12:50,Diane,Toaster,N,N,0,0 days 00:00:00,0
ID2674,16-02-2015 12:50,Joe,Washing Machine,Y,Y,118,0 days 00:05:58,3
ID2675,16-02-2015 13:03,Jim,Toaster,Y,Y,69,0 days 00:03:37,4
ID2676,16-02-2015 13:03,Greg,Toaster,Y,Y,125,0 days 00:06:21,5
ID2677,16-02-2015 14:26,Dan,Television,Y,N,47,0 days 00:02:41,3
ID2678,16-02-2015 14:26,Joe,Toaster,Y,Y,53,0 days 00:01:04,1
ID2679,16-02-2015 14:48,Diane,Television,Y,N,55,0 days 00:04:37,2
ID2680,16-02-2015 14:48,Martha,Fridge,Y,Y,91,0 days 00:05:30,2
ID2681,16-02-2015 14:54,Joe,Air Conditioner,Y,Y,37,0 days 00:05:23,3
ID2682,16-02-2015 14:54,Jim,Fridge,Y,Y,118,0 days 00:04:53,4
ID2683,16-02-2015 15:07,Dan,Air Conditioner,Y,Y,37,0 days 00:05:36,5
ID2684,16-02-2015 15:07,Becky,Fridge,Y,Y,124,0 days 00:04:04,4
ID2685,16-02-2015 15:20,Greg,Air Conditioner,Y,Y,105,0 days 00:01:35,4
ID2686,16-02-2015 15:20,Diane,Fridge,N,N,0,0 days 00:00:00,0
ID2687,16-02-2015 15:34,Greg,Air Conditioner,Y,Y,36,0 days 00:03:27,1
ID2688,16-02-2015 15:34,Martha,Television,Y,Y,87,0 days 00:06:52,4
ID2689,16-02-2015 16:04,Becky,Air Conditioner,Y,Y,98,0 days 00:05:02,4
ID2690,16-02-2015 16:04,Dan,Fridge,N,N,0,0 days 00:00:00,0
ID2691,16-02-2015 16:14,Joe,Toaster,Y,Y,37,0 days 00:02:51,3
ID2692,16-02-2015 16:14,Jim,Television,Y,Y,65,0 days 00:04:48,1
ID2693,16-02-2015 16:24,Diane,Washing Machine,Y,Y,117,0 days 00:06:27,3
ID2694,16-02-2015 16:24,Dan,Television,Y,Y,70,0 days 00:01:42,4
ID2695,16-02-2015 16:29,Greg,Television,N,N,0,0 days 00:00:00,0
ID2696,16-02-2015 16:29,Becky,Television,Y,Y,30,0 days 00:05:33,3
ID2697,16-02-2015 16:32,Becky,Air Conditioner,N,N,0,0 days 00:00:00,0
ID2698,16-02-2015 16:32,Jim,Air Conditioner,Y,N,53,0 days 00:04:39,3
ID2699,16-02-2015 17:12,Becky,Television,Y,Y,69,0 days 00:05:11,4
ID2700,16-02-2015 17:12,Stewart,Washing Machine,Y,Y,109,0 days 00:04:10,1
ID2701,16-02-2015 17:28,Dan,Air Conditioner,Y,Y,17,0 days 00:00:42,5
ID2702,16-02-2015 17:28,Martha,Television,Y,Y,109,0 days 00:04:52,4
ID2703,16-02-2015 17:31,Greg,Washing Machine,Y,Y,50,0 days 00:05:46,5
ID2704,16-02-2015 17:31,Becky,Fridge,Y,N,22,0 days 00:03:31,3
ID2705,16-02-2015 17:45,Diane,Washing Machine,Y,Y,100,0 days 00:02:35,4
ID2706,16-02-2015 17:45,Stewart,Television,Y,Y,101,0 days 00:05:15,3
ID2707,16-02-2015 17:52,Becky,Toaster,Y,Y,15,0 days 00:02:49,3
ID2708,16-02-2015 17:52,Diane,Washing Machine,Y,Y,59,0 days 00:04:29,5
ID2709,17-02-2015 09:01,Stewart,Washing Machine,Y,Y,93,0 days 00:03:15,3
ID2710,17-02-2015 09:01,Becky,Toaster,Y,Y,81,0 days 00:06:25,4
ID2711,17-02-2015 09:17,Jim,Fridge,Y,Y,20,0 days 00:02:11,1
ID2712,17-02-2015 09:17,Greg,Washing Machine,Y,Y,47,0 days 00:00:35,3
ID2713,17-02-2015 09:23,Diane,Fridge,Y,N,17,0 days 00:03:02,1
ID2714,17-02-2015 09:23,Stewart,Toaster,Y,N,15,0 days 00:01:04,3
ID2715,17-02-2015 09:34,Diane,Air Conditioner,Y,Y,94,0 days 00:06:10,5
ID2716,17-02-2015 09:34,Martha,Air Conditioner,Y,Y,10,0 days 00:02:15,5
ID2717,17-02-2015 09:53,Joe,Fridge,Y,Y,96,0 days 00:04:12,3
ID2718,17-02-2015 09:53,Joe,Fridge,Y,Y,32,0 days 00:01:41,4
ID2719,17-02-2015 09:59,Becky,Television,Y,Y,36,0 days 00:05:02,1
ID2720,17-02-2015 09:59,Martha,Television,Y,Y,50,0 days 00:01:42,5
ID2721,17-02-2015 10:03,Stewart,Toaster,N,N,0,0 days 00:00:00,0
ID2722,17-02-2015 10:03,Martha,Toaster,Y,Y,89,0 days 00:00:33,2
ID2723,17-02-2015 10:36,Diane,Washing Machine,N,N,0,0 days 00:00:00,0
ID2724,17-02-2015 10:36,Joe,Fridge,Y,Y,114,0 days 00:05:47,5
ID2725,17-02-2015 10:43,Martha,Television,Y,Y,44,0 days 00:06:31,5
ID2726,17-02-2015 10:43,Joe,Fridge,Y,Y,100,0 days 00:06:06,5
ID2727,17-02-2015 11:24,Jim,Toaster,N,N,0,0 days 00:00:00,0
ID2728,17-02-2015 11:24,Jim,Washing Machine,Y,Y,70,0 days 00:00:49,4
ID2729,17-02-2015 11:24,Martha,Washing Machine,Y,Y,16,0 days 00:04:03,4
ID2730,17-02-2015 11:24,Becky,Fridge,Y,Y,49,0 days 00:01:04,4
ID2731,17-02-2015 11:28,Joe,Television,Y,Y,96,0 days 00:05:48,4
ID2732,17-02-2015 11:28,Greg,Fridge,Y,Y,85,0 days 00:05:36,4
ID2733,17-02-2015 11:42,Martha,Washing Machine,Y,Y,65,0 days 00:05:29,2
ID2734,17-02-2015 11:42,Martha,Toaster,Y,Y,67,0 days 00:00:30,4
ID2735,17-02-2015 12:05,Greg,Toaster,Y,Y,50,0 days 00:01:09,4
ID2736,17-02-2015 12:05,Becky,Television,N,N,0,0 days 00:00:00,0
ID2737,17-02-2015 12:10,Diane,Washing Machine,Y,Y,79,0 days 00:03:22,3
ID2738,17-02-2015 12:10,Greg,Air Conditioner,Y,Y,107,0 days 00:03:53,4
ID2739,17-02-2015 12:11,Martha,Washing Machine,Y,N,52,0 days 00:04:50,1
ID2740,17-02-2015 12:11,Jim,Television,Y,N,104,0 days 00:06:25,1
ID2741,17-02-2015 12:17,Joe,Fridge,N,N,0,0 days 00:00:00,0
ID2742,17-02-2015 12:17,Jim,Washing Machine,Y,Y,63,0 days 00:00:54,1
ID2743,17-02-2015 13:03,Becky,Air Conditioner,Y,Y,79,0 days 00:03:51,4
ID2744,17-02-2015 13:03,Greg,Television,Y,N,21,0 days 00:06:31,3
ID2745,17-02-2015 13:24,Becky,Air Conditioner,Y,Y,93,0 days 00:05:36,3
ID2746,17-02-2015 13:24,Joe,Television,Y,Y,72,0 days 00:02:52,4
ID2747,17-02-2015 13:36,Greg,Fridge,Y,Y,84,0 days 00:04:32,3
ID2748,17-02-2015 13:36,Stewart,Fridge,N,N,0,0 days 00:00:00,0
ID2749,17-02-2015 14:19,Jim,Fridge,Y,Y,45,0 days 00:02:04,3
ID2750,17-02-2015 14:19,Stewart,Television,N,N,0,0 days 00:00:00,0
ID2751,17-02-2015 14:29,Dan,Television,Y,N,49,0 days 00:01:21,4
ID2752,17-02-2015 14:29,Becky,Fridge,Y,Y,110,0 days 00:06:06,4
ID2753,17-02-2015 14:32,Diane,Air Conditioner,Y,N,58,0 days 00:02:13,3
ID2754,17-02-2015 14:32,Joe,Washing Machine,Y,Y,35,0 days 00:06:13,4
ID2755,17-02-2015 15:02,Dan,Toaster,Y,Y,105,0 days 00:01:10,4
ID2756,17-02-2015 15:02,Diane,Toaster,Y,Y,99,0 days 00:02:12,3
ID2757,17-02-2015 15:10,Joe,Washing Machine,Y,Y,53,0 days 00:04:02,2
ID2758,17-02-2015 15:10,Greg,Washing Machine,Y,N,50,0 days 00:06:42,4
ID2759,17-02-2015 15:46,Jim,Washing Machine,Y,Y,114,0 days 00:02:32,4
ID2760,17-02-2015 15:46,Stewart,Air Conditioner,N,N,0,0 days 00:00:00,0
ID2761,17-02-2015 16:06,Diane,Toaster,N,N,0,0 days 00:00:00,0
ID2762,17-02-2015 16:06,Dan,Toaster,Y,Y,87,0 days 00:02:30,4
ID2763,17-02-2015 16:14,Jim,Toaster,Y,N,55,0 days 00:01:07,5
ID2764,17-02-2015 16:14,Martha,Fridge,Y,Y,97,0 days 00:05:54,4
ID2765,17-02-2015 16:27,Martha,Toaster,Y,N,12,0 days 00:04:28,3
ID2766,17-02-2015 16:27,Greg,Television,N,N,0,0 days 00:00:00,0
ID2767,17-02-2015 16:36,Stewart,Fridge,Y,Y,79,0 days 00:03:01,5
ID2768,17-02-2015 16:36,Martha,Air Conditioner,Y,Y,11,0 days 00:06:23,3
ID2769,17-02-2015 17:11,Stewart,Toaster,Y,N,69,0 days 00:00:39,4
ID2770,17-02-2015 17:11,Jim,Fridge,N,N,0,0 days 00:00:00,0
ID2771,17-02-2015 17:12,Martha,Air Conditioner,N,N,0,0 days 00:00:00,0
ID2772,17-02-2015 17:12,Jim,Fridge,Y,Y,123,0 days 00:01:48,3
ID2773,17-02-2015 17:44,Joe,Fridge,N,N,0,0 days 00:00:00,0
ID2774,17-02-2015 17:44,Martha,Fridge,Y,N,48,0 days 00:03:34,4
ID2775,17-02-2015 17:54,Joe,Washing Machine,Y,Y,78,0 days 00:06:57,3
ID2776,17-02-2015 17:54,Joe,Air Conditioner,Y,Y,109,0 days 00:04:04,3
ID2777,18-02-2015 09:23,Dan,Air Conditioner,Y,N,61,0 days 00:05:54,5
ID2778,18-02-2015 09:23,Greg,Toaster,Y,Y,86,0 days 00:01:37,2
ID2779,18-02-2015 09:43,Greg,Fridge,Y,Y,74,0 days 00:06:52,4
ID2780,18-02-2015 09:43,Diane,Toaster,Y,Y,125,0 days 00:04:53,3
ID2781,18-02-2015 10:00,Becky,Washing Machine,Y,N,64,0 days 00:06:09,2
ID2782,18-02-2015 10:00,Joe,Television,Y,Y,63,0 days 00:02:06,3
ID2783,18-02-2015 10:13,Greg,Fridge,Y,Y,46,0 days 00:06:36,4
ID2784,18-02-2015 10:13,Greg,Fridge,Y,Y,63,0 days 00:04:15,3
ID2785,18-02-2015 10:16,Joe,Washing Machine,Y,Y,96,0 days 00:00:47,4
ID2786,18-02-2015 10:16,Dan,Television,Y,Y,37,0 days 00:04:25,3
ID2787,18-02-2015 10:33,Dan,Washing Machine,Y,Y,73,0 days 00:03:24,4
ID2788,18-02-2015 10:33,Diane,Toaster,Y,Y,111,0 days 00:02:18,4
ID2789,18-02-2015 10:37,Joe,Toaster,N,N,0,0 days 00:00:00,0
ID2790,18-02-2015 10:37,Joe,Television,Y,Y,79,0 days 00:03:08,2
ID2791,18-02-2015 10:56,Greg,Fridge,N,N,0,0 days 00:00:00,0
ID2792,18-02-2015 10:56,Dan,Fridge,Y,N,32,0 days 00:05:36,3
ID2793,18-02-2015 11:18,Dan,Washing Machine,Y,Y,60,0 days 00:04:50,3
ID2794,18-02-2015 11:18,Dan,Toaster,Y,Y,25,0 days 00:05:31,3
ID2795,18-02-2015 11:18,Jim,Toaster,Y,Y,72,0 days 00:04:11,4
ID2796,18-02-2015 11:18,Dan,Air Conditioner,Y,Y,82,0 days 00:01:07,3
ID2797,18-02-2015 11:25,Jim,Toaster,N,N,0,0 days 00:00:00,0
ID2798,18-02-2015 11:25,Diane,Fridge,Y,Y,104,0 days 00:06:44,4
ID2799,18-02-2015 11:34,Stewart,Air Conditioner,N,N,0,0 days 00:00:00,0
ID2800,18-02-2015 11:34,Becky,Air Conditioner,Y,Y,102,0 days 00:02:24,5
ID2801,18-02-2015 11:38,Dan,Television,N,N,0,0 days 00:00:00,0
ID2802,18-02-2015 11:38,Dan,Air Conditioner,N,N,0,0 days 00:00:00,0
ID2803,18-02-2015 13:04,Martha,Television,Y,N,86,0 days 00:01:35,3
ID2804,18-02-2015 13:04,Becky,Air Conditioner,Y,Y,93,0 days 00:06:04,2
ID2805,18-02-2015 13:33,Stewart,Fridge,N,N,0,0 days 00:00:00,0
ID2806,18-02-2015 13:33,Jim,Television,N,N,0,0 days 00:00:00,0
ID2807,18-02-2015 13:37,Dan,Air Conditioner,Y,Y,39,0 days 00:04:13,2
ID2808,18-02-2015 13:37,Stewart,Fridge,Y,Y,119,0 days 00:00:46,4
ID2809,18-02-2015 13:45,Martha,Washing Machine,N,N,0,0 days 00:00:00,0
ID2810,18-02-2015 13:45,Stewart,Air Conditioner,Y,Y,71,0 days 00:00:42,3
ID2811,18-02-2015 13:48,Joe,Television,Y,Y,111,0 days 00:06:54,1
ID2812,18-02-2015 13:48,Martha,Television,Y,N,120,0 days 00:04:00,1
ID2813,18-02-2015 14:47,Joe,Air Conditioner,N,N,0,0 days 00:00:00,0
ID2814,18-02-2015 14:47,Diane,Fridge,Y,Y,81,0 days 00:03:02,5
ID2815,18-02-2015 14:52,Jim,Toaster,N,N,0,0 days 00:00:00,0
ID2816,18-02-2015 14:52,Martha,Television,Y,Y,40,0 days 00:02:23,1
ID2817,18-02-2015 15:15,Dan,Fridge,Y,Y,114,0 days 00:02:59,5
ID2818,18-02-2015 15:15,Jim,Washing Machine,N,N,0,0 days 00:00:00,0
ID2819,18-02-2015 16:00,Jim,Toaster,N,N,0,0 days 00:00:00,0
ID2820,18-02-2015 16:00,Jim,Washing Machine,Y,Y,29,0 days 00:00:48,4
ID2821,18-02-2015 16:03,Jim,Air Conditioner,Y,Y,56,0 days 00:06:30,3
ID2822,18-02-2015 16:03,Diane,Air Conditioner,Y,N,58,0 days 00:02:45,4
ID2823,18-02-2015 16:58,Martha,Air Conditioner,Y,Y,68,0 days 00:03:02,5
ID2824,18-02-2015 16:58,Jim,Fridge,Y,N,114,0 days 00:01:05,3
ID2825,18-02-2015 16:59,Greg,Air Conditioner,Y,Y,11,0 days 00:03:08,3
ID2826,18-02-2015 16:59,Becky,Television,Y,Y,46,0 days 00:01:43,3
ID2827,19-02-2015 09:01,Jim,Fridge,Y,Y,78,0 days 00:06:46,4
ID2828,19-02-2015 09:01,Joe,Toaster,N,N,0,0 days 00:00:00,0
ID2829,19-02-2015 09:17,Joe,Fridge,Y,Y,53,0 days 00:05:01,3
ID2830,19-02-2015 09:17,Jim,Toaster,Y,Y,37,0 days 00:03:21,1
ID2831,19-02-2015 09:18,Diane,Television,Y,Y,111,0 days 00:03:40,4
ID2832,19-02-2015 09:18,Dan,Washing Machine,Y,N,14,0 days 00:00:54,5
ID2833,19-02-2015 09:25,Diane,Television,Y,Y,82,0 days 00:02:48,3
ID2834,19-02-2015 09:25,Stewart,Washing Machine,N,N,0,0 days 00:00:00,0
ID2835,19-02-2015 10:46,Dan,Toaster,N,N,0,0 days 00:00:00,0
ID2836,19-02-2015 10:46,Jim,Fridge,N,N,0,0 days 00:00:00,0
ID2837,19-02-2015 11:22,Stewart,Washing Machine,Y,Y,69,0 days 00:04:54,3
ID2838,19-02-2015 11:22,Diane,Television,Y,Y,21,0 days 00:06:54,3
ID2839,19-02-2015 11:42,Becky,Toaster,Y,Y,113,0 days 00:00:41,2
ID2840,19-02-2015 11:42,Martha,Television,Y,Y,34,0 days 00:03:31,3
ID2841,19-02-2015 11:54,Jim,Toaster,Y,N,26,0 days 00:00:40,3
ID2842,19-02-2015 11:54,Jim,Fridge,Y,Y,76,0 days 00:05:20,3
ID2843,19-02-2015 12:15,Diane,Fridge,N,N,0,0 days 00:00:00,0
ID2844,19-02-2015 12:15,Martha,Toaster,N,N,0,0 days 00:00:00,0
ID2845,19-02-2015 13:29,Jim,Air Conditioner,Y,Y,63,0 days 00:03:47,1
ID2846,19-02-2015 13:29,Stewart,Fridge,Y,Y,80,0 days 00:04:08,3
ID2847,19-02-2015 13:32,Jim,Fridge,Y,Y,36,0 days 00:06:17,1
ID2848,19-02-2015 13:32,Diane,Fridge,Y,Y,22,0 days 00:01:55,5
ID2849,19-02-2015 13:45,Stewart,Television,Y,Y,80,0 days 00:04:27,2
ID2850,19-02-2015 13:45,Jim,Air Conditioner,Y,Y,109,0 days 00:00:44,1
ID2851,19-02-2015 14:22,Stewart,Air Conditioner,Y,Y,80,0 days 00:05:38,3
ID2852,19-02-2015 14:22,Joe,Fridge,Y,Y,108,0 days 00:04:47,4
ID2853,19-02-2015 14:26,Becky,Washing Machine,Y,Y,10,0 days 00:05:44,4
ID2854,19-02-2015 14:26,Greg,Air Conditioner,N,N,0,0 days 00:00:00,0
ID2855,19-02-2015 14:45,Martha,Air Conditioner,Y,Y,115,0 days 00:02:38,3
ID2856,19-02-2015 14:45,Becky,Fridge,Y,Y,79,0 days 00:04:31,3
ID2857,19-02-2015 14:52,Stewart,Fridge,Y,Y,109,0 days 00:00:39,2
ID2858,19-02-2015 14:52,Jim,Washing Machine,Y,Y,12,0 days 00:05:15,4
ID2859,19-02-2015 15:02,Joe,Television,Y,Y,87,0 days 00:02:14,3
ID2860,19-02-2015 15:02,Stewart,Fridge,Y,Y,55,0 days 00:05:40,3
ID2861,19-02-2015 15:33,Joe,Toaster,Y,Y,109,0 days 00:05:35,4
ID2862,19-02-2015 15:33,Becky,Washing Machine,N,N,0,0 days 00:00:00,0
ID2863,19-02-2015 15:33,Diane,Toaster,N,N,0,0 days 00:00:00,0
ID2864,19-02-2015 15:33,Becky,Toaster,Y,Y,12,0 days 00:01:09,4
ID2865,19-02-2015 16:04,Martha,Toaster,Y,Y,71,0 days 00:02:51,5
ID2866,19-02-2015 16:04,Dan,Air Conditioner,N,N,0,0 days 00:00:00,0
ID2867,19-02-2015 16:26,Stewart,Television,Y,N,104,0 days 00:06:29,4
ID2868,19-02-2015 16:26,Stewart,Toaster,Y,Y,110,0 days 00:01:53,1
ID2869,19-02-2015 17:21,Martha,Television,Y,Y,108,0 days 00:02:44,1
ID2870,19-02-2015 17:21,Dan,Air Conditioner,Y,Y,88,0 days 00:00:55,1
ID2871,19-02-2015 17:29,Stewart,Washing Machine,N,N,0,0 days 00:00:00,0
ID2872,19-02-2015 17:29,Joe,Fridge,Y,Y,32,0 days 00:06:08,1
ID2873,19-02-2015 17:38,Diane,Washing Machine,Y,Y,37,0 days 00:06:13,4
ID2874,19-02-2015 17:38,Greg,Toaster,Y,Y,58,0 days 00:03:25,5
ID2875,20-02-2015 09:24,Greg,Washing Machine,Y,Y,61,0 days 00:04:06,4
ID2876,20-02-2015 09:24,Jim,Washing Machine,Y,Y,39,0 days 00:01:45,1
ID2877,20-02-2015 09:33,Joe,Washing Machine,Y,Y,39,0 days 00:05:41,4
ID2878,20-02-2015 09:33,Diane,Television,Y,Y,53,0 days 00:01:47,5
ID2879,20-02-2015 10:01,Joe,Washing Machine,N,N,0,0 days 00:00:00,0
ID2880,20-02-2015 10:01,Stewart,Television,Y,Y,64,0 days 00:05:11,4
ID2881,20-02-2015 10:10,Joe,Air Conditioner,Y,Y,77,0 days 00:03:40,3
ID2882,20-02-2015 10:10,Dan,Washing Machine,Y,Y,20,0 days 00:00:49,1
ID2883,20-02-2015 10:24,Martha,Washing Machine,N,N,0,0 days 00:00:00,0
ID2884,20-02-2015 10:24,Joe,Fridge,N,N,0,0 days 00:00:00,0
ID2885,20-02-2015 10:50,Dan,Fridge,Y,Y,26,0 days 00:06:13,5
ID2886,20-02-2015 10:50,Diane,Air Conditioner,Y,Y,33,0 days 00:04:59,3
ID2887,20-02-2015 11:00,Jim,Fridge,N,N,0,0 days 00:00:00,0
ID2888,20-02-2015 11:00,Becky,Washing Machine,Y,Y,122,0 days 00:02:08,3
ID2889,20-02-2015 11:11,Martha,Washing Machine,N,N,0,0 days 00:00:00,0
ID2890,20-02-2015 11:11,Martha,Toaster,Y,Y,75,0 days 00:03:46,3
ID2891,20-02-2015 11:21,Martha,Fridge,Y,Y,27,0 days 00:01:39,4
ID2892,20-02-2015 11:21,Diane,Washing Machine,Y,Y,37,0 days 00:05:48,3
ID2893,20-02-2015 11:34,Diane,Fridge,Y,Y,24,0 days 00:02:25,3
ID2894,20-02-2015 11:34,Becky,Television,Y,Y,70,0 days 00:05:22,1
ID2895,20-02-2015 11:41,Becky,Air Conditioner,Y,Y,117,0 days 00:01:54,4
ID2896,20-02-2015 11:41,Diane,Toaster,Y,Y,15,0 days 00:04:37,1
ID2897,20-02-2015 11:54,Greg,Television,Y,Y,20,0 days 00:03:35,3
ID2898,20-02-2015 11:54,Dan,Television,Y,Y,36,0 days 00:04:16,2
ID2899,20-02-2015 12:02,Diane,Air Conditioner,Y,Y,63,0 days 00:04:47,1
ID2900,20-02-2015 12:02,Becky,Toaster,Y,Y,20,0 days 00:06:22,3
ID2901,20-02-2015 12:10,Dan,Washing Machine,Y,N,115,0 days 00:05:35,4
ID2902,20-02-2015 12:10,Joe,Washing Machine,N,N,0,0 days 00:00:00,0
ID2903,20-02-2015 12:25,Dan,Air Conditioner,Y,Y,95,0 days 00:04:58,3
ID2904,20-02-2015 12:25,Becky,Toaster,Y,Y,114,0 days 00:03:07,4
ID2905,20-02-2015 12:46,Martha,Washing Machine,Y,Y,71,0 days 00:02:01,4
ID2906,20-02-2015 12:46,Stewart,Toaster,Y,Y,44,0 days 00:06:02,1
ID2907,20-02-2015 12:51,Greg,Air Conditioner,N,N,0,0 days 00:00:00,0
ID2908,20-02-2015 12:51,Becky,Air Conditioner,N,N,0,0 days 00:00:00,0
ID2909,20-02-2015 13:35,Stewart,Toaster,Y,Y,24,0 days 00:01:54,3
ID2910,20-02-2015 13:35,Greg,Television,N,N,0,0 days 00:00:00,0
ID2911,20-02-2015 13:56,Dan,Washing Machine,Y,Y,70,0 days 00:02:59,3
ID2912,20-02-2015 13:56,Jim,Television,N,N,0,0 days 00:00:00,0
ID2913,20-02-2015 14:13,Dan,Fridge,Y,Y,33,0 days 00:00:40,1
ID2914,20-02-2015 14:13,Diane,Washing Machine,N,N,0,0 days 00:00:00,0
ID2915,20-02-2015 14:28,Greg,Fridge,Y,N,15,0 days 00:05:32,1
ID2916,20-02-2015 14:28,Joe,Television,Y,Y,103,0 days 00:04:56,4
ID2917,20-02-2015 15:07,Martha,Washing Machine,Y,Y,61,0 days 00:05:50,5
ID2918,20-02-2015 15:07,Greg,Fridge,N,N,0,0 days 00:00:00,0
ID2919,20-02-2015 15:11,Greg,Washing Machine,Y,Y,32,0 days 00:01:25,4
ID2920,20-02-2015 15:11,Dan,Fridge,Y,Y,33,0 days 00:01:42,4
ID2921,20-02-2015 15:12,Becky,Toaster,Y,Y,30,0 days 00:05:50,3
ID2922,20-02-2015 15:12,Stewart,Television,Y,Y,36,0 days 00:05:26,4
ID2923,20-02-2015 15:21,Dan,Air Conditioner,Y,Y,16,0 days 00:04:20,4
ID2924,20-02-2015 15:21,Stewart,Air Conditioner,Y,Y,60,0 days 00:04:27,3
ID2925,20-02-2015 15:53,Stewart,Air Conditioner,N,N,0,0 days 00:00:00,0
ID2926,20-02-2015 15:53,Stewart,Washing Machine,Y,Y,42,0 days 00:04:56,4
ID2927,20-02-2015 16:00,Dan,Washing Machine,Y,Y,58,0 days 00:05:41,1
ID2928,20-02-2015 16:00,Greg,Toaster,Y,N,44,0 days 00:02:18,1
ID2929,20-02-2015 16:10,Martha,Television,Y,N,72,0 days 00:02:33,1
ID2930,20-02-2015 16:10,Stewart,Television,Y,Y,13,0 days 00:03:57,4
ID2931,20-02-2015 16:14,Jim,Television,Y,Y,113,0 days 00:03:31,4
ID2932,20-02-2015 16:14,Joe,Television,N,N,0,0 days 00:00:00,0
ID2933,20-02-2015 16:16,Greg,Washing Machine,Y,Y,51,0 days 00:06:30,4
ID2934,20-02-2015 16:16,Greg,Washing Machine,Y,N,85,0 days 00:05:14,1
ID2935,20-02-2015 16:32,Stewart,Toaster,Y,N,27,0 days 00:06:24,4
ID2936,20-02-2015 16:32,Dan,Washing Machine,Y,Y,75,0 days 00:03:25,3
ID2937,20-02-2015 16:52,Jim,Washing Machine,Y,Y,63,0 days 00:05:33,2
ID2938,20-02-2015 16:52,Dan,Fridge,N,N,0,0 days 00:00:00,0
ID2939,20-02-2015 17:25,Diane,Toaster,Y,Y,22,0 days 00:00:51,3
ID2940,20-02-2015 17:25,Becky,Washing Machine,N,N,0,0 days 00:00:00,0
ID2941,20-02-2015 17:57,Stewart,Fridge,Y,N,106,0 days 00:03:45,3
ID2942,20-02-2015 17:57,Greg,Television,Y,Y,86,0 days 00:02:40,4
ID2943,21-02-2015 09:57,Stewart,Washing Machine,Y,Y,55,0 days 00:06:04,3
ID2944,21-02-2015 09:57,Martha,Fridge,Y,Y,74,0 days 00:06:46,2
ID2945,21-02-2015 10:12,Stewart,Fridge,Y,Y,53,0 days 00:06:20,5
ID2946,21-02-2015 10:12,Joe,Air Conditioner,Y,Y,115,0 days 00:02:05,3
ID2947,21-02-2015 10:22,Jim,Fridge,Y,Y,29,0 days 00:01:30,4
ID2948,21-02-2015 10:22,Joe,Toaster,Y,Y,16,0 days 00:02:10,4
ID2949,21-02-2015 11:06,Martha,Air Conditioner,Y,N,26,0 days 00:03:45,3
ID2950,21-02-2015 11:06,Becky,Air Conditioner,Y,Y,71,0 days 00:03:49,1
ID2951,21-02-2015 11:08,Joe,Television,Y,Y,109,0 days 00:04:31,4
ID2952,21-02-2015 11:08,Joe,Air Conditioner,Y,Y,102,0 days 00:03:50,5
ID2953,21-02-2015 11:12,Joe,Toaster,Y,Y,115,0 days 00:00:37,4
ID2954,21-02-2015 11:12,Diane,Air Conditioner,Y,Y,48,0 days 00:02:27,4
ID2955,21-02-2015 11:35,Dan,Television,Y,Y,41,0 days 00:04:27,5
ID2956,21-02-2015 11:35,Greg,Air Conditioner,Y,Y,97,0 days 00:03:10,4
ID2957,21-02-2015 11:42,Martha,Toaster,Y,N,39,0 days 00:03:22,3
ID2958,21-02-2015 11:42,Becky,Fridge,N,N,0,0 days 00:00:00,0
ID2959,21-02-2015 11:54,Jim,Toaster,Y,Y,73,0 days 00:01:13,3
ID2960,21-02-2015 11:54,Dan,Washing Machine,Y,Y,25,0 days 00:01:06,1
ID2961,21-02-2015 12:21,Becky,Television,Y,Y,84,0 days 00:03:49,3
ID2962,21-02-2015 12:21,Becky,Air Conditioner,Y,Y,99,0 days 00:02:35,5
ID2963,21-02-2015 12:25,Jim,Television,Y,Y,108,0 days 00:05:28,3
ID2964,21-02-2015 12:25,Greg,Toaster,Y,Y,80,0 days 00:02:17,4
ID2965,21-02-2015 12:57,Becky,Toaster,Y,Y,77,0 days 00:01:15,4
ID2966,21-02-2015 12:57,Stewart,Fridge,Y,Y,14,0 days 00:01:31,5
ID2967,21-02-2015 13:14,Stewart,Air Conditioner,Y,N,69,0 days 00:05:10,5
ID2968,21-02-2015 13:14,Jim,Washing Machine,Y,Y,91,0 days 00:00:53,3
ID2969,21-02-2015 13:35,Greg,Toaster,N,N,0,0 days 00:00:00,0
ID2970,21-02-2015 13:35,Becky,Toaster,Y,Y,125,0 days 00:03:09,1
ID2971,21-02-2015 13:56,Becky,Television,Y,Y,25,0 days 00:06:00,4
ID2972,21-02-2015 13:56,Dan,Toaster,Y,Y,60,0 days 00:04:45,4
ID2973,21-02-2015 13:59,Becky,Air Conditioner,Y,N,97,0 days 00:04:40,3
ID2974,21-02-2015 13:59,Dan,Fridge,Y,Y,41,0 days 00:04:56,1
ID2975,21-02-2015 14:29,Stewart,Toaster,N,N,0,0 days 00:00:00,0
ID2976,21-02-2015 14:29,Greg,Television,Y,Y,47,0 days 00:06:59,4
ID2977,21-02-2015 14:47,Becky,Washing Machine,N,N,0,0 days 00:00:00,0
ID2978,21-02-2015 14:47,Jim,Television,Y,Y,82,0 days 00:06:34,5
ID2979,21-02-2015 14:58,Greg,Fridge,Y,Y,94,0 days 00:04:43,4
ID2980,21-02-2015 14:58,Becky,Washing Machine,Y,Y,43,0 days 00:04:43,4
ID2981,21-02-2015 15:10,Stewart,Air Conditioner,Y,Y,27,0 days 00:04:07,1
ID2982,21-02-2015 15:10,Joe,Air Conditioner,Y,N,15,0 days 00:02:51,3
ID2983,21-02-2015 15:44,Jim,Air Conditioner,Y,Y,21,0 days 00:01:22,4
ID2984,21-02-2015 15:44,Dan,Air Conditioner,Y,Y,30,0 days 00:01:46,5
ID2985,21-02-2015 15:46,Diane,Fridge,Y,N,106,0 days 00:02:10,1
ID2986,21-02-2015 15:46,Jim,Fridge,Y,Y,56,0 days 00:05:21,3
ID2987,21-02-2015 16:23,Dan,Toaster,Y,Y,100,0 days 00:06:33,5
ID2988,21-02-2015 16:23,Diane,Television,Y,Y,48,0 days 00:05:46,3
ID2989,21-02-2015 16:59,Jim,Television,Y,Y,74,0 days 00:03:37,5
ID2990,21-02-2015 16:59,Stewart,Fridge,Y,Y,100,0 days 00:04:00,1
ID2991,21-02-2015 17:19,Diane,Toaster,Y,N,90,0 days 00:02:43,3
ID2992,21-02-2015 17:19,Becky,Air Conditioner,N,N,0,0 days 00:00:00,0
ID2993,21-02-2015 17:21,Dan,Toaster,Y,Y,43,0 days 00:06:20,5
ID2994,21-02-2015 17:21,Joe,Toaster,Y,Y,68,0 days 00:05:13,4
ID2995,21-02-2015 17:49,Jim,Television,N,N,0,0 days 00:00:00,0
ID2996,21-02-2015 17:49,Diane,Fridge,Y,Y,65,0 days 00:05:18,1
ID2997,22-02-2015 09:04,Greg,Fridge,Y,Y,125,0 days 00:01:58,5
ID2998,22-02-2015 09:04,Joe,Fridge,Y,Y,62,0 days 00:05:13,4
ID2999,22-02-2015 09:44,Jim,Toaster,Y,Y,24,0 days 00:02:10,3
ID3000,22-02-2015 09:44,Becky,Television,N,N,0,0 days 00:00:00,0
ID3001,22-02-2015 11:12,Jim,Television,Y,Y,41,0 days 00:02:17,4
ID3002,22-02-2015 11:12,Becky,Television,Y,Y,81,0 days 00:01:53,3
ID3003,22-02-2015 11:13,Diane,Air Conditioner,Y,Y,21,0 days 00:05:28,5
ID3004,22-02-2015 11:13,Joe,Fridge,N,N,0,0 days 00:00:00,0
ID3005,22-02-2015 11:29,Jim,Television,N,N,0,0 days 00:00:00,0
ID3006,22-02-2015 11:29,Jim,Washing Machine,Y,Y,42,0 days 00:04:28,4
ID3007,22-02-2015 11:58,Greg,Television,Y,Y,79,0 days 00:05:21,5
ID3008,22-02-2015 11:58,Greg,Air Conditioner,Y,Y,120,0 days 00:04:53,4
ID3009,22-02-2015 12:04,Dan,Fridge,Y,Y,10,0 days 00:02:34,4
ID3010,22-02-2015 12:04,Jim,Television,Y,Y,21,0 days 00:05:05,1
ID3011,22-02-2015 13:01,Diane,Air Conditioner,Y,N,16,0 days 00:03:35,5
ID3012,22-02-2015 13:01,Joe,Toaster,Y,Y,34,0 days 00:06:19,5
ID3013,22-02-2015 13:19,Diane,Washing Machine,Y,Y,116,0 days 00:06:53,1
ID3014,22-02-2015 13:19,Greg,Fridge,Y,Y,28,0 days 00:06:25,2
ID3015,22-02-2015 13:30,Martha,Air Conditioner,Y,Y,75,0 days 00:02:33,3
ID3016,22-02-2015 13:30,Martha,Toaster,N,N,0,0 days 00:00:00,0
ID3017,22-02-2015 14:06,Joe,Toaster,Y,N,29,0 days 00:03:34,2
ID3018,22-02-2015 14:06,Jim,Air Conditioner,N,N,0,0 days 00:00:00,0
ID3019,22-02-2015 14:32,Becky,Air Conditioner,N,N,0,0 days 00:00:00,0
ID3020,22-02-2015 14:32,Dan,Air Conditioner,Y,Y,118,0 days 00:02:11,4
ID3021,22-02-2015 14:32,Dan,Fridge,Y,Y,87,0 days 00:05:04,3
ID3022,22-02-2015 14:32,Diane,Television,Y,N,100,0 days 00:06:45,3
ID3023,22-02-2015 15:12,Becky,Fridge,Y,Y,114,0 days 00:05:05,2
ID3024,22-02-2015 15:12,Stewart,Air Conditioner,Y,Y,69,0 days 00:00:35,4
ID3025,22-02-2015 15:18,Jim,Fridge,Y,Y,112,0 days 00:01:59,3
ID3026,22-02-2015 15:18,Dan,Air Conditioner,N,N,0,0 days 00:00:00,0
ID3027,22-02-2015 15:37,Stewart,Television,Y,Y,48,0 days 00:01:54,3
ID3028,22-02-2015 15:37,Becky,Toaster,Y,Y,92,0 days 00:01:26,2
ID3029,22-02-2015 15:37,Jim,Television,Y,Y,102,0 days 00:06:34,4
ID3030,22-02-2015 15:37,Martha,Air Conditioner,Y,Y,16,0 days 00:06:31,3
ID3031,22-02-2015 15:41,Joe,Air Conditioner,Y,Y,58,0 days 00:02:53,5
ID3032,22-02-2015 15:41,Becky,Washing Machine,Y,Y,87,0 days 00:01:42,5
ID3033,22-02-2015 15:48,Joe,Washing Machine,Y,Y,88,0 days 00:01:17,4
ID3034,22-02-2015 15:48,Dan,Fridge,Y,Y,59,0 days 00:03:42,3
ID3035,22-02-2015 16:26,Jim,Television,Y,Y,11,0 days 00:03:15,3
ID3036,22-02-2015 16:26,Joe,Air Conditioner,Y,Y,75,0 days 00:06:33,3
ID3037,22-02-2015 16:39,Greg,Fridge,Y,Y,64,0 days 00:06:37,3
ID3038,22-02-2015 16:39,Becky,Television,Y,Y,95,0 days 00:05:16,1
ID3039,22-02-2015 16:55,Martha,Air Conditioner,Y,Y,94,0 days 00:05:02,4
ID3040,22-02-2015 16:55,Greg,Toaster,N,N,0,0 days 00:00:00,0
ID3041,22-02-2015 17:03,Joe,Washing Machine,N,N,0,0 days 00:00:00,0
ID3042,22-02-2015 17:03,Becky,Fridge,N,N,0,0 days 00:00:00,0
ID3043,22-02-2015 17:09,Dan,Washing Machine,N,N,0,0 days 00:00:00,0
ID3044,22-02-2015 17:09,Diane,Washing Machine,Y,Y,41,0 days 00:02:08,3
ID3045,22-02-2015 17:19,Diane,Fridge,Y,Y,38,0 days 00:03:48,3
ID3046,22-02-2015 17:19,Martha,Television,Y,Y,33,0 days 00:01:42,5
ID3047,23-02-2015 09:02,Dan,Air Conditioner,Y,Y,49,0 days 00:01:01,3
ID3048,23-02-2015 09:02,Dan,Television,Y,Y,97,0 days 00:00:46,5
ID3049,23-02-2015 09:23,Becky,Toaster,Y,Y,23,0 days 00:02:53,3
ID3050,23-02-2015 09:23,Joe,Air Conditioner,Y,Y,60,0 days 00:06:16,3
ID3051,23-02-2015 09:43,Martha,Air Conditioner,Y,Y,48,0 days 00:06:24,2
ID3052,23-02-2015 09:43,Diane,Washing Machine,Y,Y,28,0 days 00:01:45,4
ID3053,23-02-2015 10:24,Martha,Air Conditioner,Y,Y,104,0 days 00:05:43,4
ID3054,23-02-2015 10:24,Greg,Washing Machine,Y,Y,115,0 days 00:01:23,4
ID3055,23-02-2015 10:43,Becky,Fridge,Y,N,89,0 days 00:01:52,3
ID3056,23-02-2015 10:43,Martha,Washing Machine,N,N,0,0 days 00:00:00,0
ID3057,23-02-2015 10:49,Stewart,Air Conditioner,Y,Y,111,0 days 00:04:17,3
ID3058,23-02-2015 10:49,Jim,Toaster,Y,Y,17,0 days 00:06:18,5
ID3059,23-02-2015 11:22,Diane,Air Conditioner,Y,Y,112,0 days 00:01:03,3
ID3060,23-02-2015 11:22,Stewart,Television,Y,N,100,0 days 00:04:25,5
ID3061,23-02-2015 12:01,Becky,Toaster,N,N,0,0 days 00:00:00,0
ID3062,23-02-2015 12:01,Diane,Fridge,Y,Y,40,0 days 00:04:13,3
ID3063,23-02-2015 12:41,Martha,Washing Machine,N,N,0,0 days 00:00:00,0
ID3064,23-02-2015 12:41,Becky,Fridge,Y,Y,29,0 days 00:01:10,3
ID3065,23-02-2015 12:59,Jim,Fridge,Y,N,39,0 days 00:06:33,4
ID3066,23-02-2015 12:59,Diane,Toaster,Y,Y,41,0 days 00:01:18,3
ID3067,23-02-2015 13:26,Stewart,Television,N,N,0,0 days 00:00:00,0
ID3068,23-02-2015 13:26,Martha,Air Conditioner,N,N,0,0 days 00:00:00,0
ID3069,23-02-2015 13:37,Becky,Fridge,Y,Y,56,0 days 00:00:37,5
ID3070,23-02-2015 13:37,Diane,Television,Y,Y,76,0 days 00:02:16,1
ID3071,23-02-2015 13:45,Greg,Fridge,Y,N,36,0 days 00:01:06,3
ID3072,23-02-2015 13:45,Jim,Television,Y,Y,111,0 days 00:01:42,3
ID3073,23-02-2015 14:28,Becky,Toaster,Y,Y,17,0 days 00:03:04,4
ID3074,23-02-2015 14:28,Diane,Toaster,Y,Y,121,0 days 00:03:23,5
ID3075,23-02-2015 14:34,Stewart,Toaster,Y,Y,69,0 days 00:06:05,4
ID3076,23-02-2015 14:34,Jim,Washing Machine,Y,Y,111,0 days 00:03:27,3
ID3077,23-02-2015 14:38,Martha,Air Conditioner,N,N,0,0 days 00:00:00,0
ID3078,23-02-2015 14:38,Jim,Air Conditioner,Y,Y,86,0 days 00:04:38,3
ID3079,23-02-2015 14:48,Dan,Toaster,Y,Y,77,0 days 00:06:53,4
ID3080,23-02-2015 14:48,Jim,Washing Machine,Y,Y,70,0 days 00:04:48,3
ID3081,23-02-2015 14:54,Greg,Television,Y,Y,82,0 days 00:01:26,3
ID3082,23-02-2015 14:54,Joe,Toaster,N,N,0,0 days 00:00:00,0
ID3083,23-02-2015 15:21,Becky,Washing Machine,Y,Y,69,0 days 00:02:17,1
ID3084,23-02-2015 15:21,Jim,Air Conditioner,N,N,0,0 days 00:00:00,0
ID3085,23-02-2015 15:30,Joe,Washing Machine,Y,Y,56,0 days 00:01:22,1
ID3086,23-02-2015 15:30,Greg,Washing Machine,Y,Y,95,0 days 00:06:09,1
ID3087,23-02-2015 15:34,Jim,Fridge,N,N,0,0 days 00:00:00,0
ID3088,23-02-2015 15:34,Greg,Television,Y,Y,13,0 days 00:06:06,3
ID3089,23-02-2015 15:47,Joe,Toaster,Y,Y,52,0 days 00:04:59,4
ID3090,23-02-2015 15:47,Joe,Air Conditioner,Y,N,40,0 days 00:05:52,4
ID3091,23-02-2015 16:40,Greg,Fridge,N,N,0,0 days 00:00:00,0
ID3092,23-02-2015 16:40,Martha,Washing Machine,Y,Y,124,0 days 00:06:43,5
ID3093,23-02-2015 16:55,Greg,Toaster,Y,Y,99,0 days 00:06:44,4
ID3094,23-02-2015 16:55,Becky,Television,Y,Y,99,0 days 00:06:38,4
ID3095,23-02-2015 17:11,Diane,Toaster,Y,Y,86,0 days 00:04:26,4
ID3096,23-02-2015 17:11,Joe,Air Conditioner,Y,Y,118,0 days 00:00:53,2
ID3097,23-02-2015 17:24,Martha,Washing Machine,Y,Y,50,0 days 00:06:23,4
ID3098,23-02-2015 17:24,Martha,Fridge,N,N,0,0 days 00:00:00,0
ID3099,23-02-2015 17:29,Becky,Television,Y,Y,52,0 days 00:03:34,1
ID3100,23-02-2015 17:29,Diane,Air Conditioner,Y,Y,34,0 days 00:04:46,4
ID3101,24-02-2015 09:36,Greg,Toaster,Y,Y,37,0 days 00:03:48,3
ID3102,24-02-2015 09:36,Dan,Fridge,Y,Y,75,0 days 00:03:01,4
ID3103,24-02-2015 12:59,Dan,Air Conditioner,Y,Y,85,0 days 00:01:13,2
ID3104,24-02-2015 12:59,Diane,Fridge,Y,Y,25,0 days 00:04:23,3
ID3105,24-02-2015 13:00,Stewart,Fridge,N,N,0,0 days 00:00:00,0
ID3106,24-02-2015 13:00,Dan,Washing Machine,N,N,0,0 days 00:00:00,0
ID3107,24-02-2015 13:17,Joe,Television,Y,Y,70,0 days 00:00:48,4
ID3108,24-02-2015 13:17,Diane,Air Conditioner,Y,Y,103,0 days 00:03:26,4
ID3109,24-02-2015 13:35,Stewart,Toaster,Y,Y,71,0 days 00:06:57,5
ID3110,24-02-2015 13:35,Becky,Air Conditioner,Y,Y,51,0 days 00:01:11,4
ID3111,24-02-2015 13:49,Jim,Toaster,Y,Y,103,0 days 00:00:32,5
ID3112,24-02-2015 13:49,Joe,Toaster,Y,Y,98,0 days 00:02:55,5
ID3113,24-02-2015 13:58,Greg,Toaster,Y,Y,65,0 days 00:03:24,2
ID3114,24-02-2015 13:58,Dan,Fridge,Y,Y,104,0 days 00:04:59,4
ID3115,24-02-2015 14:24,Jim,Toaster,Y,Y,82,0 days 00:04:46,2
ID3116,24-02-2015 14:24,Martha,Toaster,Y,Y,26,0 days 00:02:52,4
ID3117,24-02-2015 14:34,Diane,Toaster,Y,N,84,0 days 00:03:36,3
ID3118,24-02-2015 14:34,Greg,Air Conditioner,Y,Y,106,0 days 00:05:43,4
ID3119,24-02-2015 14:41,Joe,Fridge,Y,Y,92,0 days 00:01:42,4
ID3120,24-02-2015 14:41,Joe,Fridge,N,N,0,0 days 00:00:00,0
ID3121,24-02-2015 15:17,Becky,Washing Machine,Y,Y,122,0 days 00:03:01,1
ID3122,24-02-2015 15:17,Becky,Washing Machine,Y,Y,92,0 days 00:02:44,4
ID3123,24-02-2015 15:21,Diane,Toaster,N,N,0,0 days 00:00:00,0
ID3124,24-02-2015 15:21,Jim,Television,Y,Y,61,0 days 00:04:25,5
ID3125,24-02-2015 15:28,Martha,Air Conditioner,Y,Y,27,0 days 00:01:56,5
ID3126,24-02-2015 15:28,Becky,Air Conditioner,Y,Y,68,0 days 00:01:48,1
ID3127,24-02-2015 15:41,Diane,Air Conditioner,N,N,0,0 days 00:00:00,0
ID3128,24-02-2015 15:41,Greg,Air Conditioner,Y,Y,59,0 days 00:00:42,4
ID3129,24-02-2015 16:07,Joe,Toaster,N,N,0,0 days 00:00:00,0
ID3130,24-02-2015 16:07,Joe,Air Conditioner,Y,Y,110,0 days 00:05:50,4
ID3131,24-02-2015 16:23,Jim,Air Conditioner,Y,Y,23,0 days 00:02:20,4
ID3132,24-02-2015 16:23,Diane,Washing Machine,Y,Y,60,0 days 00:06:09,5
ID3133,24-02-2015 16:37,Stewart,Toaster,Y,Y,89,0 days 00:02:27,3
ID3134,24-02-2015 16:37,Martha,Fridge,Y,Y,48,0 days 00:04:06,3
ID3135,24-02-2015 16:42,Joe,Fridge,Y,Y,52,0 days 00:04:55,5
ID3136,24-02-2015 16:42,Jim,Toaster,Y,Y,49,0 days 00:03:19,1
ID3137,24-02-2015 16:48,Becky,Air Conditioner,Y,Y,33,0 days 00:04:39,2
ID3138,24-02-2015 16:48,Jim,Air Conditioner,Y,Y,108,0 days 00:04:19,4
ID3139,24-02-2015 17:13,Jim,Toaster,N,N,0,0 days 00:00:00,0
ID3140,24-02-2015 17:13,Joe,Toaster,Y,Y,21,0 days 00:04:56,5
ID3141,24-02-2015 17:16,Martha,Washing Machine,Y,Y,23,0 days 00:03:49,5
ID3142,24-02-2015 17:16,Dan,Air Conditioner,N,N,0,0 days 00:00:00,0
ID3143,24-02-2015 17:28,Becky,Washing Machine,Y,Y,73,0 days 00:05:34,5
ID3144,24-02-2015 17:28,Dan,Air Conditioner,N,N,0,0 days 00:00:00,0
ID3145,24-02-2015 17:36,Stewart,Air Conditioner,Y,Y,22,0 days 00:04:13,3
ID3146,24-02-2015 17:36,Martha,Toaster,N,N,0,0 days 00:00:00,0
ID3147,24-02-2015 17:42,Stewart,Fridge,Y,N,12,0 days 00:05:43,4
ID3148,24-02-2015 17:42,Joe,Television,Y,Y,111,0 days 00:04:25,3
ID3149,24-02-2015 17:47,Jim,Fridge,Y,Y,97,0 days 00:03:46,5
ID3150,24-02-2015 17:47,Diane,Television,Y,Y,93,0 days 00:05:31,4
ID3151,24-02-2015 17:55,Becky,Television,Y,Y,24,0 days 00:02:25,3
ID3152,24-02-2015 17:55,Martha,Air Conditioner,Y,Y,84,0 days 00:01:49,1
ID3153,25-02-2015 09:10,Stewart,Washing Machine,Y,Y,17,0 days 00:01:56,4
ID3154,25-02-2015 09:10,Stewart,Air Conditioner,Y,Y,55,0 days 00:04:03,4
ID3155,25-02-2015 09:10,Greg,Toaster,Y,Y,118,0 days 00:01:13,3
ID3156,25-02-2015 09:10,Dan,Television,Y,Y,109,0 days 00:02:57,5
ID3157,25-02-2015 09:15,Stewart,Air Conditioner,Y,Y,33,0 days 00:02:37,4
ID3158,25-02-2015 09:15,Joe,Washing Machine,Y,Y,18,0 days 00:05:59,4
ID3159,25-02-2015 10:06,Stewart,Fridge,Y,Y,99,0 days 00:04:12,2
ID3160,25-02-2015 10:06,Martha,Washing Machine,Y,Y,111,0 days 00:02:29,3
ID3161,25-02-2015 10:19,Diane,Fridge,N,N,0,0 days 00:00:00,0
ID3162,25-02-2015 10:19,Diane,Toaster,Y,Y,82,0 days 00:06:47,5
ID3163,25-02-2015 10:20,Becky,Fridge,Y,Y,48,0 days 00:05:40,3
ID3164,25-02-2015 10:20,Joe,Air Conditioner,Y,Y,83,0 days 00:04:53,3
ID3165,25-02-2015 10:46,Dan,Air Conditioner,Y,Y,102,0 days 00:02:12,5
ID3166,25-02-2015 10:46,Joe,Fridge,Y,Y,124,0 days 00:01:23,1
ID3167,25-02-2015 10:52,Martha,Television,N,N,0,0 days 00:00:00,0
ID3168,25-02-2015 10:52,Joe,Television,Y,Y,82,0 days 00:03:32,3
ID3169,25-02-2015 11:09,Jim,Toaster,Y,N,50,0 days 00:04:13,4
ID3170,25-02-2015 11:09,Martha,Toaster,Y,Y,27,0 days 00:01:55,3
ID3171,25-02-2015 11:35,Joe,Fridge,Y,Y,96,0 days 00:02:47,4
ID3172,25-02-2015 11:35,Greg,Washing Machine,Y,Y,122,0 days 00:03:55,1
ID3173,25-02-2015 11:42,Diane,Air Conditioner,N,N,0,0 days 00:00:00,0
ID3174,25-02-2015 11:42,Joe,Toaster,Y,Y,76,0 days 00:01:50,4
ID3175,25-02-2015 11:55,Dan,Fridge,Y,Y,66,0 days 00:01:46,5
ID3176,25-02-2015 11:55,Martha,Air Conditioner,Y,Y,98,0 days 00:02:12,3
ID3177,25-02-2015 12:04,Martha,Washing Machine,N,N,0,0 days 00:00:00,0
ID3178,25-02-2015 12:04,Joe,Air Conditioner,Y,Y,73,0 days 00:06:31,3
ID3179,25-02-2015 12:05,Joe,Washing Machine,Y,Y,76,0 days 00:01:47,3
ID3180,25-02-2015 12:05,Greg,Television,N,N,0,0 days 00:00:00,0
ID3181,25-02-2015 12:31,Jim,Fridge,Y,Y,123,0 days 00:05:46,4
ID3182,25-02-2015 12:31,Stewart,Fridge,Y,N,98,0 days 00:05:11,4
ID3183,25-02-2015 12:34,Dan,Air Conditioner,Y,Y,81,0 days 00:02:06,1
ID3184,25-02-2015 12:34,Dan,Toaster,Y,Y,52,0 days 00:06:55,4
ID3185,25-02-2015 12:34,Stewart,Toaster,Y,Y,93,0 days 00:06:02,1
ID3186,25-02-2015 12:34,Jim,Toaster,Y,Y,17,0 days 00:05:07,4
ID3187,25-02-2015 13:00,Dan,Air Conditioner,Y,Y,91,0 days 00:01:38,4
ID3188,25-02-2015 13:00,Dan,Television,Y,Y,20,0 days 00:02:23,5
ID3189,25-02-2015 14:11,Diane,Washing Machine,N,N,0,0 days 00:00:00,0
ID3190,25-02-2015 14:11,Joe,Toaster,Y,Y,125,0 days 00:06:17,4
ID3191,25-02-2015 14:57,Martha,Toaster,Y,Y,46,0 days 00:03:06,2
ID3192,25-02-2015 14:57,Diane,Washing Machine,Y,Y,124,0 days 00:05:29,3
ID3193,25-02-2015 15:14,Dan,Air Conditioner,Y,Y,29,0 days 00:04:05,3
ID3194,25-02-2015 15:14,Joe,Television,Y,N,75,0 days 00:04:37,3
ID3195,25-02-2015 15:27,Martha,Air Conditioner,Y,Y,57,0 days 00:04:11,4
ID3196,25-02-2015 15:27,Dan,Fridge,N,N,0,0 days 00:00:00,0
ID3197,25-02-2015 15:30,Jim,Television,Y,Y,106,0 days 00:01:53,4
ID3198,25-02-2015 15:30,Jim,Washing Machine,Y,Y,19,0 days 00:05:44,3
ID3199,25-02-2015 15:41,Jim,Air Conditioner,Y,Y,94,0 days 00:01:11,4
ID3200,25-02-2015 15:41,Stewart,Television,N,N,0,0 days 00:00:00,0
ID3201,25-02-2015 15:54,Diane,Fridge,Y,Y,28,0 days 00:03:01,3
ID3202,25-02-2015 15:54,Diane,Fridge,Y,Y,11,0 days 00:02:20,4
ID3203,25-02-2015 16:04,Stewart,Fridge,Y,Y,68,0 days 00:04:51,5
ID3204,25-02-2015 16:04,Dan,Washing Machine,Y,Y,103,0 days 00:04:42,5
ID3205,25-02-2015 16:26,Stewart,Television,Y,Y,28,0 days 00:06:06,2
ID3206,25-02-2015 16:26,Martha,Air Conditioner,Y,Y,36,0 days 00:04:09,5
ID3207,25-02-2015 16:40,Dan,Air Conditioner,Y,Y,63,0 days 00:05:39,5
ID3208,25-02-2015 16:40,Dan,Washing Machine,Y,Y,14,0 days 00:00:36,5
ID3209,25-02-2015 17:06,Dan,Television,Y,Y,82,0 days 00:05:15,1
ID3210,25-02-2015 17:06,Diane,Toaster,N,N,0,0 days 00:00:00,0
ID3211,25-02-2015 17:06,Martha,Fridge,Y,Y,15,0 days 00:05:43,3
ID3212,25-02-2015 17:06,Diane,Fridge,Y,Y,85,0 days 00:04:18,3
ID3213,25-02-2015 17:24,Becky,Fridge,N,N,0,0 days 00:00:00,0
ID3214,25-02-2015 17:24,Greg,Toaster,Y,Y,108,0 days 00:02:12,5
ID3215,25-02-2015 17:47,Martha,Television,Y,Y,45,0 days 00:02:58,3
ID3216,25-02-2015 17:47,Joe,Air Conditioner,Y,Y,24,0 days 00:01:52,4
ID3217,26-02-2015 09:10,Greg,Television,Y,Y,75,0 days 00:04:31,2
ID3218,26-02-2015 09:10,Martha,Air Conditioner,Y,Y,68,0 days 00:06:24,5
ID3219,26-02-2015 09:18,Jim,Toaster,Y,N,104,0 days 00:01:21,4
ID3220,26-02-2015 09:18,Joe,Washing Machine,Y,N,33,0 days 00:00:41,3
ID3221,26-02-2015 10:12,Dan,Air Conditioner,Y,Y,101,0 days 00:03:50,2
ID3222,26-02-2015 10:12,Jim,Fridge,N,N,0,0 days 00:00:00,0
ID3223,26-02-2015 10:24,Greg,Air Conditioner,Y,Y,41,0 days 00:03:04,1
ID3224,26-02-2015 10:24,Martha,Television,N,N,0,0 days 00:00:00,0
ID3225,26-02-2015 10:45,Jim,Washing Machine,Y,Y,124,0 days 00:03:27,4
ID3226,26-02-2015 10:45,Jim,Television,Y,N,98,0 days 00:05:29,2
ID3227,26-02-2015 11:03,Greg,Toaster,Y,Y,119,0 days 00:02:11,3
ID3228,26-02-2015 11:03,Jim,Television,Y,Y,40,0 days 00:02:26,1
ID3229,26-02-2015 11:36,Greg,Toaster,N,N,0,0 days 00:00:00,0
ID3230,26-02-2015 11:36,Becky,Toaster,Y,Y,97,0 days 00:05:29,2
ID3231,26-02-2015 11:44,Martha,Fridge,Y,Y,119,0 days 00:03:46,2
ID3232,26-02-2015 11:44,Becky,Air Conditioner,N,N,0,0 days 00:00:00,0
ID3233,26-02-2015 11:45,Stewart,Television,Y,Y,26,0 days 00:00:42,5
ID3234,26-02-2015 11:45,Greg,Toaster,N,N,0,0 days 00:00:00,0
ID3235,26-02-2015 12:40,Jim,Toaster,Y,Y,77,0 days 00:01:46,4
ID3236,26-02-2015 12:40,Jim,Air Conditioner,Y,Y,31,0 days 00:02:05,3
ID3237,26-02-2015 13:01,Becky,Fridge,N,N,0,0 days 00:00:00,0
ID3238,26-02-2015 13:01,Becky,Toaster,Y,N,16,0 days 00:03:40,4
ID3239,26-02-2015 13:06,Diane,Fridge,Y,Y,117,0 days 00:06:29,4
ID3240,26-02-2015 13:06,Becky,Television,Y,N,16,0 days 00:03:18,5
ID3241,26-02-2015 14:05,Stewart,Toaster,Y,N,35,0 days 00:03:27,4
ID3242,26-02-2015 14:05,Martha,Washing Machine,Y,N,93,0 days 00:02:32,4
ID3243,26-02-2015 14:51,Joe,Television,Y,Y,39,0 days 00:02:56,1
ID3244,26-02-2015 14:51,Greg,Television,Y,N,18,0 days 00:04:54,1
ID3245,26-02-2015 14:54,Greg,Washing Machine,Y,Y,124,0 days 00:05:27,4
ID3246,26-02-2015 14:54,Greg,Television,N,N,0,0 days 00:00:00,0
ID3247,26-02-2015 15:01,Becky,Television,Y,Y,10,0 days 00:04:00,1
ID3248,26-02-2015 15:01,Diane,Washing Machine,N,N,0,0 days 00:00:00,0
ID3249,26-02-2015 15:05,Becky,Television,Y,Y,99,0 days 00:05:08,4
ID3250,26-02-2015 15:05,Greg,Air Conditioner,Y,Y,114,0 days 00:05:06,4
ID3251,26-02-2015 15:41,Greg,Air Conditioner,Y,Y,122,0 days 00:04:35,1
ID3252,26-02-2015 15:41,Joe,Washing Machine,N,N,0,0 days 00:00:00,0
ID3253,26-02-2015 16:04,Becky,Television,N,N,0,0 days 00:00:00,0
ID3254,26-02-2015 16:04,Diane,Washing Machine,Y,N,87,0 days 00:01:16,4
ID3255,26-02-2015 16:29,Dan,Television,Y,Y,63,0 days 00:03:27,3
ID3256,26-02-2015 16:29,Martha,Toaster,N,N,0,0 days 00:00:00,0
ID3257,26-02-2015 16:49,Stewart,Television,Y,Y,120,0 days 00:06:39,4
ID3258,26-02-2015 16:49,Jim,Television,N,N,0,0 days 00:00:00,0
ID3259,26-02-2015 16:58,Stewart,Television,N,N,0,0 days 00:00:00,0
ID3260,26-02-2015 16:58,Stewart,Toaster,Y,Y,23,0 days 00:05:19,4
ID3261,26-02-2015 17:05,Martha,Air Conditioner,Y,N,122,0 days 00:03:49,5
ID3262,26-02-2015 17:05,Joe,Washing Machine,Y,Y,60,0 days 00:03:28,1
ID3263,26-02-2015 17:35,Dan,Washing Machine,Y,Y,123,0 days 00:00:45,5
ID3264,26-02-2015 17:35,Dan,Air Conditioner,Y,Y,64,0 days 00:05:19,1
ID3265,26-02-2015 17:36,Greg,Television,Y,Y,124,0 days 00:05:04,2
ID3266,26-02-2015 17:36,Diane,Washing Machine,Y,Y,102,0 days 00:02:20,4
ID3267,26-02-2015 17:39,Becky,Fridge,Y,Y,27,0 days 00:06:32,4
ID3268,26-02-2015 17:39,Becky,Fridge,Y,Y,26,0 days 00:05:47,4
ID3269,26-02-2015 17:42,Joe,Toaster,Y,Y,42,0 days 00:01:21,5
ID3270,26-02-2015 17:42,Dan,Air Conditioner,Y,Y,121,0 days 00:04:26,4
ID3271,26-02-2015 17:51,Becky,Toaster,Y,Y,91,0 days 00:06:26,3
ID3272,26-02-2015 17:51,Stewart,Air Conditioner,Y,Y,79,0 days 00:03:57,5
ID3273,27-02-2015 09:11,Stewart,Television,Y,Y,49,0 days 00:04:22,5
ID3274,27-02-2015 09:11,Martha,Television,N,N,0,0 days 00:00:00,0
ID3275,27-02-2015 09:11,Martha,Washing Machine,Y,N,44,0 days 00:05:16,4
ID3276,27-02-2015 09:11,Becky,Washing Machine,N,N,0,0 days 00:00:00,0
ID3277,27-02-2015 09:46,Greg,Television,N,N,0,0 days 00:00:00,0
ID3278,27-02-2015 09:46,Greg,Television,Y,Y,47,0 days 00:06:05,3
ID3279,27-02-2015 09:50,Greg,Television,N,N,0,0 days 00:00:00,0
ID3280,27-02-2015 09:50,Diane,Toaster,N,N,0,0 days 00:00:00,0
ID3281,27-02-2015 09:56,Greg,Air Conditioner,Y,N,26,0 days 00:00:51,5
ID3282,27-02-2015 09:56,Greg,Fridge,N,N,0,0 days 00:00:00,0
ID3283,27-02-2015 10:16,Martha,Fridge,Y,Y,50,0 days 00:01:33,3
ID3284,27-02-2015 10:16,Stewart,Television,Y,Y,121,0 days 00:05:20,1
ID3285,27-02-2015 10:50,Jim,Washing Machine,Y,Y,82,0 days 00:06:45,3
ID3286,27-02-2015 10:50,Diane,Fridge,Y,Y,41,0 days 00:04:37,4
ID3287,27-02-2015 11:47,Dan,Fridge,Y,Y,65,0 days 00:05:51,1
ID3288,27-02-2015 11:47,Dan,Washing Machine,Y,Y,100,0 days 00:05:49,3
ID3289,27-02-2015 12:14,Dan,Television,Y,Y,72,0 days 00:04:58,2
ID3290,27-02-2015 12:14,Dan,Television,Y,Y,120,0 days 00:00:49,5
ID3291,27-02-2015 12:34,Stewart,Washing Machine,Y,Y,59,0 days 00:01:13,3
ID3292,27-02-2015 12:34,Diane,Washing Machine,N,N,0,0 days 00:00:00,0
ID3293,27-02-2015 12:44,Jim,Washing Machine,Y,Y,25,0 days 00:04:05,2
ID3294,27-02-2015 12:44,Dan,Television,Y,Y,20,0 days 00:04:56,3
ID3295,27-02-2015 12:56,Dan,Toaster,Y,Y,40,0 days 00:05:54,4
ID3296,27-02-2015 12:56,Becky,Television,Y,Y,34,0 days 00:05:11,5
ID3297,27-02-2015 13:07,Martha,Fridge,N,N,0,0 days 00:00:00,0
ID3298,27-02-2015 13:07,Martha,Washing Machine,Y,Y,27,0 days 00:02:11,5
ID3299,27-02-2015 13:39,Joe,Television,Y,Y,103,0 days 00:04:56,1
ID3300,27-02-2015 13:39,Diane,Fridge,Y,Y,76,0 days 00:03:17,4
ID3301,27-02-2015 14:11,Jim,Washing Machine,N,N,0,0 days 00:00:00,0
ID3302,27-02-2015 14:11,Martha,Fridge,Y,Y,23,0 days 00:02:42,4
ID3303,27-02-2015 14:38,Greg,Fridge,Y,Y,94,0 days 00:06:57,4
ID3304,27-02-2015 14:38,Dan,Air Conditioner,Y,Y,115,0 days 00:06:18,5
ID3305,27-02-2015 14:58,Martha,Air Conditioner,Y,N,11,0 days 00:03:10,3
ID3306,27-02-2015 14:58,Diane,Toaster,Y,Y,117,0 days 00:02:05,5
ID3307,27-02-2015 15:00,Diane,Washing Machine,Y,Y,110,0 days 00:06:33,5
ID3308,27-02-2015 15:00,Dan,Fridge,Y,Y,24,0 days 00:02:47,3
ID3309,27-02-2015 15:08,Jim,Television,Y,Y,31,0 days 00:04:38,3
ID3310,27-02-2015 15:08,Becky,Fridge,Y,Y,25,0 days 00:05:06,3
ID3311,27-02-2015 15:25,Stewart,Washing Machine,Y,Y,96,0 days 00:05:31,3
ID3312,27-02-2015 15:25,Becky,Television,Y,Y,48,0 days 00:00:44,2
ID3313,27-02-2015 16:00,Dan,Fridge,Y,N,110,0 days 00:02:36,5
ID3314,27-02-2015 16:00,Jim,Washing Machine,Y,N,19,0 days 00:04:55,3
ID3315,27-02-2015 16:20,Diane,Fridge,N,N,0,0 days 00:00:00,0
ID3316,27-02-2015 16:20,Diane,Washing Machine,Y,Y,88,0 days 00:03:41,1
ID3317,27-02-2015 16:37,Jim,Washing Machine,Y,Y,42,0 days 00:06:21,3
ID3318,27-02-2015 16:37,Stewart,Toaster,Y,Y,111,0 days 00:06:39,4
ID3319,27-02-2015 16:46,Stewart,Air Conditioner,Y,Y,89,0 days 00:03:45,5
ID3320,27-02-2015 16:46,Dan,Television,Y,Y,32,0 days 00:05:40,2
ID3321,27-02-2015 16:52,Greg,Air Conditioner,Y,Y,118,0 days 00:05:58,3
ID3322,27-02-2015 16:52,Joe,Air Conditioner,Y,Y,21,0 days 00:00:46,4
ID3323,27-02-2015 17:06,Jim,Washing Machine,Y,Y,15,0 days 00:01:41,2
ID3324,27-02-2015 17:06,Dan,Air Conditioner,Y,Y,87,0 days 00:02:50,4
ID3325,27-02-2015 17:09,Becky,Fridge,Y,Y,18,0 days 00:06:16,1
ID3326,27-02-2015 17:09,Becky,Toaster,N,N,0,0 days 00:00:00,0
ID3327,28-02-2015 09:07,Diane,Air Conditioner,Y,Y,15,0 days 00:03:06,3
ID3328,28-02-2015 09:07,Diane,Washing Machine,Y,Y,12,0 days 00:05:49,5
ID3329,28-02-2015 09:14,Stewart,Washing Machine,N,N,0,0 days 00:00:00,0
ID3330,28-02-2015 09:14,Becky,Fridge,Y,Y,84,0 days 00:02:26,3
ID3331,28-02-2015 09:15,Diane,Washing Machine,N,N,0,0 days 00:00:00,0
ID3332,28-02-2015 09:15,Joe,Fridge,N,N,0,0 days 00:00:00,0
ID3333,28-02-2015 09:30,Dan,Television,Y,Y,55,0 days 00:03:47,4
ID3334,28-02-2015 09:30,Jim,Television,N,N,0,0 days 00:00:00,0
ID3335,28-02-2015 10:07,Martha,Air Conditioner,Y,Y,63,0 days 00:03:30,5
ID3336,28-02-2015 10:07,Dan,Toaster,N,N,0,0 days 00:00:00,0
ID3337,28-02-2015 10:27,Joe,Television,Y,Y,121,0 days 00:03:29,3
ID3338,28-02-2015 10:27,Joe,Fridge,Y,Y,53,0 days 00:06:06,4
ID3339,28-02-2015 10:33,Greg,Television,Y,Y,102,0 days 00:00:35,3
ID3340,28-02-2015 10:33,Joe,Washing Machine,Y,Y,92,0 days 00:06:12,2
ID3341,28-02-2015 11:00,Martha,Washing Machine,Y,Y,32,0 days 00:00:46,5
ID3342,28-02-2015 11:00,Stewart,Fridge,Y,Y,107,0 days 00:04:45,5
ID3343,28-02-2015 11:00,Diane,Fridge,Y,Y,106,0 days 00:04:50,1
ID3344,28-02-2015 11:00,Jim,Washing Machine,Y,Y,114,0 days 00:03:19,5
ID3345,28-02-2015 11:12,Diane,Toaster,Y,N,62,0 days 00:02:13,5
ID3346,28-02-2015 11:12,Dan,Toaster,Y,Y,37,0 days 00:04:10,5
ID3347,28-02-2015 11:26,Becky,Washing Machine,Y,N,116,0 days 00:06:01,4
ID3348,28-02-2015 11:26,Becky,Toaster,Y,Y,89,0 days 00:02:13,4
ID3349,28-02-2015 11:34,Jim,Washing Machine,Y,Y,37,0 days 00:04:45,4
ID3350,28-02-2015 11:34,Jim,Washing Machine,Y,Y,120,0 days 00:05:29,3
ID3351,28-02-2015 11:34,Dan,Washing Machine,Y,Y,46,0 days 00:05:43,1
ID3352,28-02-2015 11:34,Becky,Television,Y,Y,70,0 days 00:01:00,4
ID3353,28-02-2015 11:42,Diane,Air Conditioner,Y,Y,21,0 days 00:02:13,4
ID3354,28-02-2015 11:42,Joe,Fridge,Y,Y,86,0 days 00:00:51,4
ID3355,28-02-2015 12:40,Becky,Television,Y,N,54,0 days 00:05:30,2
ID3356,28-02-2015 12:40,Martha,Fridge,Y,Y,117,0 days 00:05:39,4
ID3357,28-02-2015 12:40,Greg,Fridge,N,N,0,0 days 00:00:00,0
ID3358,28-02-2015 12:40,Becky,Television,Y,Y,101,0 days 00:05:06,1
ID3359,28-02-2015 13:09,Martha,Toaster,Y,Y,52,0 days 00:01:47,2
ID3360,28-02-2015 13:09,Dan,Air Conditioner,Y,Y,65,0 days 00:02:15,5
ID3361,28-02-2015 13:14,Greg,Toaster,Y,Y,84,0 days 00:05:09,5
ID3362,28-02-2015 13:14,Joe,Air Conditioner,Y,N,115,0 days 00:06:30,2
ID3363,28-02-2015 13:20,Becky,Washing Machine,N,N,0,0 days 00:00:00,0
ID3364,28-02-2015 13:20,Diane,Fridge,Y,Y,22,0 days 00:03:26,4
ID3365,28-02-2015 13:23,Greg,Fridge,Y,Y,45,0 days 00:00:42,4
ID3366,28-02-2015 13:23,Jim,Fridge,N,N,0,0 days 00:00:00,0
ID3367,28-02-2015 13:40,Diane,Washing Machine,N,N,0,0 days 00:00:00,0
ID3368,28-02-2015 13:40,Greg,Washing Machine,Y,Y,23,0 days 00:04:58,5
ID3369,28-02-2015 14:03,Greg,Air Conditioner,Y,Y,45,0 days 00:02:29,3
ID3370,28-02-2015 14:03,Jim,Washing Machine,N,N,0,0 days 00:00:00,0
ID3371,28-02-2015 14:48,Diane,Washing Machine,Y,Y,53,0 days 00:00:47,4
ID3372,28-02-2015 14:48,Greg,Washing Machine,Y,Y,76,0 days 00:05:05,4
ID3373,28-02-2015 14:52,Diane,Fridge,Y,Y,62,0 days 00:02:58,3
ID3374,28-02-2015 14:52,Martha,Television,Y,N,104,0 days 00:02:41,3
ID3375,28-02-2015 15:21,Martha,Fridge,N,N,0,0 days 00:00:00,0
ID3376,28-02-2015 15:21,Martha,Washing Machine,Y,Y,72,0 days 00:06:15,1
ID3377,28-02-2015 15:25,Joe,Air Conditioner,N,N,0,0 days 00:00:00,0
ID3378,28-02-2015 15:25,Greg,Fridge,Y,Y,74,0 days 00:06:20,4
ID3379,28-02-2015 16:06,Joe,Toaster,Y,Y,64,0 days 00:00:49,4
ID3380,28-02-2015 16:06,Diane,Television,Y,Y,44,0 days 00:03:09,4
ID3381,28-02-2015 16:07,Stewart,Air Conditioner,Y,Y,50,0 days 00:05:12,4
ID3382,28-02-2015 16:07,Dan,Air Conditioner,Y,Y,73,0 days 00:03:56,3
ID3383,28-02-2015 16:50,Joe,Air Conditioner,Y,Y,34,0 days 00:03:25,1
ID3384,28-02-2015 16:50,Dan,Toaster,Y,Y,118,0 days 00:06:31,3
ID3385,28-02-2015 17:32,Becky,Fridge,Y,Y,44,0 days 00:06:50,3
ID3386,28-02-2015 17:32,Greg,Washing Machine,Y,Y,38,0 days 00:01:36,3
ID3387,28-02-2015 18:00,Jim,Television,Y,Y,56,0 days 00:02:34,4
ID3388,28-02-2015 18:00,Joe,Air Conditioner,Y,Y,79,0 days 00:06:19,4
ID3389,01-03-2015 09:07,Stewart,Toaster,Y,Y,111,0 days 00:04:32,5
ID3390,01-03-2015 09:07,Joe,Washing Machine,Y,N,62,0 days 00:05:08,5
ID3391,01-03-2015 09:15,Martha,Television,Y,Y,112,0 days 00:04:20,1
ID3392,01-03-2015 09:15,Dan,Fridge,Y,Y,55,0 days 00:05:31,4
ID3393,01-03-2015 09:33,Jim,Fridge,Y,Y,107,0 days 00:03:45,5
ID3394,01-03-2015 09:33,Martha,Fridge,N,N,0,0 days 00:00:00,0
ID3395,01-03-2015 09:57,Diane,Air Conditioner,N,N,0,0 days 00:00:00,0
ID3396,01-03-2015 09:57,Becky,Fridge,Y,Y,81,0 days 00:05:49,4
ID3397,01-03-2015 10:01,Joe,Television,Y,N,120,0 days 00:02:31,4
ID3398,01-03-2015 10:01,Diane,Fridge,N,N,0,0 days 00:00:00,0
ID3399,01-03-2015 10:33,Becky,Washing Machine,N,N,0,0 days 00:00:00,0
ID3400,01-03-2015 10:33,Jim,Air Conditioner,Y,Y,68,0 days 00:01:04,3
ID3401,01-03-2015 11:13,Greg,Air Conditioner,N,N,0,0 days 00:00:00,0
ID3402,01-03-2015 11:13,Stewart,Toaster,Y,Y,40,0 days 00:01:24,4
ID3403,01-03-2015 12:21,Jim,Air Conditioner,Y,Y,60,0 days 00:04:47,4
ID3404,01-03-2015 12:21,Jim,Television,Y,Y,53,0 days 00:03:55,3
ID3405,01-03-2015 12:36,Martha,Washing Machine,Y,Y,72,0 days 00:02:45,3
ID3406,01-03-2015 12:36,Jim,Air Conditioner,N,N,0,0 days 00:00:00,0
ID3407,01-03-2015 12:46,Greg,Television,Y,Y,100,0 days 00:04:25,1
ID3408,01-03-2015 12:46,Stewart,Toaster,Y,Y,99,0 days 00:02:23,3
ID3409,01-03-2015 13:06,Becky,Toaster,Y,Y,96,0 days 00:07:00,4
ID3410,01-03-2015 13:06,Becky,Toaster,Y,Y,33,0 days 00:02:24,2
ID3411,01-03-2015 13:10,Jim,Washing Machine,Y,Y,92,0 days 00:03:39,4
ID3412,01-03-2015 13:10,Greg,Toaster,Y,Y,96,0 days 00:04:35,4
ID3413,01-03-2015 13:14,Dan,Washing Machine,Y,N,116,0 days 00:06:32,3
ID3414,01-03-2015 13:14,Joe,Television,Y,Y,29,0 days 00:05:58,5
ID3415,01-03-2015 13:14,Diane,Fridge,Y,Y,40,0 days 00:02:02,4
ID3416,01-03-2015 13:14,Becky,Toaster,Y,Y,62,0 days 00:01:18,4
ID3417,01-03-2015 13:16,Martha,Toaster,Y,Y,111,0 days 00:02:44,1
ID3418,01-03-2015 13:16,Stewart,Television,Y,Y,66,0 days 00:00:45,3
ID3419,01-03-2015 13:20,Jim,Toaster,Y,Y,79,0 days 00:03:04,3
ID3420,01-03-2015 13:20,Stewart,Air Conditioner,N,N,0,0 days 00:00:00,0
ID3421,01-03-2015 13:36,Becky,Toaster,Y,Y,69,0 days 00:00:37,5
ID3422,01-03-2015 13:36,Stewart,Television,Y,Y,49,0 days 00:02:19,2
ID3423,01-03-2015 13:37,Becky,Television,Y,Y,80,0 days 00:04:20,4
ID3424,01-03-2015 13:37,Becky,Washing Machine,Y,Y,101,0 days 00:00:49,5
ID3425,01-03-2015 13:58,Becky,Fridge,Y,Y,99,0 days 00:01:51,5
ID3426,01-03-2015 13:58,Diane,Television,Y,Y,111,0 days 00:05:09,5
ID3427,01-03-2015 14:12,Joe,Washing Machine,N,N,0,0 days 00:00:00,0
ID3428,01-03-2015 14:12,Martha,Fridge,Y,Y,83,0 days 00:05:04,5
ID3429,01-03-2015 14:15,Greg,Fridge,Y,Y,14,0 days 00:04:58,3
ID3430,01-03-2015 14:15,Stewart,Washing Machine,Y,Y,120,0 days 00:05:49,3
ID3431,01-03-2015 14:16,Becky,Washing Machine,Y,Y,38,0 days 00:02:00,5
ID3432,01-03-2015 14:16,Dan,Television,Y,N,88,0 days 00:05:18,1
ID3433,01-03-2015 14:51,Becky,Television,Y,Y,26,0 days 00:01:18,4
ID3434,01-03-2015 14:51,Dan,Air Conditioner,Y,Y,94,0 days 00:03:21,3
ID3435,01-03-2015 14:55,Jim,Fridge,N,N,0,0 days 00:00:00,0
ID3436,01-03-2015 14:55,Dan,Toaster,N,N,0,0 days 00:00:00,0
ID3437,01-03-2015 15:33,Stewart,Fridge,Y,Y,29,0 days 00:06:16,3
ID3438,01-03-2015 15:33,Joe,Fridge,Y,Y,49,0 days 00:02:52,3
ID3439,01-03-2015 15:43,Diane,Air Conditioner,Y,Y,104,0 days 00:02:17,4
ID3440,01-03-2015 15:43,Becky,Fridge,Y,Y,62,0 days 00:01:03,4
ID3441,01-03-2015 16:33,Becky,Fridge,Y,Y,123,0 days 00:05:42,5
ID3442,01-03-2015 16:33,Becky,Washing Machine,Y,Y,114,0 days 00:01:52,5
ID3443,01-03-2015 16:48,Becky,Washing Machine,N,N,0,0 days 00:00:00,0
ID3444,01-03-2015 16:48,Jim,Fridge,Y,Y,12,0 days 00:05:18,4
ID3445,01-03-2015 17:03,Jim,Toaster,Y,Y,116,0 days 00:00:32,4
ID3446,01-03-2015 17:03,Becky,Toaster,Y,Y,31,0 days 00:01:40,2
ID3447,01-03-2015 17:16,Becky,Washing Machine,N,N,0,0 days 00:00:00,0
ID3448,01-03-2015 17:16,Martha,Toaster,Y,Y,39,0 days 00:01:52,3
ID3449,01-03-2015 17:38,Dan,Toaster,Y,Y,81,0 days 00:05:22,4
ID3450,01-03-2015 17:38,Martha,Toaster,Y,Y,34,0 days 00:02:50,3
ID3451,01-03-2015 17:39,Jim,Air Conditioner,Y,Y,33,0 days 00:03:27,3
ID3452,01-03-2015 17:39,Becky,Air Conditioner,Y,Y,37,0 days 00:01:14,1
ID3453,02-03-2015 09:24,Joe,Television,Y,Y,92,0 days 00:01:59,2
ID3454,02-03-2015 09:24,Jim,Toaster,Y,Y,117,0 days 00:05:59,3
ID3455,02-03-2015 09:44,Becky,Television,Y,Y,53,0 days 00:04:32,3
ID3456,02-03-2015 09:44,Stewart,Washing Machine,Y,Y,61,0 days 00:04:22,5
ID3457,02-03-2015 10:09,Martha,Air Conditioner,N,N,0,0 days 00:00:00,0
ID3458,02-03-2015 10:09,Diane,Air Conditioner,Y,Y,72,0 days 00:02:17,4
ID3459,02-03-2015 10:23,Dan,Toaster,N,N,0,0 days 00:00:00,0
ID3460,02-03-2015 10:23,Greg,Fridge,Y,Y,82,0 days 00:05:20,3
ID3461,02-03-2015 10:29,Martha,Toaster,Y,Y,86,0 days 00:05:15,5
ID3462,02-03-2015 10:29,Becky,Air Conditioner,Y,Y,35,0 days 00:02:14,3
ID3463,02-03-2015 10:49,Greg,Television,Y,Y,83,0 days 00:01:55,5
ID3464,02-03-2015 10:49,Stewart,Fridge,Y,Y,42,0 days 00:03:44,4
ID3465,02-03-2015 10:53,Stewart,Air Conditioner,Y,Y,82,0 days 00:05:42,5
ID3466,02-03-2015 10:53,Diane,Air Conditioner,Y,Y,42,0 days 00:00:49,4
ID3467,02-03-2015 11:08,Jim,Television,N,N,0,0 days 00:00:00,0
ID3468,02-03-2015 11:08,Becky,Toaster,Y,N,106,0 days 00:06:48,3
ID3469,02-03-2015 11:32,Joe,Television,N,N,0,0 days 00:00:00,0
ID3470,02-03-2015 11:32,Diane,Fridge,Y,Y,89,0 days 00:00:52,4
ID3471,02-03-2015 11:57,Greg,Air Conditioner,N,N,0,0 days 00:00:00,0
ID3472,02-03-2015 11:57,Becky,Toaster,Y,Y,112,0 days 00:05:13,4
ID3473,02-03-2015 12:47,Martha,Toaster,Y,Y,67,0 days 00:04:36,4
ID3474,02-03-2015 12:47,Joe,Television,Y,Y,77,0 days 00:03:57,5
ID3475,02-03-2015 13:00,Martha,Toaster,Y,Y,54,0 days 00:01:04,5
ID3476,02-03-2015 13:00,Dan,Fridge,Y,Y,83,0 days 00:03:17,3
ID3477,02-03-2015 13:07,Jim,Toaster,Y,Y,56,0 days 00:05:00,5
ID3478,02-03-2015 13:07,Greg,Toaster,N,N,0,0 days 00:00:00,0
ID3479,02-03-2015 13:23,Joe,Toaster,Y,N,19,0 days 00:06:25,2
ID3480,02-03-2015 13:23,Stewart,Fridge,N,N,0,0 days 00:00:00,0
ID3481,02-03-2015 13:23,Martha,Television,Y,Y,47,0 days 00:04:09,4
ID3482,02-03-2015 13:23,Diane,Toaster,Y,Y,89,0 days 00:03:23,1
ID3483,02-03-2015 14:06,Joe,Television,N,N,0,0 days 00:00:00,0
ID3484,02-03-2015 14:06,Martha,Toaster,Y,Y,44,0 days 00:04:30,3
ID3485,02-03-2015 14:34,Becky,Toaster,Y,Y,91,0 days 00:03:43,5
ID3486,02-03-2015 14:34,Greg,Fridge,N,N,0,0 days 00:00:00,0
ID3487,02-03-2015 14:57,Martha,Toaster,Y,Y,75,0 days 00:06:59,4
ID3488,02-03-2015 14:57,Greg,Washing Machine,Y,Y,62,0 days 00:03:39,4
ID3489,02-03-2015 15:23,Martha,Air Conditioner,Y,Y,31,0 days 00:00:30,4
ID3490,02-03-2015 15:23,Dan,Washing Machine,Y,Y,122,0 days 00:04:24,1
ID3491,02-03-2015 15:36,Martha,Air Conditioner,Y,Y,80,0 days 00:02:15,3
ID3492,02-03-2015 15:36,Joe,Air Conditioner,Y,Y,105,0 days 00:05:31,5
ID3493,02-03-2015 15:47,Greg,Television,Y,Y,91,0 days 00:06:39,3
ID3494,02-03-2015 15:47,Greg,Toaster,Y,Y,66,0 days 00:01:22,4
ID3495,02-03-2015 16:07,Martha,Toaster,Y,Y,26,0 days 00:02:30,3
ID3496,02-03-2015 16:07,Stewart,Toaster,Y,Y,72,0 days 00:03:07,3
ID3497,02-03-2015 16:26,Diane,Air Conditioner,Y,Y,71,0 days 00:05:27,3
ID3498,02-03-2015 16:26,Jim,Washing Machine,N,N,0,0 days 00:00:00,0
ID3499,02-03-2015 16:30,Joe,Fridge,Y,Y,115,0 days 00:04:43,5
ID3500,02-03-2015 16:30,Dan,Fridge,Y,Y,69,0 days 00:03:39,2
ID3501,02-03-2015 16:30,Joe,Television,Y,Y,30,0 days 00:01:29,4
ID3502,02-03-2015 16:30,Stewart,Washing Machine,Y,Y,85,0 days 00:03:51,3
ID3503,02-03-2015 16:42,Greg,Fridge,Y,Y,54,0 days 00:06:13,4
ID3504,02-03-2015 16:42,Dan,Washing Machine,N,N,0,0 days 00:00:00,0
ID3505,02-03-2015 16:45,Diane,Washing Machine,N,N,0,0 days 00:00:00,0
ID3506,02-03-2015 16:45,Jim,Air Conditioner,Y,Y,122,0 days 00:02:31,3
ID3507,02-03-2015 17:05,Martha,Fridge,Y,Y,48,0 days 00:05:48,3
ID3508,02-03-2015 17:05,Jim,Television,Y,Y,13,0 days 00:02:57,1
ID3509,02-03-2015 17:12,Diane,Fridge,Y,Y,23,0 days 00:03:39,3
ID3510,02-03-2015 17:12,Dan,Television,Y,Y,13,0 days 00:01:09,4
ID3511,02-03-2015 17:18,Jim,Air Conditioner,Y,Y,16,0 days 00:05:58,3
ID3512,02-03-2015 17:18,Jim,Washing Machine,N,N,0,0 days 00:00:00,0
ID3513,02-03-2015 17:29,Becky,Television,Y,Y,49,0 days 00:04:15,3
ID3514,02-03-2015 17:29,Becky,Washing Machine,Y,Y,76,0 days 00:01:25,3
ID3515,03-03-2015 09:20,Greg,Air Conditioner,N,N,0,0 days 00:00:00,0
ID3516,03-03-2015 09:20,Diane,Television,N,N,0,0 days 00:00:00,0
ID3517,03-03-2015 09:40,Joe,Washing Machine,N,N,0,0 days 00:00:00,0
ID3518,03-03-2015 09:40,Jim,Television,Y,Y,43,0 days 00:03:15,4
ID3519,03-03-2015 09:50,Martha,Television,Y,N,118,0 days 00:01:27,5
ID3520,03-03-2015 09:50,Greg,Television,Y,Y,57,0 days 00:01:25,4
ID3521,03-03-2015 10:07,Diane,Fridge,Y,Y,79,0 days 00:03:37,2
ID3522,03-03-2015 10:07,Dan,Washing Machine,Y,Y,39,0 days 00:06:50,1
ID3523,03-03-2015 10:43,Greg,Fridge,Y,Y,62,0 days 00:02:50,4
ID3524,03-03-2015 10:43,Stewart,Washing Machine,Y,Y,38,0 days 00:03:56,5
ID3525,03-03-2015 10:59,Stewart,Air Conditioner,Y,Y,85,0 days 00:05:37,5
ID3526,03-03-2015 10:59,Joe,Television,Y,Y,56,0 days 00:02:48,1
ID3527,03-03-2015 12:41,Diane,Washing Machine,Y,Y,38,0 days 00:05:23,1
ID3528,03-03-2015 12:41,Martha,Washing Machine,Y,Y,21,0 days 00:03:07,3
ID3529,03-03-2015 12:57,Stewart,Television,Y,Y,36,0 days 00:04:04,1
ID3530,03-03-2015 12:57,Greg,Toaster,Y,Y,77,0 days 00:06:14,4
ID3531,03-03-2015 13:12,Greg,Washing Machine,Y,Y,64,0 days 00:01:21,3
ID3532,03-03-2015 13:12,Stewart,Toaster,N,N,0,0 days 00:00:00,0
ID3533,03-03-2015 13:16,Diane,Air Conditioner,Y,Y,72,0 days 00:02:13,1
ID3534,03-03-2015 13:16,Stewart,Air Conditioner,Y,Y,84,0 days 00:01:41,4
ID3535,03-03-2015 14:08,Becky,Washing Machine,Y,Y,59,0 days 00:02:54,5
ID3536,03-03-2015 14:08,Diane,Fridge,Y,Y,10,0 days 00:06:04,3
ID3537,03-03-2015 14:44,Martha,Fridge,Y,Y,64,0 days 00:06:06,1
ID3538,03-03-2015 14:44,Dan,Fridge,Y,Y,60,0 days 00:00:52,3
ID3539,03-03-2015 14:51,Jim,Fridge,Y,Y,44,0 days 00:06:11,4
ID3540,03-03-2015 14:51,Dan,Fridge,N,N,0,0 days 00:00:00,0
ID3541,03-03-2015 15:25,Becky,Toaster,N,N,0,0 days 00:00:00,0
ID3542,03-03-2015 15:25,Joe,Washing Machine,Y,Y,70,0 days 00:00:46,2
ID3543,03-03-2015 15:27,Joe,Toaster,N,N,0,0 days 00:00:00,0
ID3544,03-03-2015 15:27,Joe,Washing Machine,Y,Y,51,0 days 00:04:04,1
ID3545,03-03-2015 15:31,Jim,Air Conditioner,Y,Y,31,0 days 00:04:30,5
ID3546,03-03-2015 15:31,Martha,Air Conditioner,Y,Y,51,0 days 00:06:26,4
ID3547,03-03-2015 15:33,Becky,Toaster,Y,Y,36,0 days 00:01:43,1
ID3548,03-03-2015 15:33,Dan,Fridge,Y,N,18,0 days 00:06:13,5
ID3549,03-03-2015 15:50,Martha,Toaster,Y,Y,89,0 days 00:05:08,4
ID3550,03-03-2015 15:50,Diane,Air Conditioner,Y,Y,90,0 days 00:03:35,5
ID3551,03-03-2015 15:54,Becky,Toaster,Y,Y,94,0 days 00:03:12,4
ID3552,03-03-2015 15:54,Stewart,Toaster,Y,Y,121,0 days 00:01:39,5
ID3553,03-03-2015 15:56,Stewart,Fridge,Y,Y,46,0 days 00:04:30,2
ID3554,03-03-2015 15:56,Martha,Washing Machine,Y,Y,117,0 days 00:03:52,1
ID3555,03-03-2015 15:57,Diane,Television,Y,N,114,0 days 00:03:06,5
ID3556,03-03-2015 15:57,Diane,Washing Machine,N,N,0,0 days 00:00:00,0
ID3557,03-03-2015 16:06,Martha,Toaster,Y,Y,65,0 days 00:04:43,4
ID3558,03-03-2015 16:06,Diane,Fridge,N,N,0,0 days 00:00:00,0
ID3559,03-03-2015 16:17,Becky,Air Conditioner,Y,Y,100,0 days 00:00:33,1
ID3560,03-03-2015 16:17,Dan,Fridge,Y,Y,67,0 days 00:06:35,4
ID3561,03-03-2015 16:17,Dan,Washing Machine,Y,Y,46,0 days 00:02:04,4
ID3562,03-03-2015 16:17,Diane,Air Conditioner,Y,Y,117,0 days 00:02:24,3
ID3563,03-03-2015 17:13,Greg,Air Conditioner,Y,Y,34,0 days 00:06:36,4
ID3564,03-03-2015 17:13,Greg,Toaster,Y,Y,120,0 days 00:02:23,4
ID3565,03-03-2015 17:22,Jim,Washing Machine,Y,Y,67,0 days 00:02:13,4
ID3566,03-03-2015 17:22,Jim,Television,Y,N,44,0 days 00:03:29,2
ID3567,04-03-2015 09:40,Martha,Fridge,Y,Y,91,0 days 00:05:07,2
ID3568,04-03-2015 09:40,Stewart,Toaster,Y,Y,44,0 days 00:04:42,4
ID3569,04-03-2015 09:43,Diane,Air Conditioner,N,N,0,0 days 00:00:00,0
ID3570,04-03-2015 09:43,Jim,Washing Machine,Y,N,24,0 days 00:02:02,5
ID3571,04-03-2015 09:44,Dan,Washing Machine,Y,Y,11,0 days 00:03:59,3
ID3572,04-03-2015 09:44,Martha,Fridge,Y,Y,75,0 days 00:03:23,4
ID3573,04-03-2015 09:47,Joe,Television,Y,Y,58,0 days 00:03:06,2
ID3574,04-03-2015 09:47,Martha,Fridge,Y,Y,123,0 days 00:05:00,5
ID3575,04-03-2015 09:54,Dan,Fridge,N,N,0,0 days 00:00:00,0
ID3576,04-03-2015 09:54,Joe,Toaster,N,N,0,0 days 00:00:00,0
ID3577,04-03-2015 10:10,Greg,Fridge,Y,Y,45,0 days 00:05:09,1
ID3578,04-03-2015 10:10,Martha,Toaster,Y,Y,38,0 days 00:00:57,3
ID3579,04-03-2015 10:19,Stewart,Washing Machine,Y,Y,37,0 days 00:04:09,4
ID3580,04-03-2015 10:19,Diane,Television,Y,Y,90,0 days 00:02:00,4
ID3581,04-03-2015 10:30,Dan,Television,Y,Y,90,0 days 00:03:53,3
ID3582,04-03-2015 10:30,Greg,Fridge,N,N,0,0 days 00:00:00,0
ID3583,04-03-2015 10:43,Jim,Television,Y,Y,74,0 days 00:03:30,3
ID3584,04-03-2015 10:43,Martha,Television,N,N,0,0 days 00:00:00,0
ID3585,04-03-2015 10:59,Diane,Air Conditioner,Y,N,101,0 days 00:02:25,4
ID3586,04-03-2015 10:59,Joe,Fridge,N,N,0,0 days 00:00:00,0
ID3587,04-03-2015 11:09,Greg,Washing Machine,Y,Y,105,0 days 00:05:34,4
ID3588,04-03-2015 11:09,Stewart,Television,Y,Y,11,0 days 00:02:09,1
ID3589,04-03-2015 11:11,Becky,Fridge,N,N,0,0 days 00:00:00,0
ID3590,04-03-2015 11:11,Diane,Air Conditioner,Y,Y,89,0 days 00:05:03,3
ID3591,04-03-2015 11:32,Becky,Washing Machine,Y,Y,90,0 days 00:02:23,3
ID3592,04-03-2015 11:32,Becky,Air Conditioner,Y,Y,106,0 days 00:04:40,5
ID3593,04-03-2015 11:36,Greg,Air Conditioner,Y,Y,113,0 days 00:03:32,4
ID3594,04-03-2015 11:36,Jim,Television,Y,Y,44,0 days 00:03:01,5
ID3595,04-03-2015 12:00,Becky,Toaster,Y,Y,50,0 days 00:01:20,3
ID3596,04-03-2015 12:00,Jim,Washing Machine,Y,Y,111,0 days 00:04:42,4
ID3597,04-03-2015 12:14,Joe,Fridge,Y,Y,46,0 days 00:02:22,1
ID3598,04-03-2015 12:14,Dan,Television,Y,Y,96,0 days 00:02:44,5
ID3599,04-03-2015 12:46,Greg,Toaster,Y,Y,102,0 days 00:02:52,3
ID3600,04-03-2015 12:46,Martha,Washing Machine,Y,N,30,0 days 00:05:11,5
ID3601,04-03-2015 13:09,Stewart,Television,Y,Y,91,0 days 00:05:29,5
ID3602,04-03-2015 13:09,Greg,Air Conditioner,Y,Y,111,0 days 00:04:41,4
ID3603,04-03-2015 13:36,Greg,Television,N,N,0,0 days 00:00:00,0
ID3604,04-03-2015 13:36,Diane,Television,Y,Y,99,0 days 00:03:03,4
ID3605,04-03-2015 13:40,Joe,Air Conditioner,Y,Y,125,0 days 00:00:46,3
ID3606,04-03-2015 13:40,Joe,Toaster,Y,Y,11,0 days 00:06:13,3
ID3607,04-03-2015 14:16,Martha,Washing Machine,Y,Y,79,0 days 00:00:53,2
ID3608,04-03-2015 14:16,Stewart,Air Conditioner,Y,Y,92,0 days 00:04:27,1
ID3609,04-03-2015 14:49,Dan,Air Conditioner,N,N,0,0 days 00:00:00,0
ID3610,04-03-2015 14:49,Joe,Television,Y,Y,119,0 days 00:05:22,3
ID3611,04-03-2015 15:00,Jim,Air Conditioner,Y,Y,15,0 days 00:04:36,4
ID3612,04-03-2015 15:00,Jim,Air Conditioner,Y,Y,15,0 days 00:02:14,4
ID3613,04-03-2015 15:30,Martha,Fridge,Y,Y,61,0 days 00:06:46,5
ID3614,04-03-2015 15:30,Joe,Washing Machine,Y,Y,92,0 days 00:04:21,3
ID3615,04-03-2015 15:36,Joe,Television,Y,N,69,0 days 00:02:13,4
ID3616,04-03-2015 15:36,Becky,Toaster,Y,Y,32,0 days 00:06:26,3
ID3617,04-03-2015 15:36,Diane,Toaster,Y,Y,119,0 days 00:04:33,4
ID3618,04-03-2015 15:36,Diane,Washing Machine,Y,N,11,0 days 00:05:09,4
ID3619,04-03-2015 16:06,Greg,Air Conditioner,Y,Y,81,0 days 00:02:53,4
ID3620,04-03-2015 16:06,Becky,Television,Y,Y,23,0 days 00:00:31,3
ID3621,04-03-2015 16:17,Greg,Television,Y,Y,54,0 days 00:00:47,2
ID3622,04-03-2015 16:17,Martha,Television,Y,Y,61,0 days 00:05:44,5
ID3623,04-03-2015 16:30,Diane,Air Conditioner,Y,Y,62,0 days 00:04:03,4
ID3624,04-03-2015 16:30,Martha,Toaster,Y,Y,105,0 days 00:05:58,4
ID3625,04-03-2015 16:36,Dan,Washing Machine,N,N,0,0 days 00:00:00,0
ID3626,04-03-2015 16:36,Becky,Washing Machine,Y,Y,83,0 days 00:05:52,4
ID3627,04-03-2015 16:56,Dan,Television,Y,Y,31,0 days 00:02:49,4
ID3628,04-03-2015 16:56,Jim,Toaster,Y,N,57,0 days 00:04:57,1
ID3629,04-03-2015 17:15,Greg,Washing Machine,Y,Y,54,0 days 00:04:19,5
ID3630,04-03-2015 17:15,Jim,Washing Machine,Y,N,91,0 days 00:05:44,5
ID3631,04-03-2015 17:22,Martha,Washing Machine,Y,Y,96,0 days 00:00:44,1
ID3632,04-03-2015 17:22,Stewart,Air Conditioner,N,N,0,0 days 00:00:00,0
ID3633,04-03-2015 17:25,Becky,Fridge,Y,Y,46,0 days 00:04:32,4
ID3634,04-03-2015 17:25,Martha,Fridge,Y,Y,94,0 days 00:05:15,4
ID3635,04-03-2015 17:39,Becky,Television,Y,Y,48,0 days 00:05:55,4
ID3636,04-03-2015 17:39,Jim,Air Conditioner,Y,Y,38,0 days 00:03:44,3
ID3637,05-03-2015 10:24,Becky,Toaster,Y,N,98,0 days 00:00:59,5
ID3638,05-03-2015 10:24,Becky,Fridge,Y,Y,59,0 days 00:05:22,5
ID3639,05-03-2015 10:46,Diane,Air Conditioner,Y,Y,18,0 days 00:04:15,4
ID3640,05-03-2015 10:46,Diane,Television,Y,Y,118,0 days 00:00:41,2
ID3641,05-03-2015 10:52,Greg,Toaster,Y,Y,97,0 days 00:00:34,4
ID3642,05-03-2015 10:52,Jim,Air Conditioner,Y,Y,41,0 days 00:04:00,3
ID3643,05-03-2015 11:15,Greg,Television,Y,Y,24,0 days 00:04:43,3
ID3644,05-03-2015 11:15,Becky,Television,Y,Y,112,0 days 00:00:59,3
ID3645,05-03-2015 11:24,Martha,Air Conditioner,Y,Y,104,0 days 00:02:35,2
ID3646,05-03-2015 11:24,Diane,Toaster,Y,N,117,0 days 00:02:11,4
ID3647,05-03-2015 11:44,Jim,Air Conditioner,Y,Y,51,0 days 00:04:22,4
ID3648,05-03-2015 11:44,Becky,Fridge,Y,Y,62,0 days 00:05:59,4
ID3649,05-03-2015 12:11,Diane,Toaster,N,N,0,0 days 00:00:00,0
ID3650,05-03-2015 12:11,Stewart,Air Conditioner,Y,Y,56,0 days 00:04:19,4
ID3651,05-03-2015 12:31,Joe,Washing Machine,Y,Y,72,0 days 00:01:35,4
ID3652,05-03-2015 12:31,Jim,Air Conditioner,Y,Y,115,0 days 00:04:49,1
ID3653,05-03-2015 12:41,Joe,Fridge,Y,N,118,0 days 00:03:00,3
ID3654,05-03-2015 12:41,Stewart,Toaster,Y,Y,98,0 days 00:02:31,3
ID3655,05-03-2015 12:47,Diane,Television,Y,Y,112,0 days 00:01:47,4
ID3656,05-03-2015 12:47,Stewart,Air Conditioner,Y,Y,75,0 days 00:03:23,1
ID3657,05-03-2015 12:50,Becky,Toaster,Y,Y,34,0 days 00:01:53,3
ID3658,05-03-2015 12:50,Jim,Fridge,N,N,0,0 days 00:00:00,0
ID3659,05-03-2015 13:26,Stewart,Toaster,Y,Y,111,0 days 00:05:30,4
ID3660,05-03-2015 13:26,Martha,Television,Y,Y,81,0 days 00:02:55,4
ID3661,05-03-2015 13:42,Joe,Air Conditioner,Y,Y,16,0 days 00:02:38,3
ID3662,05-03-2015 13:42,Dan,Toaster,Y,Y,75,0 days 00:03:13,3
ID3663,05-03-2015 14:13,Becky,Television,Y,Y,11,0 days 00:06:48,4
ID3664,05-03-2015 14:13,Dan,Toaster,Y,Y,65,0 days 00:04:44,3
ID3665,05-03-2015 14:22,Stewart,Washing Machine,Y,Y,36,0 days 00:04:14,3
ID3666,05-03-2015 14:22,Jim,Toaster,Y,Y,28,0 days 00:03:37,2
ID3667,05-03-2015 15:15,Jim,Fridge,Y,Y,34,0 days 00:04:24,4
ID3668,05-03-2015 15:15,Becky,Television,N,N,0,0 days 00:00:00,0
ID3669,05-03-2015 15:51,Becky,Television,Y,Y,105,0 days 00:03:30,4
ID3670,05-03-2015 15:51,Stewart,Toaster,N,N,0,0 days 00:00:00,0
ID3671,05-03-2015 15:54,Stewart,Washing Machine,Y,Y,23,0 days 00:01:18,1
ID3672,05-03-2015 15:54,Stewart,Television,Y,N,74,0 days 00:03:31,1
ID3673,05-03-2015 16:10,Stewart,Washing Machine,Y,Y,19,0 days 00:05:04,4
ID3674,05-03-2015 16:10,Diane,Television,Y,Y,102,0 days 00:04:01,4
ID3675,05-03-2015 16:13,Joe,Television,Y,N,16,0 days 00:04:06,3
ID3676,05-03-2015 16:13,Joe,Washing Machine,Y,Y,56,0 days 00:01:11,5
ID3677,05-03-2015 16:16,Joe,Television,Y,Y,22,0 days 00:03:50,2
ID3678,05-03-2015 16:16,Joe,Air Conditioner,Y,Y,68,0 days 00:04:30,4
ID3679,05-03-2015 16:20,Martha,Air Conditioner,Y,Y,103,0 days 00:05:40,4
ID3680,05-03-2015 16:20,Joe,Air Conditioner,N,N,0,0 days 00:00:00,0
ID3681,05-03-2015 16:20,Stewart,Air Conditioner,Y,Y,74,0 days 00:04:22,3
ID3682,05-03-2015 16:20,Stewart,Fridge,Y,Y,72,0 days 00:03:13,3
ID3683,05-03-2015 16:23,Diane,Television,Y,Y,44,0 days 00:04:44,3
ID3684,05-03-2015 16:23,Joe,Washing Machine,Y,Y,118,0 days 00:03:43,3
ID3685,05-03-2015 17:31,Dan,Toaster,Y,N,102,0 days 00:02:09,5
ID3686,05-03-2015 17:31,Greg,Air Conditioner,Y,Y,116,0 days 00:05:30,2
ID3687,05-03-2015 17:34,Jim,Television,N,N,0,0 days 00:00:00,0
ID3688,05-03-2015 17:34,Jim,Washing Machine,Y,N,116,0 days 00:03:20,5
ID3689,05-03-2015 17:52,Becky,Fridge,Y,Y,29,0 days 00:03:17,2
ID3690,05-03-2015 17:52,Stewart,Television,N,N,0,0 days 00:00:00,0
ID3691,06-03-2015 09:00,Martha,Air Conditioner,Y,Y,73,0 days 00:01:20,4
ID3692,06-03-2015 09:00,Stewart,Toaster,Y,Y,85,0 days 00:02:15,5
ID3693,06-03-2015 09:51,Diane,Fridge,Y,Y,22,0 days 00:05:01,3
ID3694,06-03-2015 09:51,Jim,Washing Machine,Y,Y,29,0 days 00:01:21,3
ID3695,06-03-2015 10:00,Becky,Washing Machine,Y,Y,56,0 days 00:02:27,5
ID3696,06-03-2015 10:00,Martha,Fridge,Y,Y,93,0 days 00:05:48,3
ID3697,06-03-2015 10:17,Greg,Television,Y,Y,85,0 days 00:06:04,5
ID3698,06-03-2015 10:17,Martha,Toaster,N,N,0,0 days 00:00:00,0
ID3699,06-03-2015 10:17,Greg,Television,Y,Y,69,0 days 00:02:43,5
ID3700,06-03-2015 10:17,Becky,Washing Machine,Y,Y,66,0 days 00:03:27,2
ID3701,06-03-2015 10:40,Joe,Toaster,Y,Y,117,0 days 00:06:36,3
ID3702,06-03-2015 10:40,Dan,Toaster,Y,Y,71,0 days 00:03:12,1
ID3703,06-03-2015 10:45,Martha,Fridge,Y,Y,23,0 days 00:05:05,4
ID3704,06-03-2015 10:45,Joe,Fridge,N,N,0,0 days 00:00:00,0
ID3705,06-03-2015 11:02,Dan,Air Conditioner,Y,Y,116,0 days 00:00:52,4
ID3706,06-03-2015 11:02,Jim,Washing Machine,Y,Y,52,0 days 00:06:46,4
ID3707,06-03-2015 11:21,Martha,Fridge,Y,Y,106,0 days 00:01:52,5
ID3708,06-03-2015 11:21,Joe,Washing Machine,N,N,0,0 days 00:00:00,0
ID3709,06-03-2015 11:25,Martha,Fridge,Y,Y,48,0 days 00:03:21,1
ID3710,06-03-2015 11:25,Dan,Toaster,Y,Y,93,0 days 00:06:38,2
ID3711,06-03-2015 11:28,Martha,Toaster,Y,Y,106,0 days 00:00:54,5
ID3712,06-03-2015 11:28,Joe,Television,N,N,0,0 days 00:00:00,0
ID3713,06-03-2015 12:07,Becky,Fridge,Y,Y,33,0 days 00:04:52,4
ID3714,06-03-2015 12:07,Joe,Fridge,Y,Y,18,0 days 00:02:30,5
ID3715,06-03-2015 12:18,Joe,Air Conditioner,Y,Y,118,0 days 00:05:36,4
ID3716,06-03-2015 12:18,Martha,Toaster,N,N,0,0 days 00:00:00,0
ID3717,06-03-2015 12:46,Stewart,Fridge,Y,Y,55,0 days 00:03:31,3
ID3718,06-03-2015 12:46,Greg,Washing Machine,N,N,0,0 days 00:00:00,0
ID3719,06-03-2015 13:22,Jim,Fridge,Y,Y,35,0 days 00:03:42,3
ID3720,06-03-2015 13:22,Joe,Television,Y,Y,10,0 days 00:04:22,2
ID3721,06-03-2015 13:32,Jim,Washing Machine,Y,Y,114,0 days 00:03:16,3
ID3722,06-03-2015 13:32,Jim,Television,Y,Y,85,0 days 00:02:01,4
ID3723,06-03-2015 13:42,Greg,Washing Machine,N,N,0,0 days 00:00:00,0
ID3724,06-03-2015 13:42,Becky,Fridge,Y,Y,84,0 days 00:06:06,3
ID3725,06-03-2015 13:46,Jim,Air Conditioner,N,N,0,0 days 00:00:00,0
ID3726,06-03-2015 13:46,Greg,Television,Y,Y,73,0 days 00:02:12,3
ID3727,06-03-2015 13:49,Becky,Fridge,Y,Y,22,0 days 00:04:45,4
ID3728,06-03-2015 13:49,Diane,Fridge,Y,Y,102,0 days 00:03:29,5
ID3729,06-03-2015 14:25,Diane,Television,Y,Y,14,0 days 00:03:19,3
ID3730,06-03-2015 14:25,Greg,Fridge,N,N,0,0 days 00:00:00,0
ID3731,06-03-2015 14:28,Becky,Television,N,N,0,0 days 00:00:00,0
ID3732,06-03-2015 14:28,Jim,Toaster,Y,Y,66,0 days 00:03:10,1
ID3733,06-03-2015 16:10,Becky,Washing Machine,Y,Y,57,0 days 00:03:23,5
ID3734,06-03-2015 16:10,Dan,Toaster,Y,Y,40,0 days 00:05:17,4
ID3735,06-03-2015 16:27,Jim,Washing Machine,Y,Y,90,0 days 00:02:48,4
ID3736,06-03-2015 16:27,Diane,Air Conditioner,Y,Y,74,0 days 00:01:24,4
ID3737,06-03-2015 16:32,Diane,Television,Y,Y,65,0 days 00:06:29,3
ID3738,06-03-2015 16:32,Jim,Toaster,Y,Y,125,0 days 00:00:42,5
ID3739,06-03-2015 16:35,Diane,Washing Machine,N,N,0,0 days 00:00:00,0
ID3740,06-03-2015 16:35,Dan,Air Conditioner,Y,N,71,0 days 00:06:02,5
ID3741,06-03-2015 16:40,Stewart,Washing Machine,Y,Y,37,0 days 00:02:01,1
ID3742,06-03-2015 16:40,Greg,Air Conditioner,Y,Y,119,0 days 00:06:19,4
ID3743,06-03-2015 16:49,Martha,Fridge,Y,Y,22,0 days 00:01:23,4
ID3744,06-03-2015 16:49,Dan,Air Conditioner,Y,Y,76,0 days 00:01:12,5
ID3745,06-03-2015 17:15,Greg,Fridge,N,N,0,0 days 00:00:00,0
ID3746,06-03-2015 17:15,Martha,Television,Y,N,125,0 days 00:04:56,5
ID3747,06-03-2015 17:18,Diane,Toaster,Y,N,34,0 days 00:03:53,1
ID3748,06-03-2015 17:18,Diane,Fridge,Y,Y,121,0 days 00:06:28,3
ID3749,06-03-2015 17:22,Diane,Air Conditioner,N,N,0,0 days 00:00:00,0
ID3750,06-03-2015 17:22,Greg,Toaster,N,N,0,0 days 00:00:00,0
ID3751,06-03-2015 17:22,Martha,Television,Y,Y,17,0 days 00:02:02,1
ID3752,06-03-2015 17:22,Dan,Washing Machine,Y,Y,65,0 days 00:05:23,1
ID3753,07-03-2015 09:59,Stewart,Air Conditioner,Y,Y,65,0 days 00:04:27,5
ID3754,07-03-2015 09:59,Jim,Toaster,N,N,0,0 days 00:00:00,0
ID3755,07-03-2015 10:01,Martha,Toaster,Y,Y,96,0 days 00:06:46,1
ID3756,07-03-2015 10:01,Diane,Washing Machine,Y,Y,23,0 days 00:06:54,4
ID3757,07-03-2015 10:58,Martha,Air Conditioner,N,N,0,0 days 00:00:00,0
ID3758,07-03-2015 10:58,Joe,Fridge,N,N,0,0 days 00:00:00,0
ID3759,07-03-2015 12:01,Jim,Toaster,Y,Y,105,0 days 00:02:00,4
ID3760,07-03-2015 12:01,Dan,Fridge,N,N,0,0 days 00:00:00,0
ID3761,07-03-2015 12:07,Jim,Television,Y,Y,42,0 days 00:01:56,5
ID3762,07-03-2015 12:07,Jim,Fridge,Y,Y,79,0 days 00:02:07,4
ID3763,07-03-2015 12:21,Diane,Washing Machine,N,N,0,0 days 00:00:00,0
ID3764,07-03-2015 12:21,Martha,Toaster,Y,Y,35,0 days 00:01:02,5
ID3765,07-03-2015 12:33,Martha,Toaster,Y,Y,70,0 days 00:06:44,4
ID3766,07-03-2015 12:33,Becky,Fridge,Y,Y,104,0 days 00:06:28,4
ID3767,07-03-2015 13:06,Greg,Fridge,Y,Y,103,0 days 00:02:11,3
ID3768,07-03-2015 13:06,Greg,Television,N,N,0,0 days 00:00:00,0
ID3769,07-03-2015 13:20,Becky,Toaster,Y,Y,22,0 days 00:06:19,3
ID3770,07-03-2015 13:20,Stewart,Washing Machine,Y,Y,48,0 days 00:05:50,2
ID3771,07-03-2015 13:40,Becky,Toaster,N,N,0,0 days 00:00:00,0
ID3772,07-03-2015 13:40,Stewart,Air Conditioner,Y,Y,12,0 days 00:02:32,3
ID3773,07-03-2015 13:46,Joe,Air Conditioner,Y,Y,16,0 days 00:04:36,3
ID3774,07-03-2015 13:46,Joe,Washing Machine,Y,Y,116,0 days 00:04:01,2
ID3775,07-03-2015 13:52,Greg,Fridge,N,N,0,0 days 00:00:00,0
ID3776,07-03-2015 13:52,Greg,Fridge,Y,Y,25,0 days 00:02:23,2
ID3777,07-03-2015 13:53,Greg,Fridge,Y,Y,30,0 days 00:04:35,4
ID3778,07-03-2015 13:53,Joe,Air Conditioner,N,N,0,0 days 00:00:00,0
ID3779,07-03-2015 14:35,Jim,Air Conditioner,Y,Y,29,0 days 00:03:55,2
ID3780,07-03-2015 14:35,Jim,Toaster,Y,Y,23,0 days 00:03:16,4
ID3781,07-03-2015 14:42,Stewart,Washing Machine,Y,Y,11,0 days 00:05:10,5
ID3782,07-03-2015 14:42,Martha,Washing Machine,Y,Y,114,0 days 00:02:36,3
ID3783,07-03-2015 15:25,Jim,Television,Y,Y,27,0 days 00:00:53,3
ID3784,07-03-2015 15:25,Dan,Television,Y,Y,64,0 days 00:03:27,3
ID3785,07-03-2015 15:30,Becky,Fridge,Y,Y,59,0 days 00:03:40,2
ID3786,07-03-2015 15:30,Martha,Air Conditioner,N,N,0,0 days 00:00:00,0
ID3787,07-03-2015 15:36,Joe,Toaster,Y,Y,10,0 days 00:03:26,5
ID3788,07-03-2015 15:36,Martha,Fridge,Y,Y,84,0 days 00:01:40,2
ID3789,07-03-2015 15:59,Diane,Washing Machine,N,N,0,0 days 00:00:00,0
ID3790,07-03-2015 15:59,Jim,Fridge,N,N,0,0 days 00:00:00,0
ID3791,07-03-2015 16:24,Dan,Fridge,N,N,0,0 days 00:00:00,0
ID3792,07-03-2015 16:24,Greg,Fridge,Y,N,56,0 days 00:01:07,5
ID3793,07-03-2015 16:43,Diane,Air Conditioner,N,N,0,0 days 00:00:00,0
ID3794,07-03-2015 16:43,Jim,Toaster,Y,Y,119,0 days 00:06:29,4
ID3795,07-03-2015 16:46,Diane,Television,Y,Y,19,0 days 00:02:23,3
ID3796,07-03-2015 16:46,Jim,Washing Machine,Y,Y,96,0 days 00:05:21,4
ID3797,07-03-2015 16:58,Joe,Fridge,Y,Y,13,0 days 00:01:37,5
ID3798,07-03-2015 16:58,Becky,Fridge,Y,N,22,0 days 00:05:49,5
ID3799,07-03-2015 17:15,Stewart,Television,N,N,0,0 days 00:00:00,0
ID3800,07-03-2015 17:15,Dan,Air Conditioner,N,N,0,0 days 00:00:00,0
ID3801,08-03-2015 09:07,Dan,Fridge,Y,Y,43,0 days 00:03:24,3
ID3802,08-03-2015 09:07,Martha,Washing Machine,Y,Y,39,0 days 00:03:59,2
ID3803,08-03-2015 09:57,Diane,Air Conditioner,Y,Y,26,0 days 00:01:39,5
ID3804,08-03-2015 09:57,Becky,Television,Y,Y,27,0 days 00:04:14,2
ID3805,08-03-2015 10:24,Diane,Toaster,Y,Y,72,0 days 00:07:00,5
ID3806,08-03-2015 10:24,Dan,Washing Machine,Y,Y,77,0 days 00:00:31,4
ID3807,08-03-2015 10:29,Martha,Fridge,Y,Y,119,0 days 00:00:51,3
ID3808,08-03-2015 10:29,Diane,Washing Machine,Y,Y,30,0 days 00:01:53,4
ID3809,08-03-2015 10:36,Becky,Toaster,Y,Y,112,0 days 00:03:46,4
ID3810,08-03-2015 10:36,Jim,Fridge,Y,Y,34,0 days 00:05:17,2
ID3811,08-03-2015 11:19,Greg,Air Conditioner,Y,Y,99,0 days 00:01:25,3
ID3812,08-03-2015 11:19,Greg,Fridge,N,N,0,0 days 00:00:00,0
ID3813,08-03-2015 11:22,Jim,Fridge,Y,Y,40,0 days 00:02:48,4
ID3814,08-03-2015 11:22,Martha,Television,Y,Y,55,0 days 00:03:18,3
ID3815,08-03-2015 12:23,Greg,Fridge,Y,Y,79,0 days 00:01:25,3
ID3816,08-03-2015 12:23,Greg,Air Conditioner,Y,Y,67,0 days 00:03:51,3
ID3817,08-03-2015 12:25,Stewart,Fridge,Y,Y,68,0 days 00:01:07,4
ID3818,08-03-2015 12:25,Joe,Television,Y,N,69,0 days 00:06:28,5
ID3819,08-03-2015 13:07,Dan,Air Conditioner,N,N,0,0 days 00:00:00,0
ID3820,08-03-2015 13:07,Dan,Toaster,Y,Y,29,0 days 00:02:35,3
ID3821,08-03-2015 13:10,Dan,Air Conditioner,Y,N,62,0 days 00:05:22,3
ID3822,08-03-2015 13:10,Stewart,Toaster,Y,Y,109,0 days 00:05:19,4
ID3823,08-03-2015 13:33,Martha,Toaster,Y,Y,59,0 days 00:04:30,3
ID3824,08-03-2015 13:33,Joe,Air Conditioner,Y,Y,51,0 days 00:03:01,4
ID3825,08-03-2015 13:46,Greg,Television,Y,Y,11,0 days 00:05:22,4
ID3826,08-03-2015 13:46,Stewart,Fridge,N,N,0,0 days 00:00:00,0
ID3827,08-03-2015 13:50,Joe,Toaster,Y,Y,44,0 days 00:03:26,4
ID3828,08-03-2015 13:50,Stewart,Toaster,Y,Y,35,0 days 00:03:56,2
ID3829,08-03-2015 13:55,Becky,Television,Y,Y,17,0 days 00:03:38,1
ID3830,08-03-2015 13:55,Dan,Television,Y,Y,105,0 days 00:06:08,4
ID3831,08-03-2015 14:35,Diane,Television,N,N,0,0 days 00:00:00,0
ID3832,08-03-2015 14:35,Greg,Air Conditioner,N,N,0,0 days 00:00:00,0
ID3833,08-03-2015 15:00,Diane,Fridge,Y,Y,10,0 days 00:00:34,5
ID3834,08-03-2015 15:00,Becky,Toaster,Y,Y,110,0 days 00:01:54,3
ID3835,08-03-2015 15:04,Greg,Toaster,Y,Y,41,0 days 00:01:13,5
ID3836,08-03-2015 15:04,Stewart,Washing Machine,Y,Y,46,0 days 00:02:30,4
ID3837,08-03-2015 15:25,Martha,Fridge,Y,Y,109,0 days 00:03:02,3
ID3838,08-03-2015 15:25,Becky,Air Conditioner,Y,Y,18,0 days 00:02:59,5
ID3839,08-03-2015 15:40,Becky,Toaster,Y,Y,61,0 days 00:02:21,4
ID3840,08-03-2015 15:40,Dan,Television,Y,N,42,0 days 00:04:05,3
ID3841,08-03-2015 16:37,Diane,Toaster,Y,Y,105,0 days 00:05:15,3
ID3842,08-03-2015 16:37,Martha,Fridge,Y,Y,85,0 days 00:00:34,3
ID3843,08-03-2015 17:00,Becky,Washing Machine,Y,N,95,0 days 00:05:05,3
ID3844,08-03-2015 17:00,Dan,Toaster,Y,Y,71,0 days 00:01:00,5
ID3845,08-03-2015 17:31,Greg,Toaster,Y,Y,15,0 days 00:04:52,3
ID3846,08-03-2015 17:31,Becky,Fridge,Y,Y,21,0 days 00:02:51,5
ID3847,08-03-2015 17:38,Diane,Television,Y,N,123,0 days 00:02:03,4
ID3848,08-03-2015 17:38,Jim,Fridge,Y,Y,107,0 days 00:03:59,1
ID3849,08-03-2015 17:48,Joe,Television,Y,Y,93,0 days 00:06:50,3
ID3850,08-03-2015 17:48,Dan,Toaster,Y,Y,110,0 days 00:00:31,4
ID3851,08-03-2015 17:48,Diane,Television,Y,Y,18,0 days 00:02:07,5
ID3852,08-03-2015 17:48,Jim,Washing Machine,Y,Y,33,0 days 00:04:43,3
ID3853,08-03-2015 17:51,Jim,Washing Machine,Y,Y,71,0 days 00:04:36,4
ID3854,08-03-2015 17:51,Dan,Fridge,Y,Y,19,0 days 00:05:07,4
ID3855,08-03-2015 17:52,Dan,Toaster,Y,Y,93,0 days 00:06:41,4
ID3856,08-03-2015 17:52,Diane,Air Conditioner,Y,Y,43,0 days 00:03:39,1
ID3857,09-03-2015 09:18,Diane,Air Conditioner,Y,N,92,0 days 00:04:53,5
ID3858,09-03-2015 09:18,Martha,Washing Machine,Y,Y,19,0 days 00:05:14,3
ID3859,09-03-2015 09:40,Dan,Washing Machine,N,N,0,0 days 00:00:00,0
ID3860,09-03-2015 09:40,Becky,Washing Machine,Y,Y,66,0 days 00:02:15,1
ID3861,09-03-2015 10:13,Greg,Washing Machine,Y,Y,47,0 days 00:02:16,4
ID3862,09-03-2015 10:13,Dan,Air Conditioner,Y,Y,80,0 days 00:05:23,3
ID3863,09-03-2015 10:27,Greg,Television,Y,Y,82,0 days 00:03:37,2
ID3864,09-03-2015 10:27,Martha,Air Conditioner,Y,Y,88,0 days 00:02:51,1
ID3865,09-03-2015 10:29,Martha,Air Conditioner,Y,Y,51,0 days 00:01:26,4
ID3866,09-03-2015 10:29,Becky,Washing Machine,Y,N,41,0 days 00:05:24,3
ID3867,09-03-2015 10:30,Diane,Toaster,Y,Y,46,0 days 00:02:54,1
ID3868,09-03-2015 10:30,Martha,Air Conditioner,Y,Y,113,0 days 00:06:41,4
ID3869,09-03-2015 11:02,Diane,Fridge,Y,Y,52,0 days 00:02:56,4
ID3870,09-03-2015 11:02,Diane,Air Conditioner,Y,Y,77,0 days 00:05:01,3
ID3871,09-03-2015 11:03,Greg,Television,Y,Y,119,0 days 00:01:56,1
ID3872,09-03-2015 11:03,Diane,Toaster,N,N,0,0 days 00:00:00,0
ID3873,09-03-2015 11:22,Joe,Fridge,Y,Y,63,0 days 00:00:50,3
ID3874,09-03-2015 11:22,Becky,Television,Y,N,41,0 days 00:06:21,4
ID3875,09-03-2015 11:48,Diane,Washing Machine,Y,Y,93,0 days 00:06:40,5
ID3876,09-03-2015 11:48,Becky,Television,Y,N,63,0 days 00:05:06,2
ID3877,09-03-2015 13:22,Diane,Washing Machine,N,N,0,0 days 00:00:00,0
ID3878,09-03-2015 13:22,Martha,Television,Y,N,43,0 days 00:01:57,2
ID3879,09-03-2015 13:26,Jim,Toaster,Y,Y,88,0 days 00:02:36,4
ID3880,09-03-2015 13:26,Stewart,Washing Machine,Y,Y,100,0 days 00:01:06,4
ID3881,09-03-2015 13:45,Diane,Fridge,N,N,0,0 days 00:00:00,0
ID3882,09-03-2015 13:45,Stewart,Fridge,Y,Y,108,0 days 00:01:01,5
ID3883,09-03-2015 15:21,Greg,Toaster,Y,Y,88,0 days 00:04:01,3
ID3884,09-03-2015 15:21,Diane,Toaster,N,N,0,0 days 00:00:00,0
ID3885,09-03-2015 15:23,Becky,Washing Machine,Y,Y,72,0 days 00:04:43,3
ID3886,09-03-2015 15:23,Joe,Television,Y,Y,52,0 days 00:03:31,5
ID3887,09-03-2015 15:27,Stewart,Air Conditioner,Y,Y,15,0 days 00:04:43,5
ID3888,09-03-2015 15:27,Dan,Toaster,Y,Y,113,0 days 00:04:49,3
ID3889,09-03-2015 15:41,Martha,Air Conditioner,Y,Y,123,0 days 00:05:02,1
ID3890,09-03-2015 15:41,Greg,Toaster,Y,Y,97,0 days 00:02:01,4
ID3891,09-03-2015 15:43,Becky,Fridge,Y,Y,22,0 days 00:04:40,3
ID3892,09-03-2015 15:43,Greg,Washing Machine,Y,Y,62,0 days 00:06:36,5
ID3893,09-03-2015 15:44,Becky,Washing Machine,Y,N,79,0 days 00:06:02,1
ID3894,09-03-2015 15:44,Diane,Toaster,Y,Y,85,0 days 00:03:07,4
ID3895,09-03-2015 15:59,Stewart,Air Conditioner,Y,Y,74,0 days 00:00:47,5
ID3896,09-03-2015 15:59,Jim,Television,Y,Y,61,0 days 00:05:00,4
ID3897,09-03-2015 16:52,Diane,Toaster,Y,Y,81,0 days 00:04:35,2
ID3898,09-03-2015 16:52,Joe,Fridge,N,N,0,0 days 00:00:00,0
ID3899,09-03-2015 16:59,Joe,Washing Machine,Y,Y,74,0 days 00:06:17,5
ID3900,09-03-2015 16:59,Stewart,Washing Machine,Y,N,32,0 days 00:04:19,4
ID3901,09-03-2015 17:06,Greg,Air Conditioner,Y,Y,99,0 days 00:04:24,3
ID3902,09-03-2015 17:06,Becky,Fridge,N,N,0,0 days 00:00:00,0
ID3903,10-03-2015 09:12,Dan,Air Conditioner,Y,Y,75,0 days 00:02:49,5
ID3904,10-03-2015 09:12,Martha,Toaster,N,N,0,0 days 00:00:00,0
ID3905,10-03-2015 09:18,Dan,Air Conditioner,Y,Y,114,0 days 00:04:33,5
ID3906,10-03-2015 09:18,Greg,Air Conditioner,N,N,0,0 days 00:00:00,0
ID3907,10-03-2015 09:51,Jim,Fridge,Y,Y,50,0 days 00:06:13,3
ID3908,10-03-2015 09:51,Jim,Air Conditioner,N,N,0,0 days 00:00:00,0
ID3909,10-03-2015 10:06,Jim,Fridge,Y,N,115,0 days 00:03:10,2
ID3910,10-03-2015 10:06,Becky,Fridge,Y,Y,48,0 days 00:01:31,4
ID3911,10-03-2015 10:07,Joe,Toaster,Y,Y,16,0 days 00:01:55,1
ID3912,10-03-2015 10:07,Stewart,Air Conditioner,Y,Y,74,0 days 00:06:37,5
ID3913,10-03-2015 10:22,Joe,Toaster,N,N,0,0 days 00:00:00,0
ID3914,10-03-2015 10:22,Greg,Washing Machine,N,N,0,0 days 00:00:00,0
ID3915,10-03-2015 10:26,Greg,Television,N,N,0,0 days 00:00:00,0
ID3916,10-03-2015 10:26,Stewart,Television,Y,Y,37,0 days 00:05:05,5
ID3917,10-03-2015 12:04,Martha,Toaster,Y,Y,125,0 days 00:02:02,3
ID3918,10-03-2015 12:04,Diane,Fridge,Y,Y,42,0 days 00:03:55,3
ID3919,10-03-2015 12:48,Jim,Toaster,N,N,0,0 days 00:00:00,0
ID3920,10-03-2015 12:48,Becky,Television,Y,Y,43,0 days 00:00:36,3
ID3921,10-03-2015 13:29,Becky,Television,Y,Y,74,0 days 00:02:40,4
ID3922,10-03-2015 13:29,Joe,Fridge,Y,Y,90,0 days 00:04:57,3
ID3923,10-03-2015 13:32,Greg,Washing Machine,N,N,0,0 days 00:00:00,0
ID3924,10-03-2015 13:32,Jim,Fridge,Y,Y,84,0 days 00:06:22,5
ID3925,10-03-2015 13:42,Joe,Toaster,Y,Y,51,0 days 00:06:45,3
ID3926,10-03-2015 13:42,Diane,Washing Machine,N,N,0,0 days 00:00:00,0
ID3927,10-03-2015 13:45,Diane,Television,Y,N,90,0 days 00:04:23,3
ID3928,10-03-2015 13:45,Joe,Fridge,Y,Y,82,0 days 00:00:49,3
ID3929,10-03-2015 13:48,Greg,Fridge,Y,Y,77,0 days 00:04:06,3
ID3930,10-03-2015 13:48,Martha,Air Conditioner,N,N,0,0 days 00:00:00,0
ID3931,10-03-2015 13:56,Greg,Washing Machine,Y,Y,116,0 days 00:00:31,3
ID3932,10-03-2015 13:56,Stewart,Toaster,Y,Y,120,0 days 00:01:24,3
ID3933,10-03-2015 14:00,Dan,Toaster,Y,Y,13,0 days 00:04:26,1
ID3934,10-03-2015 14:00,Dan,Television,Y,Y,26,0 days 00:03:01,3
ID3935,10-03-2015 15:17,Stewart,Washing Machine,Y,Y,93,0 days 00:02:18,3
ID3936,10-03-2015 15:17,Dan,Washing Machine,Y,Y,20,0 days 00:00:33,3
ID3937,10-03-2015 15:24,Stewart,Washing Machine,N,N,0,0 days 00:00:00,0
ID3938,10-03-2015 15:24,Joe,Television,Y,Y,113,0 days 00:01:18,1
ID3939,10-03-2015 16:00,Stewart,Television,N,N,0,0 days 00:00:00,0
ID3940,10-03-2015 16:00,Joe,Toaster,Y,Y,113,0 days 00:06:15,2
ID3941,10-03-2015 16:30,Greg,Television,Y,Y,44,0 days 00:03:17,5
ID3942,10-03-2015 16:30,Becky,Toaster,Y,Y,103,0 days 00:01:23,3
ID3943,10-03-2015 16:46,Greg,Television,Y,Y,92,0 days 00:06:23,2
ID3944,10-03-2015 16:46,Dan,Television,Y,N,92,0 days 00:04:20,3
ID3945,10-03-2015 17:05,Dan,Television,Y,Y,33,0 days 00:05:14,5
ID3946,10-03-2015 17:05,Dan,Washing Machine,Y,Y,24,0 days 00:04:40,5
ID3947,10-03-2015 17:35,Greg,Television,Y,Y,84,0 days 00:02:03,3
ID3948,10-03-2015 17:35,Jim,Air Conditioner,Y,Y,99,0 days 00:02:47,3
ID3949,11-03-2015 09:10,Stewart,Air Conditioner,N,N,0,0 days 00:00:00,0
ID3950,11-03-2015 09:10,Diane,Air Conditioner,Y,Y,58,0 days 00:02:16,5
ID3951,11-03-2015 09:38,Joe,Television,N,N,0,0 days 00:00:00,0
ID3952,11-03-2015 09:38,Greg,Fridge,Y,Y,27,0 days 00:01:28,1
ID3953,11-03-2015 09:40,Greg,Toaster,Y,Y,48,0 days 00:00:44,3
ID3954,11-03-2015 09:40,Jim,Washing Machine,Y,Y,86,0 days 00:06:37,5
ID3955,11-03-2015 09:57,Dan,Television,N,N,0,0 days 00:00:00,0
ID3956,11-03-2015 09:57,Greg,Air Conditioner,Y,Y,82,0 days 00:05:17,3
ID3957,11-03-2015 10:01,Jim,Air Conditioner,Y,Y,54,0 days 00:04:12,4
ID3958,11-03-2015 10:01,Dan,Air Conditioner,Y,Y,87,0 days 00:06:21,4
ID3959,11-03-2015 10:09,Diane,Fridge,Y,Y,114,0 days 00:06:15,5
ID3960,11-03-2015 10:09,Jim,Fridge,N,N,0,0 days 00:00:00,0
ID3961,11-03-2015 10:24,Jim,Fridge,Y,Y,104,0 days 00:00:48,5
ID3962,11-03-2015 10:24,Stewart,Television,Y,Y,81,0 days 00:02:50,5
ID3963,11-03-2015 10:30,Greg,Toaster,Y,Y,120,0 days 00:03:57,4
ID3964,11-03-2015 10:30,Greg,Toaster,N,N,0,0 days 00:00:00,0
ID3965,11-03-2015 10:49,Becky,Washing Machine,Y,Y,72,0 days 00:05:11,3
ID3966,11-03-2015 10:49,Stewart,Fridge,Y,Y,57,0 days 00:02:58,3
ID3967,11-03-2015 10:50,Greg,Fridge,Y,Y,74,0 days 00:00:48,5
ID3968,11-03-2015 10:50,Joe,Television,Y,Y,53,0 days 00:05:42,3
ID3969,11-03-2015 11:00,Greg,Toaster,Y,Y,79,0 days 00:02:17,3
ID3970,11-03-2015 11:00,Martha,Television,Y,Y,100,0 days 00:06:00,3
ID3971,11-03-2015 11:26,Dan,Television,Y,Y,116,0 days 00:04:31,3
ID3972,11-03-2015 11:26,Diane,Air Conditioner,N,N,0,0 days 00:00:00,0
ID3973,11-03-2015 11:38,Martha,Television,Y,Y,14,0 days 00:01:44,5
ID3974,11-03-2015 11:38,Joe,Television,Y,Y,92,0 days 00:01:41,5
ID3975,11-03-2015 12:02,Jim,Fridge,Y,Y,92,0 days 00:02:30,1
ID3976,11-03-2015 12:02,Joe,Washing Machine,Y,Y,78,0 days 00:06:24,4
ID3977,11-03-2015 12:20,Martha,Air Conditioner,Y,Y,36,0 days 00:00:42,3
ID3978,11-03-2015 12:20,Jim,Television,N,N,0,0 days 00:00:00,0
ID3979,11-03-2015 12:20,Greg,Toaster,Y,Y,20,0 days 00:04:32,2
ID3980,11-03-2015 12:20,Dan,Air Conditioner,Y,N,29,0 days 00:05:03,5
ID3981,11-03-2015 12:31,Stewart,Toaster,Y,Y,119,0 days 00:06:51,3
ID3982,11-03-2015 12:31,Martha,Toaster,Y,Y,67,0 days 00:05:10,5
ID3983,11-03-2015 12:38,Jim,Television,N,N,0,0 days 00:00:00,0
ID3984,11-03-2015 12:38,Martha,Television,Y,Y,102,0 days 00:01:14,1
ID3985,11-03-2015 12:56,Martha,Television,Y,Y,72,0 days 00:05:24,4
ID3986,11-03-2015 12:56,Diane,Fridge,Y,Y,107,0 days 00:01:58,5
ID3987,11-03-2015 12:57,Greg,Television,N,N,0,0 days 00:00:00,0
ID3988,11-03-2015 12:57,Becky,Fridge,N,N,0,0 days 00:00:00,0
ID3989,11-03-2015 13:32,Joe,Toaster,Y,N,106,0 days 00:01:31,4
ID3990,11-03-2015 13:32,Joe,Fridge,Y,Y,68,0 days 00:04:16,2
ID3991,11-03-2015 13:40,Dan,Air Conditioner,Y,Y,44,0 days 00:06:38,3
ID3992,11-03-2015 13:40,Becky,Fridge,Y,Y,96,0 days 00:03:34,1
ID3993,11-03-2015 13:50,Diane,Toaster,N,N,0,0 days 00:00:00,0
ID3994,11-03-2015 13:50,Stewart,Air Conditioner,Y,Y,53,0 days 00:00:34,4
ID3995,11-03-2015 13:56,Dan,Television,Y,Y,100,0 days 00:01:05,1
ID3996,11-03-2015 13:56,Becky,Television,Y,Y,75,0 days 00:01:55,2
ID3997,11-03-2015 13:59,Jim,Toaster,Y,Y,109,0 days 00:04:19,3
ID3998,11-03-2015 13:59,Joe,Toaster,Y,Y,95,0 days 00:02:14,4
ID3999,11-03-2015 14:22,Stewart,Washing Machine,Y,Y,69,0 days 00:00:59,4
ID4000,11-03-2015 14:22,Becky,Television,Y,Y,113,0 days 00:02:55,5
ID4001,11-03-2015 14:26,Joe,Fridge,Y,Y,108,0 days 00:01:32,2
ID4002,11-03-2015 14:26,Joe,Television,Y,Y,46,0 days 00:05:20,2
ID4003,11-03-2015 14:28,Joe,Toaster,Y,Y,71,0 days 00:01:48,1
ID4004,11-03-2015 14:28,Diane,Fridge,Y,Y,124,0 days 00:02:52,2
ID4005,11-03-2015 15:21,Martha,Air Conditioner,Y,Y,79,0 days 00:01:01,4
ID4006,11-03-2015 15:21,Diane,Toaster,Y,N,111,0 days 00:02:34,5
ID4007,11-03-2015 15:24,Dan,Toaster,Y,Y,27,0 days 00:00:43,4
ID4008,11-03-2015 15:24,Becky,Television,Y,Y,69,0 days 00:03:42,4
ID4009,11-03-2015 15:34,Joe,Toaster,Y,Y,121,0 days 00:05:16,1
ID4010,11-03-2015 15:34,Stewart,Television,Y,Y,16,0 days 00:06:15,3
ID4011,11-03-2015 15:59,Stewart,Washing Machine,N,N,0,0 days 00:00:00,0
ID4012,11-03-2015 15:59,Jim,Television,Y,N,35,0 days 00:06:08,5
ID4013,11-03-2015 16:10,Becky,Television,Y,Y,85,0 days 00:03:44,3
ID4014,11-03-2015 16:10,Dan,Fridge,Y,Y,73,0 days 00:02:57,2
ID4015,11-03-2015 16:13,Martha,Toaster,Y,Y,101,0 days 00:04:57,3
ID4016,11-03-2015 16:13,Jim,Fridge,Y,Y,89,0 days 00:04:28,2
ID4017,11-03-2015 17:34,Diane,Air Conditioner,Y,Y,70,0 days 00:05:01,5
ID4018,11-03-2015 17:34,Diane,Washing Machine,Y,Y,52,0 days 00:05:32,3
ID4019,11-03-2015 17:39,Jim,Washing Machine,N,N,0,0 days 00:00:00,0
ID4020,11-03-2015 17:39,Dan,Television,Y,Y,91,0 days 00:00:57,1
ID4021,11-03-2015 17:39,Joe,Toaster,N,N,0,0 days 00:00:00,0
ID4022,11-03-2015 17:39,Diane,Air Conditioner,Y,Y,18,0 days 00:05:44,5
ID4023,12-03-2015 09:11,Martha,Washing Machine,Y,N,32,0 days 00:04:36,1
ID4024,12-03-2015 09:11,Greg,Toaster,Y,Y,71,0 days 00:05:00,3
ID4025,12-03-2015 09:36,Stewart,Air Conditioner,Y,Y,54,0 days 00:02:35,4
ID4026,12-03-2015 09:36,Dan,Washing Machine,Y,Y,121,0 days 00:04:24,4
ID4027,12-03-2015 09:57,Dan,Air Conditioner,Y,Y,59,0 days 00:01:07,3
ID4028,12-03-2015 09:57,Jim,Washing Machine,Y,Y,59,0 days 00:01:03,2
ID4029,12-03-2015 10:01,Jim,Toaster,Y,Y,108,0 days 00:03:20,5
ID4030,12-03-2015 10:01,Stewart,Air Conditioner,Y,Y,35,0 days 00:02:11,4
ID4031,12-03-2015 10:03,Stewart,Toaster,Y,Y,22,0 days 00:05:31,5
ID4032,12-03-2015 10:03,Diane,Air Conditioner,Y,Y,37,0 days 00:04:29,5
ID4033,12-03-2015 10:09,Martha,Toaster,Y,Y,14,0 days 00:06:52,3
ID4034,12-03-2015 10:09,Greg,Toaster,N,N,0,0 days 00:00:00,0
ID4035,12-03-2015 10:12,Martha,Toaster,Y,Y,73,0 days 00:01:01,3
ID4036,12-03-2015 10:12,Joe,Television,N,N,0,0 days 00:00:00,0
ID4037,12-03-2015 10:22,Diane,Fridge,N,N,0,0 days 00:00:00,0
ID4038,12-03-2015 10:22,Jim,Air Conditioner,Y,Y,63,0 days 00:02:55,1
ID4039,12-03-2015 10:42,Jim,Air Conditioner,Y,Y,64,0 days 00:05:50,4
ID4040,12-03-2015 10:42,Joe,Air Conditioner,Y,Y,17,0 days 00:05:40,3
ID4041,12-03-2015 11:12,Diane,Washing Machine,Y,Y,42,0 days 00:02:39,4
ID4042,12-03-2015 11:12,Diane,Air Conditioner,Y,Y,121,0 days 00:04:07,1
ID4043,12-03-2015 11:13,Diane,Toaster,Y,Y,56,0 days 00:03:29,4
ID4044,12-03-2015 11:13,Joe,Air Conditioner,Y,Y,123,0 days 00:05:15,4
ID4045,12-03-2015 11:16,Diane,Fridge,Y,Y,27,0 days 00:00:49,5
ID4046,12-03-2015 11:16,Dan,Air Conditioner,Y,Y,46,0 days 00:03:49,4
ID4047,12-03-2015 12:01,Diane,Air Conditioner,Y,Y,117,0 days 00:02:07,2
ID4048,12-03-2015 12:01,Becky,Toaster,N,N,0,0 days 00:00:00,0
ID4049,12-03-2015 12:57,Greg,Washing Machine,Y,Y,64,0 days 00:05:21,3
ID4050,12-03-2015 12:57,Jim,Washing Machine,Y,Y,20,0 days 00:02:48,4
ID4051,12-03-2015 13:29,Stewart,Washing Machine,Y,Y,21,0 days 00:06:34,5
ID4052,12-03-2015 13:29,Greg,Air Conditioner,N,N,0,0 days 00:00:00,0
ID4053,12-03-2015 14:00,Dan,Television,Y,N,118,0 days 00:02:37,3
ID4054,12-03-2015 14:00,Stewart,Fridge,Y,Y,105,0 days 00:05:28,2
ID4055,12-03-2015 14:18,Joe,Air Conditioner,Y,Y,117,0 days 00:00:46,4
ID4056,12-03-2015 14:18,Martha,Toaster,Y,N,16,0 days 00:03:33,4
ID4057,12-03-2015 14:31,Joe,Fridge,Y,Y,110,0 days 00:02:01,5
ID4058,12-03-2015 14:31,Diane,Fridge,N,N,0,0 days 00:00:00,0
ID4059,12-03-2015 14:32,Stewart,Fridge,Y,Y,57,0 days 00:02:05,5
ID4060,12-03-2015 14:32,Joe,Air Conditioner,Y,Y,105,0 days 00:06:50,3
ID4061,12-03-2015 14:57,Greg,Fridge,Y,Y,95,0 days 00:06:12,5
ID4062,12-03-2015 14:57,Jim,Air Conditioner,Y,Y,19,0 days 00:05:47,2
ID4063,12-03-2015 16:06,Becky,Air Conditioner,Y,Y,25,0 days 00:05:10,3
ID4064,12-03-2015 16:06,Becky,Television,Y,N,65,0 days 00:02:07,2
ID4065,12-03-2015 16:23,Jim,Air Conditioner,Y,Y,27,0 days 00:02:48,1
ID4066,12-03-2015 16:23,Jim,Washing Machine,Y,Y,107,0 days 00:02:23,1
ID4067,12-03-2015 17:00,Becky,Fridge,Y,Y,90,0 days 00:03:39,3
ID4068,12-03-2015 17:00,Becky,Toaster,Y,Y,45,0 days 00:01:31,3
ID4069,12-03-2015 17:11,Dan,Toaster,Y,Y,39,0 days 00:05:43,4
ID4070,12-03-2015 17:11,Joe,Television,Y,Y,63,0 days 00:04:43,5
ID4071,12-03-2015 17:52,Greg,Fridge,Y,N,95,0 days 00:00:38,1
ID4072,12-03-2015 17:52,Joe,Fridge,Y,Y,39,0 days 00:05:24,4
ID4073,13-03-2015 09:02,Diane,Fridge,N,N,0,0 days 00:00:00,0
ID4074,13-03-2015 09:02,Martha,Fridge,N,N,0,0 days 00:00:00,0
ID4075,13-03-2015 09:02,Martha,Fridge,Y,Y,125,0 days 00:01:00,3
ID4076,13-03-2015 09:02,Martha,Air Conditioner,Y,Y,73,0 days 00:01:30,4
ID4077,13-03-2015 09:38,Greg,Fridge,Y,Y,116,0 days 00:00:56,4
ID4078,13-03-2015 09:38,Joe,Air Conditioner,Y,Y,115,0 days 00:02:21,2
ID4079,13-03-2015 10:49,Joe,Fridge,N,N,0,0 days 00:00:00,0
ID4080,13-03-2015 10:49,Stewart,Toaster,Y,Y,56,0 days 00:06:07,2
ID4081,13-03-2015 11:15,Dan,Air Conditioner,Y,Y,123,0 days 00:02:39,2
ID4082,13-03-2015 11:15,Becky,Fridge,Y,Y,36,0 days 00:00:50,1
ID4083,13-03-2015 11:28,Greg,Air Conditioner,Y,Y,84,0 days 00:01:33,5
ID4084,13-03-2015 11:28,Martha,Television,Y,Y,74,0 days 00:03:01,3
ID4085,13-03-2015 11:38,Jim,Television,Y,Y,20,0 days 00:04:16,5
ID4086,13-03-2015 11:38,Martha,Television,N,N,0,0 days 00:00:00,0
ID4087,13-03-2015 11:42,Diane,Toaster,Y,Y,13,0 days 00:04:33,3
ID4088,13-03-2015 11:42,Greg,Washing Machine,Y,N,28,0 days 00:00:59,3
ID4089,13-03-2015 13:42,Dan,Washing Machine,Y,Y,13,0 days 00:01:55,4
ID4090,13-03-2015 13:42,Martha,Television,Y,Y,100,0 days 00:01:13,3
ID4091,13-03-2015 14:13,Jim,Washing Machine,Y,Y,119,0 days 00:02:55,3
ID4092,13-03-2015 14:13,Stewart,Air Conditioner,N,N,0,0 days 00:00:00,0
ID4093,13-03-2015 14:18,Martha,Air Conditioner,Y,Y,125,0 days 00:05:43,5
ID4094,13-03-2015 14:18,Joe,Television,N,N,0,0 days 00:00:00,0
ID4095,13-03-2015 14:38,Jim,Air Conditioner,Y,N,88,0 days 00:01:47,4
ID4096,13-03-2015 14:38,Becky,Air Conditioner,Y,Y,71,0 days 00:00:34,4
ID4097,13-03-2015 14:41,Dan,Washing Machine,Y,Y,99,0 days 00:00:34,4
ID4098,13-03-2015 14:41,Dan,Fridge,Y,Y,94,0 days 00:05:52,1
ID4099,13-03-2015 15:00,Becky,Fridge,Y,Y,115,0 days 00:05:12,1
ID4100,13-03-2015 15:00,Becky,Washing Machine,Y,Y,36,0 days 00:05:11,5
ID4101,13-03-2015 15:02,Stewart,Toaster,Y,Y,72,0 days 00:03:52,3
ID4102,13-03-2015 15:02,Becky,Washing Machine,Y,Y,51,0 days 00:01:03,3
ID4103,13-03-2015 15:36,Diane,Fridge,Y,Y,11,0 days 00:04:33,2
ID4104,13-03-2015 15:36,Stewart,Fridge,Y,N,101,0 days 00:05:46,5
ID4105,13-03-2015 15:38,Stewart,Fridge,Y,Y,119,0 days 00:05:37,3
ID4106,13-03-2015 15:38,Diane,Air Conditioner,Y,Y,64,0 days 00:02:37,3
ID4107,13-03-2015 15:44,Martha,Air Conditioner,Y,Y,12,0 days 00:04:10,3
ID4108,13-03-2015 15:44,Greg,Television,Y,Y,118,0 days 00:05:11,3
ID4109,13-03-2015 15:59,Greg,Toaster,Y,Y,107,0 days 00:02:31,2
ID4110,13-03-2015 15:59,Martha,Toaster,Y,Y,122,0 days 00:05:03,3
ID4111,13-03-2015 16:17,Becky,Toaster,Y,Y,41,0 days 00:03:41,4
ID4112,13-03-2015 16:17,Becky,Television,Y,Y,22,0 days 00:00:43,1
ID4113,13-03-2015 16:53,Martha,Air Conditioner,N,N,0,0 days 00:00:00,0
ID4114,13-03-2015 16:53,Martha,Washing Machine,Y,Y,93,0 days 00:03:39,3
ID4115,13-03-2015 17:02,Jim,Fridge,Y,Y,20,0 days 00:04:20,5
ID4116,13-03-2015 17:02,Dan,Washing Machine,Y,Y,90,0 days 00:04:05,4
ID4117,13-03-2015 17:24,Becky,Air Conditioner,Y,Y,107,0 days 00:06:33,3
ID4118,13-03-2015 17:24,Jim,Air Conditioner,N,N,0,0 days 00:00:00,0
ID4119,13-03-2015 17:44,Dan,Washing Machine,Y,Y,38,0 days 00:05:43,3
ID4120,13-03-2015 17:44,Joe,Washing Machine,N,N,0,0 days 00:00:00,0
ID4121,14-03-2015 09:00,Becky,Television,Y,Y,50,0 days 00:01:57,4
ID4122,14-03-2015 09:00,Greg,Fridge,Y,Y,90,0 days 00:05:06,4
ID4123,14-03-2015 09:20,Becky,Fridge,Y,Y,22,0 days 00:04:21,4
ID4124,14-03-2015 09:20,Joe,Fridge,N,N,0,0 days 00:00:00,0
ID4125,14-03-2015 09:57,Martha,Television,Y,Y,67,0 days 00:05:05,4
ID4126,14-03-2015 09:57,Dan,Washing Machine,Y,Y,89,0 days 00:06:20,3
ID4127,14-03-2015 10:07,Becky,Toaster,Y,Y,21,0 days 00:05:46,3
ID4128,14-03-2015 10:07,Diane,Washing Machine,Y,Y,34,0 days 00:01:04,4
ID4129,14-03-2015 10:09,Diane,Washing Machine,Y,Y,77,0 days 00:00:48,2
ID4130,14-03-2015 10:09,Diane,Fridge,Y,Y,72,0 days 00:02:45,1
ID4131,14-03-2015 10:32,Joe,Television,Y,Y,83,0 days 00:02:01,3
ID4132,14-03-2015 10:32,Jim,Television,Y,Y,120,0 days 00:01:46,3
ID4133,14-03-2015 11:09,Diane,Washing Machine,Y,Y,82,0 days 00:04:16,5
ID4134,14-03-2015 11:09,Martha,Television,Y,Y,61,0 days 00:06:39,5
ID4135,14-03-2015 11:25,Jim,Washing Machine,Y,Y,69,0 days 00:02:39,2
ID4136,14-03-2015 11:25,Jim,Air Conditioner,Y,N,19,0 days 00:04:17,4
ID4137,14-03-2015 11:36,Diane,Air Conditioner,Y,Y,35,0 days 00:04:15,2
ID4138,14-03-2015 11:36,Jim,Toaster,N,N,0,0 days 00:00:00,0
ID4139,14-03-2015 11:52,Jim,Washing Machine,Y,Y,11,0 days 00:06:28,3
ID4140,14-03-2015 11:52,Jim,Fridge,Y,Y,110,0 days 00:00:49,3
ID4141,14-03-2015 13:00,Dan,Toaster,Y,Y,119,0 days 00:02:17,1
ID4142,14-03-2015 13:00,Jim,Washing Machine,Y,Y,38,0 days 00:01:27,4
ID4143,14-03-2015 13:09,Joe,Toaster,Y,Y,40,0 days 00:05:08,4
ID4144,14-03-2015 13:09,Dan,Television,Y,Y,19,0 days 00:04:26,5
ID4145,14-03-2015 13:16,Dan,Air Conditioner,N,N,0,0 days 00:00:00,0
ID4146,14-03-2015 13:16,Martha,Toaster,Y,Y,63,0 days 00:05:45,3
ID4147,14-03-2015 13:24,Jim,Air Conditioner,Y,Y,33,0 days 00:03:10,5
ID4148,14-03-2015 13:24,Becky,Air Conditioner,N,N,0,0 days 00:00:00,0
ID4149,14-03-2015 13:40,Jim,Fridge,Y,N,26,0 days 00:05:08,5
ID4150,14-03-2015 13:40,Jim,Television,N,N,0,0 days 00:00:00,0
ID4151,14-03-2015 13:46,Diane,Washing Machine,N,N,0,0 days 00:00:00,0
ID4152,14-03-2015 13:46,Jim,Fridge,Y,Y,81,0 days 00:03:31,5
ID4153,14-03-2015 14:03,Martha,Air Conditioner,Y,Y,65,0 days 00:06:28,3
ID4154,14-03-2015 14:03,Jim,Fridge,Y,Y,84,0 days 00:04:14,3
ID4155,14-03-2015 14:25,Jim,Fridge,Y,Y,42,0 days 00:04:52,1
ID4156,14-03-2015 14:25,Dan,Fridge,N,N,0,0 days 00:00:00,0
ID4157,14-03-2015 14:39,Becky,Fridge,N,N,0,0 days 00:00:00,0
ID4158,14-03-2015 14:39,Martha,Television,Y,Y,123,0 days 00:03:38,2
ID4159,14-03-2015 15:17,Greg,Washing Machine,Y,Y,65,0 days 00:06:37,4
ID4160,14-03-2015 15:17,Diane,Washing Machine,Y,Y,33,0 days 00:05:43,5
ID4161,14-03-2015 15:27,Diane,Toaster,Y,Y,117,0 days 00:04:04,3
ID4162,14-03-2015 15:27,Diane,Television,Y,Y,122,0 days 00:01:36,3
ID4163,14-03-2015 15:43,Jim,Air Conditioner,Y,Y,21,0 days 00:05:25,4
ID4164,14-03-2015 15:43,Dan,Television,Y,N,48,0 days 00:04:16,4
ID4165,14-03-2015 16:36,Greg,Washing Machine,N,N,0,0 days 00:00:00,0
ID4166,14-03-2015 16:36,Diane,Air Conditioner,Y,Y,98,0 days 00:02:57,1
ID4167,14-03-2015 16:36,Dan,Television,Y,Y,95,0 days 00:02:31,4
ID4168,14-03-2015 16:36,Dan,Washing Machine,Y,Y,28,0 days 00:06:48,3
ID4169,14-03-2015 17:57,Joe,Fridge,N,N,0,0 days 00:00:00,0
ID4170,14-03-2015 17:57,Dan,Television,N,N,0,0 days 00:00:00,0
ID4171,15-03-2015 09:08,Dan,Fridge,N,N,0,0 days 00:00:00,0
ID4172,15-03-2015 09:08,Greg,Television,Y,Y,40,0 days 00:04:52,3
ID4173,15-03-2015 09:30,Martha,Television,Y,Y,13,0 days 00:03:43,2
ID4174,15-03-2015 09:30,Becky,Television,Y,Y,71,0 days 00:01:19,5
ID4175,15-03-2015 09:44,Martha,Air Conditioner,Y,Y,106,0 days 00:00:46,4
ID4176,15-03-2015 09:44,Dan,Television,Y,N,94,0 days 00:03:31,4
ID4177,15-03-2015 10:00,Greg,Toaster,Y,Y,74,0 days 00:03:59,5
ID4178,15-03-2015 10:00,Dan,Washing Machine,Y,Y,34,0 days 00:00:38,4
ID4179,15-03-2015 10:09,Jim,Fridge,Y,Y,38,0 days 00:02:06,2
ID4180,15-03-2015 10:09,Jim,Air Conditioner,Y,Y,31,0 days 00:02:53,4
ID4181,15-03-2015 10:13,Martha,Washing Machine,Y,Y,13,0 days 00:03:05,3
ID4182,15-03-2015 10:13,Stewart,Air Conditioner,Y,Y,79,0 days 00:01:48,3
ID4183,15-03-2015 11:06,Stewart,Washing Machine,Y,Y,49,0 days 00:05:00,2
ID4184,15-03-2015 11:06,Stewart,Air Conditioner,Y,Y,89,0 days 00:03:59,1
ID4185,15-03-2015 11:09,Jim,Television,Y,Y,37,0 days 00:04:57,5
ID4186,15-03-2015 11:09,Becky,Television,N,N,0,0 days 00:00:00,0
ID4187,15-03-2015 11:58,Jim,Washing Machine,N,N,0,0 days 00:00:00,0
ID4188,15-03-2015 11:58,Diane,Fridge,Y,Y,51,0 days 00:02:22,3
ID4189,15-03-2015 12:10,Greg,Toaster,Y,Y,49,0 days 00:02:11,1
ID4190,15-03-2015 12:10,Jim,Toaster,N,N,0,0 days 00:00:00,0
ID4191,15-03-2015 12:28,Becky,Fridge,Y,Y,14,0 days 00:05:44,4
ID4192,15-03-2015 12:28,Joe,Toaster,Y,Y,91,0 days 00:04:47,3
ID4193,15-03-2015 13:07,Becky,Washing Machine,N,N,0,0 days 00:00:00,0
ID4194,15-03-2015 13:07,Greg,Fridge,Y,Y,111,0 days 00:03:08,3
ID4195,15-03-2015 13:33,Martha,Washing Machine,Y,Y,80,0 days 00:04:46,5
ID4196,15-03-2015 13:33,Dan,Fridge,Y,Y,119,0 days 00:01:54,3
ID4197,15-03-2015 13:52,Jim,Washing Machine,Y,Y,68,0 days 00:03:17,3
ID4198,15-03-2015 13:52,Stewart,Toaster,N,N,0,0 days 00:00:00,0
ID4199,15-03-2015 14:09,Jim,Washing Machine,Y,Y,109,0 days 00:02:25,3
ID4200,15-03-2015 14:09,Stewart,Television,Y,Y,24,0 days 00:06:56,4
ID4201,15-03-2015 14:26,Diane,Air Conditioner,Y,Y,55,0 days 00:02:25,5
ID4202,15-03-2015 14:26,Dan,Fridge,Y,Y,92,0 days 00:04:14,5
ID4203,15-03-2015 15:51,Martha,Air Conditioner,Y,Y,106,0 days 00:03:22,3
ID4204,15-03-2015 15:51,Diane,Fridge,Y,Y,28,0 days 00:01:25,3
ID4205,15-03-2015 16:04,Becky,Toaster,Y,Y,28,0 days 00:02:32,5
ID4206,15-03-2015 16:04,Dan,Washing Machine,Y,N,40,0 days 00:05:57,2
ID4207,15-03-2015 16:27,Greg,Air Conditioner,Y,Y,12,0 days 00:06:45,5
ID4208,15-03-2015 16:27,Joe,Television,Y,Y,61,0 days 00:02:29,5
ID4209,15-03-2015 17:05,Becky,Television,Y,Y,92,0 days 00:01:24,1
ID4210,15-03-2015 17:05,Jim,Air Conditioner,N,N,0,0 days 00:00:00,0
ID4211,15-03-2015 17:11,Greg,Toaster,N,N,0,0 days 00:00:00,0
ID4212,15-03-2015 17:11,Greg,Fridge,Y,Y,43,0 days 00:00:36,3
ID4213,15-03-2015 17:18,Joe,Fridge,Y,Y,46,0 days 00:03:53,5
ID4214,15-03-2015 17:18,Dan,Air Conditioner,Y,Y,51,0 days 00:06:02,4
ID4215,15-03-2015 17:28,Diane,Washing Machine,Y,Y,13,0 days 00:01:14,3
ID4216,15-03-2015 17:28,Diane,Toaster,Y,N,19,0 days 00:01:44,5
ID4217,15-03-2015 17:32,Becky,Fridge,Y,Y,30,0 days 00:03:29,3
ID4218,15-03-2015 17:32,Dan,Air Conditioner,Y,Y,122,0 days 00:06:34,3
ID4219,15-03-2015 17:47,Greg,Fridge,Y,Y,83,0 days 00:03:41,2
ID4220,15-03-2015 17:47,Jim,Air Conditioner,N,N,0,0 days 00:00:00,0
ID4221,16-03-2015 09:11,Joe,Air Conditioner,Y,Y,125,0 days 00:01:15,4
ID4222,16-03-2015 09:11,Joe,Fridge,Y,Y,80,0 days 00:01:09,2
ID4223,16-03-2015 09:46,Stewart,Television,Y,Y,112,0 days 00:05:47,2
ID4224,16-03-2015 09:46,Greg,Television,Y,Y,113,0 days 00:03:26,5
ID4225,16-03-2015 10:09,Dan,Fridge,Y,Y,95,0 days 00:04:00,4
ID4226,16-03-2015 10:09,Joe,Television,Y,Y,40,0 days 00:03:15,3
ID4227,16-03-2015 10:10,Dan,Television,Y,Y,106,0 days 00:06:52,3
ID4228,16-03-2015 10:10,Greg,Toaster,Y,Y,38,0 days 00:03:33,3
ID4229,16-03-2015 10:23,Martha,Washing Machine,N,N,0,0 days 00:00:00,0
ID4230,16-03-2015 10:23,Greg,Television,Y,Y,61,0 days 00:04:00,3
ID4231,16-03-2015 10:23,Dan,Fridge,N,N,0,0 days 00:00:00,0
ID4232,16-03-2015 10:23,Joe,Television,N,N,0,0 days 00:00:00,0
ID4233,16-03-2015 10:35,Martha,Television,N,N,0,0 days 00:00:00,0
ID4234,16-03-2015 10:35,Jim,Fridge,Y,Y,70,0 days 00:04:11,1
ID4235,16-03-2015 11:12,Becky,Air Conditioner,N,N,0,0 days 00:00:00,0
ID4236,16-03-2015 11:12,Dan,Television,N,N,0,0 days 00:00:00,0
ID4237,16-03-2015 11:44,Stewart,Air Conditioner,Y,Y,56,0 days 00:05:36,4
ID4238,16-03-2015 11:44,Stewart,Television,Y,Y,26,0 days 00:06:11,4
ID4239,16-03-2015 12:21,Diane,Air Conditioner,Y,Y,11,0 days 00:03:06,4
ID4240,16-03-2015 12:21,Greg,Toaster,Y,Y,22,0 days 00:06:31,1
ID4241,16-03-2015 12:43,Jim,Television,Y,Y,33,0 days 00:06:40,3
ID4242,16-03-2015 12:43,Stewart,Television,Y,Y,58,0 days 00:01:06,4
ID4243,16-03-2015 12:48,Greg,Washing Machine,Y,Y,72,0 days 00:05:47,3
ID4244,16-03-2015 12:48,Greg,Toaster,Y,Y,63,0 days 00:05:27,5
ID4245,16-03-2015 13:04,Diane,Television,Y,Y,52,0 days 00:03:32,4
ID4246,16-03-2015 13:04,Joe,Television,N,N,0,0 days 00:00:00,0
ID4247,16-03-2015 13:16,Stewart,Air Conditioner,Y,Y,106,0 days 00:05:31,5
ID4248,16-03-2015 13:16,Diane,Fridge,Y,Y,26,0 days 00:06:34,3
ID4249,16-03-2015 13:29,Diane,Toaster,Y,Y,76,0 days 00:03:29,5
ID4250,16-03-2015 13:29,Stewart,Air Conditioner,Y,Y,45,0 days 00:06:29,5
ID4251,16-03-2015 13:32,Martha,Washing Machine,N,N,0,0 days 00:00:00,0
ID4252,16-03-2015 13:32,Dan,Toaster,Y,Y,61,0 days 00:01:30,3
ID4253,16-03-2015 13:56,Greg,Air Conditioner,N,N,0,0 days 00:00:00,0
ID4254,16-03-2015 13:56,Dan,Washing Machine,Y,N,38,0 days 00:04:55,2
ID4255,16-03-2015 14:09,Jim,Washing Machine,Y,Y,19,0 days 00:02:13,4
ID4256,16-03-2015 14:09,Joe,Television,Y,Y,15,0 days 00:03:03,4
ID4257,16-03-2015 14:13,Becky,Television,Y,Y,90,0 days 00:04:55,3
ID4258,16-03-2015 14:13,Stewart,Fridge,Y,Y,99,0 days 00:01:04,3
ID4259,16-03-2015 14:13,Becky,Washing Machine,Y,Y,18,0 days 00:01:56,5
ID4260,16-03-2015 14:13,Jim,Toaster,Y,Y,65,0 days 00:02:35,4
ID4261,16-03-2015 14:25,Martha,Fridge,Y,Y,91,0 days 00:05:37,4
ID4262,16-03-2015 14:25,Jim,Television,Y,Y,95,0 days 00:02:04,4
ID4263,16-03-2015 14:34,Jim,Television,Y,Y,87,0 days 00:04:44,4
ID4264,16-03-2015 14:34,Dan,Toaster,Y,Y,71,0 days 00:06:01,3
ID4265,16-03-2015 15:21,Jim,Fridge,Y,Y,74,0 days 00:03:04,5
ID4266,16-03-2015 15:21,Jim,Air Conditioner,Y,Y,28,0 days 00:05:05,4
ID4267,16-03-2015 15:40,Joe,Washing Machine,Y,Y,101,0 days 00:02:53,3
ID4268,16-03-2015 15:40,Martha,Washing Machine,N,N,0,0 days 00:00:00,0
ID4269,16-03-2015 15:43,Martha,Toaster,Y,Y,90,0 days 00:04:48,3
ID4270,16-03-2015 15:43,Joe,Washing Machine,Y,Y,76,0 days 00:04:56,5
ID4271,16-03-2015 16:00,Diane,Toaster,N,N,0,0 days 00:00:00,0
ID4272,16-03-2015 16:00,Joe,Washing Machine,Y,N,20,0 days 00:01:19,5
ID4273,16-03-2015 16:13,Becky,Washing Machine,Y,N,26,0 days 00:06:19,3
ID4274,16-03-2015 16:13,Stewart,Washing Machine,Y,Y,53,0 days 00:01:12,3
ID4275,16-03-2015 16:36,Greg,Washing Machine,Y,Y,26,0 days 00:02:57,4
ID4276,16-03-2015 16:36,Joe,Toaster,Y,Y,66,0 days 00:03:42,3
ID4277,16-03-2015 17:09,Dan,Toaster,Y,N,105,0 days 00:05:32,4
ID4278,16-03-2015 17:09,Diane,Fridge,Y,Y,111,0 days 00:01:13,3
ID4279,16-03-2015 17:49,Martha,Washing Machine,Y,Y,26,0 days 00:06:30,1
ID4280,16-03-2015 17:49,Jim,Washing Machine,N,N,0,0 days 00:00:00,0
ID4281,17-03-2015 09:05,Stewart,Toaster,Y,N,50,0 days 00:02:52,4
ID4282,17-03-2015 09:05,Dan,Television,Y,Y,57,0 days 00:06:06,5
ID4283,17-03-2015 09:43,Jim,Air Conditioner,Y,Y,26,0 days 00:01:19,5
ID4284,17-03-2015 09:43,Greg,Fridge,Y,Y,104,0 days 00:06:58,1
ID4285,17-03-2015 10:59,Becky,Air Conditioner,Y,Y,93,0 days 00:05:21,1
ID4286,17-03-2015 10:59,Jim,Air Conditioner,Y,Y,108,0 days 00:02:05,3
ID4287,17-03-2015 11:25,Martha,Television,Y,Y,42,0 days 00:02:22,5
ID4288,17-03-2015 11:25,Martha,Air Conditioner,N,N,0,0 days 00:00:00,0
ID4289,17-03-2015 11:44,Jim,Fridge,Y,Y,94,0 days 00:05:17,5
ID4290,17-03-2015 11:44,Dan,Washing Machine,Y,Y,74,0 days 00:03:05,3
ID4291,17-03-2015 12:43,Diane,Washing Machine,Y,Y,117,0 days 00:02:21,5
ID4292,17-03-2015 12:43,Dan,Fridge,N,N,0,0 days 00:00:00,0
ID4293,17-03-2015 13:01,Martha,Toaster,Y,Y,49,0 days 00:00:54,1
ID4294,17-03-2015 13:01,Diane,Television,Y,Y,23,0 days 00:04:40,3
ID4295,17-03-2015 13:24,Joe,Television,N,N,0,0 days 00:00:00,0
ID4296,17-03-2015 13:24,Martha,Television,Y,Y,84,0 days 00:02:16,5
ID4297,17-03-2015 13:58,Martha,Toaster,Y,Y,69,0 days 00:01:19,1
ID4298,17-03-2015 13:58,Diane,Air Conditioner,Y,Y,25,0 days 00:04:44,3
ID4299,17-03-2015 14:00,Becky,Toaster,N,N,0,0 days 00:00:00,0
ID4300,17-03-2015 14:00,Martha,Air Conditioner,N,N,0,0 days 00:00:00,0
ID4301,17-03-2015 14:19,Greg,Toaster,Y,Y,34,0 days 00:04:33,4
ID4302,17-03-2015 14:19,Joe,Television,Y,N,45,0 days 00:03:45,1
ID4303,17-03-2015 14:21,Martha,Television,N,N,0,0 days 00:00:00,0
ID4304,17-03-2015 14:21,Dan,Toaster,Y,Y,29,0 days 00:01:50,5
ID4305,17-03-2015 15:17,Jim,Air Conditioner,Y,Y,26,0 days 00:03:15,4
ID4306,17-03-2015 15:17,Diane,Television,Y,Y,115,0 days 00:04:28,4
ID4307,17-03-2015 15:47,Martha,Toaster,Y,Y,78,0 days 00:04:08,3
ID4308,17-03-2015 15:47,Jim,Television,Y,N,41,0 days 00:04:11,3
ID4309,17-03-2015 16:20,Diane,Washing Machine,Y,Y,21,0 days 00:02:26,5
ID4310,17-03-2015 16:20,Dan,Television,N,N,0,0 days 00:00:00,0
ID4311,17-03-2015 16:22,Martha,Television,Y,Y,47,0 days 00:04:30,5
ID4312,17-03-2015 16:22,Jim,Toaster,Y,N,98,0 days 00:05:59,2
ID4313,17-03-2015 16:42,Joe,Washing Machine,N,N,0,0 days 00:00:00,0
ID4314,17-03-2015 16:42,Martha,Toaster,Y,Y,51,0 days 00:04:34,4
ID4315,17-03-2015 16:46,Becky,Television,Y,Y,70,0 days 00:05:35,4
ID4316,17-03-2015 16:46,Diane,Washing Machine,Y,Y,58,0 days 00:06:20,2
ID4317,17-03-2015 16:52,Jim,Air Conditioner,N,N,0,0 days 00:00:00,0
ID4318,17-03-2015 16:52,Greg,Fridge,N,N,0,0 days 00:00:00,0
ID4319,17-03-2015 17:12,Greg,Television,Y,Y,39,0 days 00:03:54,5
ID4320,17-03-2015 17:12,Joe,Toaster,Y,Y,55,0 days 00:03:25,1
ID4321,17-03-2015 17:13,Diane,Washing Machine,Y,Y,80,0 days 00:03:05,3
ID4322,17-03-2015 17:13,Dan,Toaster,Y,Y,68,0 days 00:03:29,4
ID4323,17-03-2015 17:24,Diane,Air Conditioner,Y,Y,96,0 days 00:02:14,3
ID4324,17-03-2015 17:24,Greg,Toaster,Y,Y,32,0 days 00:03:48,3
ID4325,17-03-2015 17:26,Stewart,Fridge,N,N,0,0 days 00:00:00,0
ID4326,17-03-2015 17:26,Diane,Television,Y,Y,90,0 days 00:01:53,3
ID4327,17-03-2015 17:48,Dan,Television,Y,Y,108,0 days 00:03:15,4
ID4328,17-03-2015 17:48,Stewart,Air Conditioner,Y,N,120,0 days 00:05:34,4
ID4329,17-03-2015 18:00,Dan,Washing Machine,Y,Y,21,0 days 00:04:39,5
ID4330,17-03-2015 18:00,Greg,Washing Machine,N,N,0,0 days 00:00:00,0
ID4331,18-03-2015 09:14,Martha,Toaster,Y,N,59,0 days 00:02:47,4
ID4332,18-03-2015 09:14,Stewart,Fridge,Y,Y,14,0 days 00:05:22,3
ID4333,18-03-2015 09:21,Joe,Washing Machine,N,N,0,0 days 00:00:00,0
ID4334,18-03-2015 09:21,Stewart,Television,Y,Y,57,0 days 00:00:44,3
ID4335,18-03-2015 10:32,Dan,Television,Y,Y,123,0 days 00:04:04,3
ID4336,18-03-2015 10:32,Dan,Television,Y,Y,71,0 days 00:05:41,3
ID4337,18-03-2015 10:56,Stewart,Washing Machine,Y,N,71,0 days 00:04:16,3
ID4338,18-03-2015 10:56,Martha,Air Conditioner,Y,Y,41,0 days 00:06:22,3
ID4339,18-03-2015 11:38,Dan,Washing Machine,N,N,0,0 days 00:00:00,0
ID4340,18-03-2015 11:38,Martha,Air Conditioner,Y,Y,80,0 days 00:05:43,4
ID4341,18-03-2015 12:02,Stewart,Toaster,N,N,0,0 days 00:00:00,0
ID4342,18-03-2015 12:02,Greg,Toaster,Y,Y,57,0 days 00:01:12,2
ID4343,18-03-2015 12:30,Stewart,Television,Y,Y,17,0 days 00:02:39,3
ID4344,18-03-2015 12:30,Martha,Fridge,Y,Y,93,0 days 00:04:47,5
ID4345,18-03-2015 12:51,Greg,Toaster,Y,Y,13,0 days 00:00:43,3
ID4346,18-03-2015 12:51,Stewart,Toaster,Y,Y,64,0 days 00:01:42,4
ID4347,18-03-2015 13:36,Stewart,Air Conditioner,Y,Y,98,0 days 00:01:50,5
ID4348,18-03-2015 13:36,Greg,Air Conditioner,Y,N,83,0 days 00:02:28,2
ID4349,18-03-2015 13:49,Martha,Television,Y,N,116,0 days 00:06:18,5
ID4350,18-03-2015 13:49,Becky,Television,Y,Y,104,0 days 00:00:46,2
ID4351,18-03-2015 14:02,Martha,Television,Y,Y,83,0 days 00:05:34,5
ID4352,18-03-2015 14:02,Martha,Fridge,Y,Y,26,0 days 00:06:48,4
ID4353,18-03-2015 14:25,Diane,Fridge,Y,Y,47,0 days 00:00:36,2
ID4354,18-03-2015 14:25,Jim,Washing Machine,N,N,0,0 days 00:00:00,0
ID4355,18-03-2015 14:41,Dan,Fridge,N,N,0,0 days 00:00:00,0
ID4356,18-03-2015 14:41,Joe,Air Conditioner,Y,N,34,0 days 00:03:07,4
ID4357,18-03-2015 14:52,Becky,Air Conditioner,Y,Y,65,0 days 00:03:42,5
ID4358,18-03-2015 14:52,Diane,Television,Y,Y,54,0 days 00:06:19,3
ID4359,18-03-2015 14:52,Joe,Air Conditioner,Y,Y,108,0 days 00:05:15,4
ID4360,18-03-2015 14:52,Jim,Washing Machine,Y,Y,114,0 days 00:04:42,4
ID4361,18-03-2015 15:48,Jim,Fridge,Y,Y,109,0 days 00:02:59,3
ID4362,18-03-2015 15:48,Jim,Television,Y,Y,115,0 days 00:03:35,3
ID4363,18-03-2015 16:03,Joe,Television,Y,Y,125,0 days 00:04:07,3
ID4364,18-03-2015 16:03,Joe,Air Conditioner,Y,Y,116,0 days 00:03:19,4
ID4365,18-03-2015 16:16,Greg,Fridge,Y,Y,12,0 days 00:02:51,3
ID4366,18-03-2015 16:16,Becky,Television,Y,Y,96,0 days 00:02:14,5
ID4367,18-03-2015 16:30,Diane,Television,Y,Y,13,0 days 00:05:17,5
ID4368,18-03-2015 16:30,Jim,Toaster,N,N,0,0 days 00:00:00,0
ID4369,18-03-2015 16:58,Jim,Washing Machine,Y,Y,96,0 days 00:06:22,3
ID4370,18-03-2015 16:58,Greg,Toaster,N,N,0,0 days 00:00:00,0
ID4371,18-03-2015 17:08,Dan,Television,Y,Y,37,0 days 00:05:55,3
ID4372,18-03-2015 17:08,Stewart,Air Conditioner,Y,Y,45,0 days 00:06:15,4
ID4373,18-03-2015 17:22,Becky,Television,Y,Y,44,0 days 00:02:44,5
ID4374,18-03-2015 17:22,Greg,Washing Machine,N,N,0,0 days 00:00:00,0
ID4375,18-03-2015 17:26,Martha,Washing Machine,Y,Y,65,0 days 00:03:19,3
ID4376,18-03-2015 17:26,Martha,Television,Y,Y,48,0 days 00:02:07,4
ID4377,18-03-2015 17:41,Stewart,Air Conditioner,Y,Y,119,0 days 00:02:34,1
ID4378,18-03-2015 17:41,Jim,Washing Machine,Y,N,102,0 days 00:05:16,3
ID4379,19-03-2015 09:15,Stewart,Washing Machine,Y,Y,30,0 days 00:05:10,5
ID4380,19-03-2015 09:15,Joe,Toaster,Y,Y,51,0 days 00:05:19,1
ID4381,19-03-2015 09:47,Jim,Washing Machine,N,N,0,0 days 00:00:00,0
ID4382,19-03-2015 09:47,Becky,Air Conditioner,Y,Y,39,0 days 00:05:10,5
ID4383,19-03-2015 10:03,Becky,Toaster,Y,Y,102,0 days 00:05:27,2
ID4384,19-03-2015 10:03,Stewart,Toaster,Y,Y,112,0 days 00:00:40,3
ID4385,19-03-2015 10:14,Becky,Toaster,N,N,0,0 days 00:00:00,0
ID4386,19-03-2015 10:14,Martha,Air Conditioner,Y,Y,42,0 days 00:04:36,5
ID4387,19-03-2015 11:12,Greg,Fridge,Y,Y,87,0 days 00:01:28,3
ID4388,19-03-2015 11:12,Becky,Toaster,N,N,0,0 days 00:00:00,0
ID4389,19-03-2015 11:13,Becky,Washing Machine,Y,Y,123,0 days 00:02:32,3
ID4390,19-03-2015 11:13,Stewart,Toaster,N,N,0,0 days 00:00:00,0
ID4391,19-03-2015 11:29,Dan,Washing Machine,Y,Y,98,0 days 00:01:26,3
ID4392,19-03-2015 11:29,Jim,Television,Y,Y,45,0 days 00:00:39,4
ID4393,19-03-2015 12:14,Stewart,Toaster,Y,Y,50,0 days 00:02:14,3
ID4394,19-03-2015 12:14,Joe,Toaster,Y,Y,102,0 days 00:04:30,4
ID4395,19-03-2015 12:27,Diane,Fridge,Y,Y,93,0 days 00:02:12,1
ID4396,19-03-2015 12:27,Stewart,Fridge,Y,Y,28,0 days 00:05:27,3
ID4397,19-03-2015 12:59,Jim,Toaster,N,N,0,0 days 00:00:00,0
ID4398,19-03-2015 12:59,Martha,Television,N,N,0,0 days 00:00:00,0
ID4399,19-03-2015 12:59,Joe,Air Conditioner,Y,N,123,0 days 00:00:46,4
ID4400,19-03-2015 12:59,Greg,Fridge,Y,Y,112,0 days 00:04:09,4
ID4401,19-03-2015 13:07,Stewart,Washing Machine,Y,Y,12,0 days 00:01:16,3
ID4402,19-03-2015 13:07,Dan,Washing Machine,Y,Y,107,0 days 00:06:01,4
ID4403,19-03-2015 13:55,Diane,Air Conditioner,Y,Y,97,0 days 00:03:38,2
ID4404,19-03-2015 13:55,Joe,Washing Machine,N,N,0,0 days 00:00:00,0
ID4405,19-03-2015 14:18,Joe,Fridge,N,N,0,0 days 00:00:00,0
ID4406,19-03-2015 14:18,Diane,Fridge,Y,Y,98,0 days 00:06:47,4
ID4407,19-03-2015 15:21,Jim,Television,Y,Y,96,0 days 00:05:49,2
ID4408,19-03-2015 15:21,Diane,Toaster,N,N,0,0 days 00:00:00,0
ID4409,19-03-2015 15:24,Joe,Toaster,Y,Y,60,0 days 00:01:17,1
ID4410,19-03-2015 15:24,Joe,Washing Machine,Y,Y,115,0 days 00:04:56,3
ID4411,19-03-2015 15:28,Martha,Washing Machine,Y,Y,86,0 days 00:02:17,4
ID4412,19-03-2015 15:28,Martha,Toaster,Y,Y,99,0 days 00:02:10,2
ID4413,19-03-2015 15:34,Greg,Fridge,Y,N,55,0 days 00:03:31,4
ID4414,19-03-2015 15:34,Joe,Television,Y,N,100,0 days 00:01:32,2
ID4415,19-03-2015 16:27,Becky,Washing Machine,Y,Y,101,0 days 00:01:24,4
ID4416,19-03-2015 16:27,Joe,Toaster,Y,Y,105,0 days 00:06:19,5
ID4417,19-03-2015 16:33,Stewart,Toaster,N,N,0,0 days 00:00:00,0
ID4418,19-03-2015 16:33,Greg,Washing Machine,Y,Y,47,0 days 00:06:54,4
ID4419,19-03-2015 16:43,Greg,Fridge,Y,Y,123,0 days 00:02:40,3
ID4420,19-03-2015 16:43,Jim,Television,Y,N,108,0 days 00:04:39,3
ID4421,20-03-2015 09:05,Stewart,Fridge,N,N,0,0 days 00:00:00,0
ID4422,20-03-2015 09:05,Martha,Air Conditioner,Y,Y,35,0 days 00:01:07,5
ID4423,20-03-2015 09:57,Jim,Air Conditioner,Y,Y,80,0 days 00:03:07,5
ID4424,20-03-2015 09:57,Dan,Air Conditioner,Y,Y,16,0 days 00:02:55,5
ID4425,20-03-2015 10:17,Dan,Fridge,Y,Y,102,0 days 00:06:15,3
ID4426,20-03-2015 10:17,Stewart,Television,N,N,0,0 days 00:00:00,0
ID4427,20-03-2015 10:19,Joe,Television,Y,Y,111,0 days 00:06:16,3
ID4428,20-03-2015 10:19,Becky,Toaster,Y,Y,81,0 days 00:04:45,4
ID4429,20-03-2015 10:42,Diane,Washing Machine,N,N,0,0 days 00:00:00,0
ID4430,20-03-2015 10:42,Martha,Air Conditioner,Y,Y,32,0 days 00:00:36,5
ID4431,20-03-2015 11:12,Dan,Toaster,N,N,0,0 days 00:00:00,0
ID4432,20-03-2015 11:12,Diane,Television,Y,Y,52,0 days 00:03:14,3
ID4433,20-03-2015 11:25,Martha,Air Conditioner,Y,Y,112,0 days 00:03:11,5
ID4434,20-03-2015 11:25,Becky,Air Conditioner,Y,Y,30,0 days 00:06:15,3
ID4435,20-03-2015 11:47,Becky,Fridge,Y,Y,91,0 days 00:01:59,1
ID4436,20-03-2015 11:47,Greg,Television,Y,Y,53,0 days 00:05:15,3
ID4437,20-03-2015 11:55,Becky,Washing Machine,N,N,0,0 days 00:00:00,0
ID4438,20-03-2015 11:55,Diane,Washing Machine,N,N,0,0 days 00:00:00,0
ID4439,20-03-2015 12:12,Jim,Air Conditioner,Y,Y,40,0 days 00:05:02,3
ID4440,20-03-2015 12:12,Diane,Washing Machine,Y,Y,45,0 days 00:05:46,5
ID4441,20-03-2015 12:24,Jim,Television,N,N,0,0 days 00:00:00,0
ID4442,20-03-2015 12:24,Stewart,Fridge,Y,Y,89,0 days 00:03:37,2
ID4443,20-03-2015 13:07,Becky,Air Conditioner,Y,Y,24,0 days 00:01:50,5
ID4444,20-03-2015 13:07,Diane,Air Conditioner,Y,Y,76,0 days 00:05:04,3
ID4445,20-03-2015 13:12,Greg,Television,Y,Y,27,0 days 00:04:17,2
ID4446,20-03-2015 13:12,Stewart,Washing Machine,Y,N,27,0 days 00:02:31,4
ID4447,20-03-2015 13:42,Diane,Washing Machine,Y,Y,104,0 days 00:05:32,2
ID4448,20-03-2015 13:42,Diane,Fridge,Y,Y,110,0 days 00:03:29,1
ID4449,20-03-2015 13:46,Joe,Washing Machine,Y,Y,51,0 days 00:05:11,4
ID4450,20-03-2015 13:46,Dan,Washing Machine,Y,Y,65,0 days 00:05:49,2
ID4451,20-03-2015 14:26,Greg,Fridge,Y,Y,21,0 days 00:03:12,4
ID4452,20-03-2015 14:26,Becky,Television,Y,Y,29,0 days 00:01:13,3
ID4453,20-03-2015 15:23,Diane,Toaster,N,N,0,0 days 00:00:00,0
ID4454,20-03-2015 15:23,Joe,Air Conditioner,N,N,0,0 days 00:00:00,0
ID4455,20-03-2015 15:41,Stewart,Washing Machine,Y,Y,124,0 days 00:03:03,4
ID4456,20-03-2015 15:41,Greg,Television,Y,Y,21,0 days 00:04:24,1
ID4457,20-03-2015 15:43,Martha,Fridge,Y,Y,121,0 days 00:02:18,3
ID4458,20-03-2015 15:43,Becky,Air Conditioner,N,N,0,0 days 00:00:00,0
ID4459,20-03-2015 15:43,Dan,Toaster,Y,Y,56,0 days 00:02:47,2
ID4460,20-03-2015 15:43,Greg,Washing Machine,Y,Y,10,0 days 00:06:13,3
ID4461,20-03-2015 15:44,Martha,Toaster,Y,Y,56,0 days 00:02:52,4
ID4462,20-03-2015 15:44,Joe,Toaster,N,N,0,0 days 00:00:00,0
ID4463,20-03-2015 15:56,Jim,Air Conditioner,Y,Y,17,0 days 00:00:31,3
ID4464,20-03-2015 15:56,Martha,Washing Machine,Y,Y,37,0 days 00:00:50,5
ID4465,20-03-2015 16:06,Becky,Television,Y,Y,108,0 days 00:01:06,5
ID4466,20-03-2015 16:06,Diane,Air Conditioner,Y,Y,18,0 days 00:05:43,5
ID4467,20-03-2015 16:50,Martha,Television,N,N,0,0 days 00:00:00,0
ID4468,20-03-2015 16:50,Martha,Television,Y,Y,77,0 days 00:04:43,4
ID4469,20-03-2015 17:32,Diane,Television,Y,Y,34,0 days 00:04:31,1
ID4470,20-03-2015 17:32,Greg,Washing Machine,Y,Y,73,0 days 00:01:42,3
ID4471,20-03-2015 17:44,Martha,Television,N,N,0,0 days 00:00:00,0
ID4472,20-03-2015 17:44,Greg,Fridge,Y,Y,120,0 days 00:02:42,3
ID4473,20-03-2015 17:57,Stewart,Air Conditioner,Y,Y,100,0 days 00:05:17,1
ID4474,20-03-2015 17:57,Martha,Toaster,Y,Y,93,0 days 00:06:18,4
ID4475,20-03-2015 17:58,Diane,Television,Y,N,17,0 days 00:00:49,4
ID4476,20-03-2015 17:58,Stewart,Toaster,Y,Y,17,0 days 00:05:09,2
ID4477,21-03-2015 09:01,Jim,Washing Machine,Y,Y,56,0 days 00:04:25,2
ID4478,21-03-2015 09:01,Diane,Fridge,N,N,0,0 days 00:00:00,0
ID4479,21-03-2015 09:04,Dan,Washing Machine,Y,Y,97,0 days 00:02:39,2
ID4480,21-03-2015 09:04,Stewart,Television,Y,Y,25,0 days 00:06:20,4
ID4481,21-03-2015 09:27,Diane,Air Conditioner,Y,Y,47,0 days 00:02:50,4
ID4482,21-03-2015 09:27,Jim,Toaster,Y,Y,70,0 days 00:01:55,3
ID4483,21-03-2015 10:01,Greg,Air Conditioner,Y,Y,86,0 days 00:03:07,3
ID4484,21-03-2015 10:01,Stewart,Washing Machine,Y,Y,92,0 days 00:04:09,5
ID4485,21-03-2015 10:35,Greg,Fridge,Y,Y,122,0 days 00:01:28,3
ID4486,21-03-2015 10:35,Diane,Television,Y,Y,11,0 days 00:06:48,3
ID4487,21-03-2015 10:43,Diane,Air Conditioner,Y,Y,27,0 days 00:06:08,3
ID4488,21-03-2015 10:43,Greg,Washing Machine,N,N,0,0 days 00:00:00,0
ID4489,21-03-2015 11:09,Becky,Toaster,Y,Y,17,0 days 00:01:58,4
ID4490,21-03-2015 11:09,Greg,Toaster,Y,Y,113,0 days 00:03:14,3
ID4491,21-03-2015 11:31,Dan,Toaster,N,N,0,0 days 00:00:00,0
ID4492,21-03-2015 11:31,Becky,Television,Y,Y,101,0 days 00:03:22,3
ID4493,21-03-2015 11:47,Becky,Washing Machine,Y,Y,69,0 days 00:02:34,1
ID4494,21-03-2015 11:47,Stewart,Air Conditioner,Y,Y,24,0 days 00:03:57,3
ID4495,21-03-2015 11:55,Becky,Air Conditioner,Y,Y,84,0 days 00:02:00,4
ID4496,21-03-2015 11:55,Greg,Air Conditioner,N,N,0,0 days 00:00:00,0
ID4497,21-03-2015 12:00,Diane,Toaster,N,N,0,0 days 00:00:00,0
ID4498,21-03-2015 12:00,Diane,Air Conditioner,N,N,0,0 days 00:00:00,0
ID4499,21-03-2015 12:18,Martha,Television,Y,Y,92,0 days 00:04:10,3
ID4500,21-03-2015 12:18,Joe,Fridge,N,N,0,0 days 00:00:00,0
ID4501,21-03-2015 12:53,Stewart,Toaster,N,N,0,0 days 00:00:00,0
ID4502,21-03-2015 12:53,Diane,Television,Y,Y,114,0 days 00:03:55,2
ID4503,21-03-2015 12:53,Diane,Toaster,Y,Y,109,0 days 00:04:39,3
ID4504,21-03-2015 12:53,Diane,Air Conditioner,Y,Y,89,0 days 00:02:31,3
ID4505,21-03-2015 13:09,Dan,Toaster,Y,Y,124,0 days 00:03:38,3
ID4506,21-03-2015 13:09,Martha,Television,Y,Y,43,0 days 00:01:07,5
ID4507,21-03-2015 13:30,Dan,Washing Machine,Y,Y,110,0 days 00:05:20,5
ID4508,21-03-2015 13:30,Becky,Television,Y,Y,31,0 days 00:03:19,4
ID4509,21-03-2015 13:49,Stewart,Toaster,N,N,0,0 days 00:00:00,0
ID4510,21-03-2015 13:49,Diane,Fridge,N,N,0,0 days 00:00:00,0
ID4511,21-03-2015 14:12,Diane,Television,Y,Y,17,0 days 00:04:48,3
ID4512,21-03-2015 14:12,Becky,Washing Machine,Y,Y,111,0 days 00:05:25,3
ID4513,21-03-2015 14:16,Diane,Fridge,Y,Y,10,0 days 00:03:21,2
ID4514,21-03-2015 14:16,Stewart,Washing Machine,Y,Y,121,0 days 00:01:29,1
ID4515,21-03-2015 14:22,Dan,Toaster,Y,Y,114,0 days 00:01:58,4
ID4516,21-03-2015 14:22,Greg,Air Conditioner,Y,Y,49,0 days 00:00:32,4
ID4517,21-03-2015 14:29,Greg,Fridge,Y,Y,114,0 days 00:03:25,1
ID4518,21-03-2015 14:29,Jim,Television,Y,Y,75,0 days 00:02:42,3
ID4519,21-03-2015 14:36,Jim,Toaster,Y,N,42,0 days 00:03:25,5
ID4520,21-03-2015 14:36,Greg,Toaster,Y,Y,95,0 days 00:04:57,3
ID4521,21-03-2015 15:12,Stewart,Fridge,Y,Y,88,0 days 00:06:25,3
ID4522,21-03-2015 15:12,Joe,Air Conditioner,Y,Y,51,0 days 00:02:48,3
ID4523,21-03-2015 15:15,Martha,Washing Machine,Y,Y,28,0 days 00:00:49,1
ID4524,21-03-2015 15:15,Diane,Toaster,Y,N,86,0 days 00:06:14,4
ID4525,21-03-2015 15:24,Diane,Washing Machine,Y,N,60,0 days 00:03:18,4
ID4526,21-03-2015 15:24,Joe,Television,Y,Y,60,0 days 00:04:47,2
ID4527,21-03-2015 16:06,Dan,Toaster,Y,Y,63,0 days 00:01:51,4
ID4528,21-03-2015 16:06,Joe,Air Conditioner,Y,Y,23,0 days 00:06:21,4
ID4529,21-03-2015 16:12,Greg,Air Conditioner,N,N,0,0 days 00:00:00,0
ID4530,21-03-2015 16:12,Becky,Television,Y,Y,100,0 days 00:01:48,4
ID4531,21-03-2015 16:52,Jim,Fridge,Y,Y,105,0 days 00:00:32,4
ID4532,21-03-2015 16:52,Greg,Air Conditioner,Y,Y,29,0 days 00:02:11,4
ID4533,21-03-2015 17:26,Becky,Fridge,N,N,0,0 days 00:00:00,0
ID4534,21-03-2015 17:26,Stewart,Toaster,Y,N,98,0 days 00:04:09,2
ID4535,21-03-2015 17:32,Dan,Washing Machine,Y,Y,108,0 days 00:05:28,4
ID4536,21-03-2015 17:32,Becky,Toaster,N,N,0,0 days 00:00:00,0
ID4537,21-03-2015 17:42,Stewart,Washing Machine,Y,Y,116,0 days 00:06:33,5
ID4538,21-03-2015 17:42,Stewart,Television,Y,Y,78,0 days 00:05:30,4
ID4539,22-03-2015 09:44,Diane,Toaster,N,N,0,0 days 00:00:00,0
ID4540,22-03-2015 09:44,Greg,Toaster,Y,Y,81,0 days 00:03:51,3
ID4541,22-03-2015 09:46,Diane,Television,Y,Y,84,0 days 00:00:53,2
ID4542,22-03-2015 09:46,Stewart,Washing Machine,Y,Y,24,0 days 00:05:34,4
ID4543,22-03-2015 10:03,Dan,Television,Y,Y,114,0 days 00:05:43,3
ID4544,22-03-2015 10:03,Diane,Washing Machine,N,N,0,0 days 00:00:00,0
ID4545,22-03-2015 10:07,Greg,Washing Machine,Y,N,32,0 days 00:03:11,5
ID4546,22-03-2015 10:07,Martha,Washing Machine,Y,Y,16,0 days 00:03:10,4
ID4547,22-03-2015 10:14,Jim,Fridge,Y,N,104,0 days 00:04:44,5
ID4548,22-03-2015 10:14,Stewart,Air Conditioner,Y,Y,40,0 days 00:00:53,3
ID4549,22-03-2015 11:19,Joe,Washing Machine,Y,Y,80,0 days 00:02:47,4
ID4550,22-03-2015 11:19,Jim,Toaster,Y,Y,88,0 days 00:05:10,4
ID4551,22-03-2015 12:00,Joe,Fridge,Y,Y,86,0 days 00:03:39,3
ID4552,22-03-2015 12:00,Martha,Television,Y,Y,57,0 days 00:06:38,4
ID4553,22-03-2015 12:05,Jim,Washing Machine,Y,Y,96,0 days 00:06:10,5
ID4554,22-03-2015 12:05,Jim,Air Conditioner,Y,Y,72,0 days 00:04:20,2
ID4555,22-03-2015 12:07,Jim,Fridge,Y,Y,37,0 days 00:01:16,5
ID4556,22-03-2015 12:07,Jim,Air Conditioner,N,N,0,0 days 00:00:00,0
ID4557,22-03-2015 12:46,Martha,Air Conditioner,Y,Y,37,0 days 00:00:32,1
ID4558,22-03-2015 12:46,Becky,Television,Y,Y,10,0 days 00:01:49,5
ID4559,22-03-2015 13:26,Diane,Fridge,N,N,0,0 days 00:00:00,0
ID4560,22-03-2015 13:26,Dan,Air Conditioner,Y,Y,120,0 days 00:02:03,3
ID4561,22-03-2015 13:27,Becky,Washing Machine,Y,Y,95,0 days 00:04:04,4
ID4562,22-03-2015 13:27,Jim,Air Conditioner,Y,Y,74,0 days 00:05:55,3
ID4563,22-03-2015 13:32,Diane,Washing Machine,N,N,0,0 days 00:00:00,0
ID4564,22-03-2015 13:32,Diane,Television,N,N,0,0 days 00:00:00,0
ID4565,22-03-2015 13:43,Stewart,Air Conditioner,Y,Y,77,0 days 00:01:20,3
ID4566,22-03-2015 13:43,Joe,Air Conditioner,Y,Y,50,0 days 00:03:31,4
ID4567,22-03-2015 14:13,Diane,Toaster,Y,Y,94,0 days 00:04:52,3
ID4568,22-03-2015 14:13,Becky,Air Conditioner,Y,Y,109,0 days 00:03:09,2
ID4569,22-03-2015 14:48,Dan,Washing Machine,Y,Y,30,0 days 00:02:19,1
ID4570,22-03-2015 14:48,Joe,Fridge,Y,Y,124,0 days 00:05:27,4
ID4571,22-03-2015 14:51,Becky,Air Conditioner,N,N,0,0 days 00:00:00,0
ID4572,22-03-2015 14:51,Diane,Washing Machine,N,N,0,0 days 00:00:00,0
ID4573,22-03-2015 15:25,Joe,Television,Y,Y,114,0 days 00:04:08,3
ID4574,22-03-2015 15:25,Greg,Air Conditioner,Y,Y,32,0 days 00:05:00,4
ID4575,22-03-2015 15:41,Martha,Washing Machine,Y,Y,75,0 days 00:01:45,4
ID4576,22-03-2015 15:41,Dan,Washing Machine,Y,N,109,0 days 00:06:06,2
ID4577,22-03-2015 16:03,Martha,Television,Y,Y,116,0 days 00:02:42,3
ID4578,22-03-2015 16:03,Dan,Air Conditioner,Y,Y,26,0 days 00:02:31,3
ID4579,22-03-2015 16:06,Joe,Fridge,Y,Y,67,0 days 00:06:03,4
ID4580,22-03-2015 16:06,Stewart,Fridge,Y,N,58,0 days 00:03:37,4
ID4581,22-03-2015 16:24,Stewart,Television,Y,Y,20,0 days 00:06:35,2
ID4582,22-03-2015 16:24,Jim,Air Conditioner,Y,Y,115,0 days 00:04:49,1
ID4583,22-03-2015 16:29,Stewart,Fridge,Y,N,35,0 days 00:03:45,4
ID4584,22-03-2015 16:29,Becky,Air Conditioner,Y,Y,36,0 days 00:02:11,4
ID4585,22-03-2015 16:49,Greg,Washing Machine,N,N,0,0 days 00:00:00,0
ID4586,22-03-2015 16:49,Greg,Toaster,Y,Y,62,0 days 00:01:17,1
ID4587,22-03-2015 17:39,Dan,Fridge,Y,Y,37,0 days 00:04:20,3
ID4588,22-03-2015 17:39,Dan,Toaster,N,N,0,0 days 00:00:00,0
ID4589,22-03-2015 17:48,Martha,Air Conditioner,Y,Y,124,0 days 00:06:19,1
ID4590,22-03-2015 17:48,Joe,Fridge,Y,Y,58,0 days 00:06:15,5
ID4591,22-03-2015 17:58,Becky,Fridge,Y,Y,77,0 days 00:02:11,5
ID4592,22-03-2015 17:58,Jim,Air Conditioner,Y,Y,80,0 days 00:01:08,4
ID4593,23-03-2015 09:18,Martha,Toaster,Y,Y,51,0 days 00:02:25,5
ID4594,23-03-2015 09:18,Martha,Television,Y,Y,110,0 days 00:04:19,3
ID4595,23-03-2015 09:47,Becky,Fridge,Y,Y,112,0 days 00:04:40,4
ID4596,23-03-2015 09:47,Dan,Air Conditioner,Y,Y,27,0 days 00:00:42,5
ID4597,23-03-2015 11:22,Dan,Air Conditioner,Y,Y,53,0 days 00:00:35,1
ID4598,23-03-2015 11:22,Joe,Air Conditioner,Y,Y,125,0 days 00:03:52,3
ID4599,23-03-2015 11:45,Joe,Television,Y,Y,13,0 days 00:02:54,1
ID4600,23-03-2015 11:45,Joe,Washing Machine,Y,Y,37,0 days 00:02:44,4
ID4601,23-03-2015 12:27,Martha,Television,Y,Y,84,0 days 00:03:46,4
ID4602,23-03-2015 12:27,Greg,Air Conditioner,N,N,0,0 days 00:00:00,0
ID4603,23-03-2015 12:38,Martha,Television,N,N,0,0 days 00:00:00,0
ID4604,23-03-2015 12:38,Joe,Fridge,Y,Y,123,0 days 00:03:06,3
ID4605,23-03-2015 13:03,Martha,Television,Y,N,51,0 days 00:05:31,3
ID4606,23-03-2015 13:03,Greg,Fridge,Y,Y,69,0 days 00:04:47,1
ID4607,23-03-2015 13:52,Dan,Television,Y,Y,80,0 days 00:03:00,1
ID4608,23-03-2015 13:52,Greg,Toaster,Y,Y,111,0 days 00:04:05,5
ID4609,23-03-2015 14:05,Diane,Fridge,Y,Y,26,0 days 00:05:58,4
ID4610,23-03-2015 14:05,Dan,Fridge,Y,Y,29,0 days 00:02:43,1
ID4611,23-03-2015 14:26,Martha,Television,N,N,0,0 days 00:00:00,0
ID4612,23-03-2015 14:26,Becky,Air Conditioner,Y,Y,43,0 days 00:01:32,4
ID4613,23-03-2015 15:21,Diane,Air Conditioner,Y,Y,58,0 days 00:04:56,3
ID4614,23-03-2015 15:21,Jim,Fridge,Y,Y,27,0 days 00:06:28,2
ID4615,23-03-2015 15:27,Diane,Fridge,Y,Y,39,0 days 00:01:55,4
ID4616,23-03-2015 15:27,Joe,Toaster,Y,Y,83,0 days 00:02:03,4
ID4617,23-03-2015 15:33,Jim,Washing Machine,Y,Y,22,0 days 00:04:16,4
ID4618,23-03-2015 15:33,Jim,Washing Machine,Y,Y,56,0 days 00:02:07,5
ID4619,23-03-2015 16:20,Martha,Television,Y,Y,98,0 days 00:04:10,2
ID4620,23-03-2015 16:20,Diane,Television,N,N,0,0 days 00:00:00,0
ID4621,23-03-2015 16:24,Greg,Television,Y,Y,101,0 days 00:01:15,5
ID4622,23-03-2015 16:24,Greg,Television,N,N,0,0 days 00:00:00,0
ID4623,23-03-2015 16:33,Dan,Air Conditioner,Y,Y,93,0 days 00:00:36,4
ID4624,23-03-2015 16:33,Dan,Toaster,Y,Y,24,0 days 00:02:57,4
ID4625,23-03-2015 16:39,Diane,Fridge,Y,Y,58,0 days 00:05:05,4
ID4626,23-03-2015 16:39,Greg,Toaster,Y,Y,124,0 days 00:01:49,4
ID4627,23-03-2015 16:39,Dan,Toaster,Y,N,50,0 days 00:04:42,2
ID4628,23-03-2015 16:39,Martha,Toaster,Y,Y,74,0 days 00:05:20,3
ID4629,23-03-2015 16:48,Joe,Fridge,Y,Y,62,0 days 00:00:45,4
ID4630,23-03-2015 16:48,Joe,Toaster,N,N,0,0 days 00:00:00,0
ID4631,23-03-2015 17:21,Becky,Toaster,Y,Y,19,0 days 00:03:48,3
ID4632,23-03-2015 17:21,Dan,Fridge,Y,Y,65,0 days 00:05:20,3
ID4633,23-03-2015 17:32,Dan,Washing Machine,Y,Y,30,0 days 00:03:00,3
ID4634,23-03-2015 17:32,Stewart,Fridge,Y,Y,77,0 days 00:00:42,4
ID4635,23-03-2015 17:39,Joe,Toaster,N,N,0,0 days 00:00:00,0
ID4636,23-03-2015 17:39,Martha,Toaster,Y,N,98,0 days 00:02:44,5
ID4637,23-03-2015 17:54,Stewart,Fridge,Y,Y,70,0 days 00:04:41,1
ID4638,23-03-2015 17:54,Joe,Washing Machine,Y,Y,58,0 days 00:02:25,3
ID4639,24-03-2015 09:00,Dan,Air Conditioner,Y,Y,21,0 days 00:02:34,3
ID4640,24-03-2015 09:00,Dan,Toaster,Y,Y,61,0 days 00:05:47,5
ID4641,24-03-2015 09:12,Jim,Washing Machine,Y,Y,111,0 days 00:06:41,5
ID4642,24-03-2015 09:12,Dan,Television,Y,Y,75,0 days 00:05:39,4
ID4643,24-03-2015 09:37,Greg,Fridge,N,N,0,0 days 00:00:00,0
ID4644,24-03-2015 09:37,Greg,Air Conditioner,N,N,0,0 days 00:00:00,0
ID4645,24-03-2015 09:43,Joe,Air Conditioner,Y,Y,30,0 days 00:05:03,3
ID4646,24-03-2015 09:43,Joe,Toaster,Y,Y,78,0 days 00:04:36,5
ID4647,24-03-2015 09:50,Dan,Air Conditioner,N,N,0,0 days 00:00:00,0
ID4648,24-03-2015 09:50,Becky,Air Conditioner,Y,Y,26,0 days 00:03:51,5
ID4649,24-03-2015 09:59,Dan,Toaster,N,N,0,0 days 00:00:00,0
ID4650,24-03-2015 09:59,Greg,Air Conditioner,Y,Y,93,0 days 00:02:29,3
ID4651,24-03-2015 10:06,Jim,Television,Y,Y,101,0 days 00:05:41,5
ID4652,24-03-2015 10:06,Jim,Air Conditioner,Y,Y,107,0 days 00:02:59,1
ID4653,24-03-2015 10:10,Stewart,Fridge,Y,Y,123,0 days 00:05:55,4
ID4654,24-03-2015 10:10,Martha,Washing Machine,Y,Y,99,0 days 00:02:33,3
ID4655,24-03-2015 10:52,Becky,Television,Y,N,72,0 days 00:05:39,4
ID4656,24-03-2015 10:52,Joe,Washing Machine,Y,Y,113,0 days 00:02:18,5
ID4657,24-03-2015 11:08,Diane,Air Conditioner,N,N,0,0 days 00:00:00,0
ID4658,24-03-2015 11:08,Joe,Fridge,N,N,0,0 days 00:00:00,0
ID4659,24-03-2015 11:11,Greg,Air Conditioner,Y,Y,119,0 days 00:00:35,2
ID4660,24-03-2015 11:11,Diane,Toaster,Y,Y,80,0 days 00:00:34,5
ID4661,24-03-2015 11:34,Dan,Toaster,Y,Y,82,0 days 00:01:07,3
ID4662,24-03-2015 11:34,Martha,Toaster,Y,Y,97,0 days 00:02:56,1
ID4663,24-03-2015 12:18,Joe,Toaster,Y,Y,31,0 days 00:02:49,5
ID4664,24-03-2015 12:18,Jim,Fridge,N,N,0,0 days 00:00:00,0
ID4665,24-03-2015 13:17,Dan,Air Conditioner,Y,Y,11,0 days 00:06:23,5
ID4666,24-03-2015 13:17,Becky,Television,Y,Y,91,0 days 00:01:53,3
ID4667,24-03-2015 13:42,Becky,Air Conditioner,Y,Y,15,0 days 00:01:56,5
ID4668,24-03-2015 13:42,Jim,Washing Machine,Y,Y,17,0 days 00:06:06,3
ID4669,24-03-2015 13:53,Greg,Air Conditioner,Y,Y,38,0 days 00:04:40,2
ID4670,24-03-2015 13:53,Stewart,Air Conditioner,Y,Y,47,0 days 00:04:30,4
ID4671,24-03-2015 14:26,Dan,Air Conditioner,Y,Y,52,0 days 00:01:08,3
ID4672,24-03-2015 14:26,Greg,Washing Machine,Y,Y,99,0 days 00:01:27,3
ID4673,24-03-2015 14:39,Stewart,Toaster,N,N,0,0 days 00:00:00,0
ID4674,24-03-2015 14:39,Martha,Washing Machine,Y,Y,108,0 days 00:03:06,2
ID4675,24-03-2015 15:01,Diane,Television,Y,Y,54,0 days 00:02:09,3
ID4676,24-03-2015 15:01,Joe,Washing Machine,Y,Y,73,0 days 00:04:05,3
ID4677,24-03-2015 15:17,Martha,Fridge,Y,Y,123,0 days 00:00:47,1
ID4678,24-03-2015 15:17,Greg,Toaster,Y,Y,33,0 days 00:06:11,5
ID4679,24-03-2015 15:33,Stewart,Toaster,Y,Y,53,0 days 00:01:22,2
ID4680,24-03-2015 15:33,Joe,Toaster,Y,Y,35,0 days 00:02:56,1
ID4681,24-03-2015 15:46,Diane,Washing Machine,N,N,0,0 days 00:00:00,0
ID4682,24-03-2015 15:46,Becky,Air Conditioner,Y,Y,45,0 days 00:05:50,3
ID4683,24-03-2015 16:16,Dan,Toaster,Y,N,113,0 days 00:03:54,1
ID4684,24-03-2015 16:16,Jim,Fridge,Y,Y,115,0 days 00:05:04,5
ID4685,24-03-2015 16:17,Diane,Washing Machine,Y,Y,81,0 days 00:01:58,5
ID4686,24-03-2015 16:17,Martha,Air Conditioner,Y,Y,21,0 days 00:04:47,5
ID4687,24-03-2015 16:27,Joe,Fridge,Y,N,89,0 days 00:01:10,5
ID4688,24-03-2015 16:27,Jim,Toaster,Y,Y,54,0 days 00:05:17,3
ID4689,24-03-2015 16:30,Jim,Air Conditioner,Y,Y,59,0 days 00:06:07,1
ID4690,24-03-2015 16:30,Becky,Television,Y,Y,61,0 days 00:04:12,1
ID4691,24-03-2015 17:28,Greg,Television,Y,Y,102,0 days 00:06:41,1
ID4692,24-03-2015 17:28,Martha,Washing Machine,Y,N,73,0 days 00:00:40,3
ID4693,25-03-2015 09:01,Greg,Toaster,N,N,0,0 days 00:00:00,0
ID4694,25-03-2015 09:01,Stewart,Washing Machine,Y,Y,75,0 days 00:04:12,5
ID4695,25-03-2015 09:04,Martha,Television,Y,Y,46,0 days 00:01:40,3
ID4696,25-03-2015 09:04,Joe,Air Conditioner,Y,Y,96,0 days 00:04:20,5
ID4697,25-03-2015 09:18,Martha,Toaster,Y,Y,17,0 days 00:01:46,3
ID4698,25-03-2015 09:18,Martha,Fridge,Y,Y,97,0 days 00:02:06,4
ID4699,25-03-2015 10:27,Martha,Toaster,Y,Y,124,0 days 00:06:11,4
ID4700,25-03-2015 10:27,Joe,Television,Y,Y,94,0 days 00:03:29,5
ID4701,25-03-2015 10:27,Jim,Television,N,N,0,0 days 00:00:00,0
ID4702,25-03-2015 10:27,Stewart,Washing Machine,Y,Y,91,0 days 00:06:01,5
ID4703,25-03-2015 10:48,Stewart,Air Conditioner,Y,Y,51,0 days 00:05:44,4
ID4704,25-03-2015 10:48,Jim,Washing Machine,Y,N,73,0 days 00:06:50,4
ID4705,25-03-2015 10:53,Dan,Television,Y,Y,67,0 days 00:06:32,2
ID4706,25-03-2015 10:53,Greg,Toaster,N,N,0,0 days 00:00:00,0
ID4707,25-03-2015 11:00,Greg,Air Conditioner,N,N,0,0 days 00:00:00,0
ID4708,25-03-2015 11:00,Martha,Toaster,N,N,0,0 days 00:00:00,0
ID4709,25-03-2015 11:44,Greg,Television,Y,Y,83,0 days 00:06:11,4
ID4710,25-03-2015 11:44,Diane,Toaster,Y,Y,95,0 days 00:05:13,1
ID4711,25-03-2015 12:04,Jim,Toaster,Y,Y,43,0 days 00:02:15,1
ID4712,25-03-2015 12:04,Becky,Toaster,Y,Y,95,0 days 00:01:37,3
ID4713,25-03-2015 13:40,Joe,Fridge,N,N,0,0 days 00:00:00,0
ID4714,25-03-2015 13:40,Stewart,Toaster,Y,Y,53,0 days 00:05:53,4
ID4715,25-03-2015 13:53,Stewart,Washing Machine,Y,Y,28,0 days 00:03:19,4
ID4716,25-03-2015 13:53,Martha,Television,Y,Y,99,0 days 00:04:48,4
ID4717,25-03-2015 14:49,Becky,Fridge,Y,N,70,0 days 00:00:37,1
ID4718,25-03-2015 14:49,Jim,Fridge,Y,Y,51,0 days 00:04:15,3
ID4719,25-03-2015 15:01,Greg,Fridge,N,N,0,0 days 00:00:00,0
ID4720,25-03-2015 15:01,Greg,Television,Y,Y,38,0 days 00:05:23,3
ID4721,25-03-2015 15:18,Greg,Air Conditioner,Y,N,61,0 days 00:05:53,4
ID4722,25-03-2015 15:18,Martha,Air Conditioner,Y,Y,49,0 days 00:03:09,3
ID4723,25-03-2015 15:23,Jim,Toaster,Y,Y,65,0 days 00:04:58,3
ID4724,25-03-2015 15:23,Becky,Washing Machine,Y,Y,74,0 days 00:06:46,4
ID4725,25-03-2015 15:50,Greg,Fridge,Y,Y,114,0 days 00:02:53,4
ID4726,25-03-2015 15:50,Stewart,Washing Machine,N,N,0,0 days 00:00:00,0
ID4727,25-03-2015 16:01,Greg,Fridge,Y,N,118,0 days 00:02:07,3
ID4728,25-03-2015 16:01,Martha,Toaster,Y,Y,119,0 days 00:05:51,4
ID4729,25-03-2015 16:06,Dan,Fridge,Y,Y,25,0 days 00:04:08,2
ID4730,25-03-2015 16:06,Dan,Washing Machine,Y,Y,106,0 days 00:03:41,4
ID4731,25-03-2015 16:26,Diane,Television,Y,Y,29,0 days 00:06:48,5
ID4732,25-03-2015 16:26,Stewart,Fridge,Y,Y,104,0 days 00:06:12,5
ID4733,25-03-2015 16:39,Greg,Fridge,Y,Y,70,0 days 00:06:08,4
ID4734,25-03-2015 16:39,Jim,Toaster,Y,Y,85,0 days 00:03:25,4
ID4735,25-03-2015 17:35,Becky,Washing Machine,N,N,0,0 days 00:00:00,0
ID4736,25-03-2015 17:35,Jim,Washing Machine,Y,Y,61,0 days 00:05:19,5
ID4737,25-03-2015 17:44,Jim,Washing Machine,Y,Y,44,0 days 00:05:28,3
ID4738,25-03-2015 17:44,Stewart,Fridge,Y,Y,40,0 days 00:03:55,5
ID4739,26-03-2015 09:23,Martha,Air Conditioner,Y,Y,15,0 days 00:05:38,4
ID4740,26-03-2015 09:23,Diane,Washing Machine,Y,Y,41,0 days 00:02:50,2
ID4741,26-03-2015 09:24,Dan,Toaster,Y,N,78,0 days 00:02:20,4
ID4742,26-03-2015 09:24,Joe,Television,N,N,0,0 days 00:00:00,0
ID4743,26-03-2015 09:34,Joe,Air Conditioner,Y,Y,46,0 days 00:02:02,3
ID4744,26-03-2015 09:34,Martha,Television,N,N,0,0 days 00:00:00,0
ID4745,26-03-2015 10:00,Dan,Toaster,Y,Y,45,0 days 00:05:40,2
ID4746,26-03-2015 10:00,Stewart,Washing Machine,Y,Y,86,0 days 00:05:42,1
ID4747,26-03-2015 10:06,Diane,Air Conditioner,N,N,0,0 days 00:00:00,0
ID4748,26-03-2015 10:06,Dan,Toaster,Y,N,59,0 days 00:02:21,2
ID4749,26-03-2015 10:10,Joe,Fridge,Y,Y,23,0 days 00:04:54,3
ID4750,26-03-2015 10:10,Jim,Fridge,Y,Y,79,0 days 00:03:46,4
ID4751,26-03-2015 10:14,Stewart,Washing Machine,Y,Y,105,0 days 00:06:26,4
ID4752,26-03-2015 10:14,Martha,Air Conditioner,Y,Y,42,0 days 00:00:55,5
ID4753,26-03-2015 10:56,Becky,Television,Y,Y,20,0 days 00:01:25,4
ID4754,26-03-2015 10:56,Greg,Air Conditioner,Y,Y,48,0 days 00:05:44,4
ID4755,26-03-2015 11:48,Becky,Fridge,Y,Y,29,0 days 00:05:32,3
ID4756,26-03-2015 11:48,Dan,Air Conditioner,Y,Y,49,0 days 00:05:47,3
ID4757,26-03-2015 11:55,Greg,Television,Y,Y,94,0 days 00:06:53,5
ID4758,26-03-2015 11:55,Stewart,Air Conditioner,Y,N,22,0 days 00:01:46,4
ID4759,26-03-2015 12:01,Stewart,Fridge,Y,Y,93,0 days 00:04:13,4
ID4760,26-03-2015 12:01,Martha,Television,Y,Y,56,0 days 00:04:33,5
ID4761,26-03-2015 12:24,Becky,Washing Machine,Y,Y,16,0 days 00:05:50,5
ID4762,26-03-2015 12:24,Diane,Fridge,N,N,0,0 days 00:00:00,0
ID4763,26-03-2015 12:46,Stewart,Washing Machine,Y,Y,124,0 days 00:02:06,2
ID4764,26-03-2015 12:46,Stewart,Television,N,N,0,0 days 00:00:00,0
ID4765,26-03-2015 12:50,Greg,Washing Machine,Y,Y,93,0 days 00:01:28,5
ID4766,26-03-2015 12:50,Diane,Television,Y,Y,10,0 days 00:02:07,3
ID4767,26-03-2015 12:51,Becky,Air Conditioner,Y,N,17,0 days 00:02:02,4
ID4768,26-03-2015 12:51,Dan,Air Conditioner,Y,Y,121,0 days 00:01:00,3
ID4769,26-03-2015 12:51,Martha,Air Conditioner,Y,Y,74,0 days 00:02:33,5
ID4770,26-03-2015 12:51,Greg,Toaster,Y,Y,22,0 days 00:00:35,3
ID4771,26-03-2015 13:45,Jim,Fridge,Y,Y,76,0 days 00:06:03,4
ID4772,26-03-2015 13:45,Jim,Air Conditioner,Y,N,86,0 days 00:02:58,5
ID4773,26-03-2015 14:38,Stewart,Air Conditioner,Y,Y,59,0 days 00:00:45,3
ID4774,26-03-2015 14:38,Becky,Fridge,N,N,0,0 days 00:00:00,0
ID4775,26-03-2015 14:49,Diane,Fridge,Y,Y,57,0 days 00:06:37,5
ID4776,26-03-2015 14:49,Joe,Fridge,Y,Y,92,0 days 00:04:43,3
ID4777,26-03-2015 15:20,Becky,Washing Machine,Y,Y,35,0 days 00:02:57,1
ID4778,26-03-2015 15:20,Joe,Air Conditioner,N,N,0,0 days 00:00:00,0
ID4779,26-03-2015 15:41,Martha,Television,Y,Y,76,0 days 00:03:59,5
ID4780,26-03-2015 15:41,Joe,Washing Machine,Y,Y,110,0 days 00:00:47,5
ID4781,26-03-2015 15:53,Becky,Fridge,Y,Y,125,0 days 00:01:48,1
ID4782,26-03-2015 15:53,Dan,Air Conditioner,Y,Y,44,0 days 00:02:44,1
ID4783,26-03-2015 16:27,Martha,Washing Machine,Y,Y,113,0 days 00:03:45,1
ID4784,26-03-2015 16:27,Becky,Toaster,Y,Y,101,0 days 00:04:57,3
ID4785,26-03-2015 16:52,Diane,Television,Y,Y,27,0 days 00:04:13,1
ID4786,26-03-2015 16:52,Diane,Washing Machine,N,N,0,0 days 00:00:00,0
ID4787,26-03-2015 17:05,Diane,Toaster,Y,N,125,0 days 00:02:50,4
ID4788,26-03-2015 17:05,Becky,Fridge,Y,Y,10,0 days 00:02:16,1
ID4789,26-03-2015 17:13,Dan,Washing Machine,Y,Y,16,0 days 00:04:20,4
ID4790,26-03-2015 17:13,Joe,Washing Machine,Y,Y,85,0 days 00:06:01,1
ID4791,26-03-2015 17:42,Dan,Television,Y,Y,36,0 days 00:01:47,4
ID4792,26-03-2015 17:42,Greg,Washing Machine,Y,Y,96,0 days 00:06:31,3
ID4793,27-03-2015 09:36,Greg,Air Conditioner,Y,Y,19,0 days 00:01:05,4
ID4794,27-03-2015 09:36,Becky,Toaster,Y,N,70,0 days 00:02:01,5
ID4795,27-03-2015 11:03,Greg,Air Conditioner,N,N,0,0 days 00:00:00,0
ID4796,27-03-2015 11:03,Martha,Washing Machine,N,N,0,0 days 00:00:00,0
ID4797,27-03-2015 11:09,Jim,Air Conditioner,N,N,0,0 days 00:00:00,0
ID4798,27-03-2015 11:09,Greg,Washing Machine,Y,Y,88,0 days 00:00:41,5
ID4799,27-03-2015 11:22,Greg,Fridge,Y,Y,23,0 days 00:01:54,1
ID4800,27-03-2015 11:22,Dan,Washing Machine,Y,Y,78,0 days 00:02:33,2
ID4801,27-03-2015 11:45,Jim,Television,Y,Y,100,0 days 00:05:31,2
ID4802,27-03-2015 11:45,Becky,Toaster,Y,Y,124,0 days 00:04:13,5
ID4803,27-03-2015 11:48,Joe,Air Conditioner,Y,Y,73,0 days 00:06:40,3
ID4804,27-03-2015 11:48,Becky,Fridge,Y,Y,94,0 days 00:01:20,4
ID4805,27-03-2015 12:23,Greg,Television,N,N,0,0 days 00:00:00,0
ID4806,27-03-2015 12:23,Greg,Toaster,Y,Y,40,0 days 00:03:50,2
ID4807,27-03-2015 12:25,Martha,Toaster,Y,Y,15,0 days 00:01:27,3
ID4808,27-03-2015 12:25,Becky,Toaster,N,N,0,0 days 00:00:00,0
ID4809,27-03-2015 12:54,Greg,Fridge,Y,Y,104,0 days 00:05:11,4
ID4810,27-03-2015 12:54,Dan,Television,Y,Y,92,0 days 00:03:18,3
ID4811,27-03-2015 13:23,Greg,Toaster,Y,Y,103,0 days 00:03:52,5
ID4812,27-03-2015 13:23,Becky,Toaster,Y,Y,43,0 days 00:01:30,4
ID4813,27-03-2015 13:30,Stewart,Air Conditioner,Y,Y,93,0 days 00:00:58,4
ID4814,27-03-2015 13:30,Joe,Toaster,N,N,0,0 days 00:00:00,0
ID4815,27-03-2015 14:09,Jim,Television,Y,Y,107,0 days 00:03:25,3
ID4816,27-03-2015 14:09,Becky,Toaster,Y,Y,51,0 days 00:01:54,3
ID4817,27-03-2015 14:19,Greg,Toaster,N,N,0,0 days 00:00:00,0
ID4818,27-03-2015 14:19,Jim,Toaster,Y,Y,50,0 days 00:04:54,3
ID4819,27-03-2015 14:36,Dan,Television,Y,Y,68,0 days 00:03:58,5
ID4820,27-03-2015 14:36,Stewart,Toaster,Y,Y,35,0 days 00:04:12,4
ID4821,27-03-2015 15:17,Stewart,Washing Machine,Y,Y,87,0 days 00:06:45,1
ID4822,27-03-2015 15:17,Martha,Television,N,N,0,0 days 00:00:00,0
ID4823,27-03-2015 15:21,Becky,Washing Machine,N,N,0,0 days 00:00:00,0
ID4824,27-03-2015 15:21,Dan,Toaster,Y,Y,79,0 days 00:06:39,3
ID4825,27-03-2015 15:23,Joe,Fridge,Y,Y,28,0 days 00:02:59,1
ID4826,27-03-2015 15:23,Greg,Washing Machine,Y,Y,82,0 days 00:03:19,5
ID4827,27-03-2015 15:36,Dan,Television,Y,Y,56,0 days 00:02:06,3
ID4828,27-03-2015 15:36,Becky,Toaster,Y,Y,102,0 days 00:06:17,4
ID4829,27-03-2015 15:43,Diane,Air Conditioner,N,N,0,0 days 00:00:00,0
ID4830,27-03-2015 15:43,Joe,Fridge,Y,Y,11,0 days 00:05:51,5
ID4831,27-03-2015 15:46,Joe,Toaster,Y,Y,76,0 days 00:04:32,1
ID4832,27-03-2015 15:46,Dan,Toaster,Y,Y,69,0 days 00:05:33,5
ID4833,27-03-2015 15:51,Stewart,Fridge,Y,N,108,0 days 00:06:54,3
ID4834,27-03-2015 15:51,Becky,Air Conditioner,Y,Y,47,0 days 00:02:39,3
ID4835,27-03-2015 15:53,Joe,Fridge,Y,N,51,0 days 00:05:15,3
ID4836,27-03-2015 15:53,Dan,Air Conditioner,Y,Y,57,0 days 00:03:29,3
ID4837,27-03-2015 16:16,Stewart,Air Conditioner,Y,N,67,0 days 00:06:51,4
ID4838,27-03-2015 16:16,Diane,Television,Y,N,22,0 days 00:06:08,4
ID4839,27-03-2015 16:16,Martha,Toaster,Y,Y,23,0 days 00:01:43,2
ID4840,27-03-2015 16:16,Dan,Fridge,Y,Y,88,0 days 00:01:51,4
ID4841,27-03-2015 16:26,Martha,Air Conditioner,Y,Y,44,0 days 00:06:09,3
ID4842,27-03-2015 16:26,Joe,Television,Y,Y,111,0 days 00:04:10,4
ID4843,27-03-2015 16:50,Jim,Fridge,N,N,0,0 days 00:00:00,0
ID4844,27-03-2015 16:50,Diane,Fridge,Y,Y,61,0 days 00:06:14,4
ID4845,27-03-2015 16:58,Martha,Toaster,Y,Y,108,0 days 00:03:30,4
ID4846,27-03-2015 16:58,Stewart,Washing Machine,N,N,0,0 days 00:00:00,0
ID4847,27-03-2015 17:15,Stewart,Television,Y,Y,57,0 days 00:04:20,5
ID4848,27-03-2015 17:15,Becky,Air Conditioner,Y,Y,55,0 days 00:04:14,4
ID4849,27-03-2015 17:35,Martha,Air Conditioner,Y,N,35,0 days 00:03:30,4
ID4850,27-03-2015 17:35,Jim,Washing Machine,Y,Y,28,0 days 00:02:38,4
ID4851,28-03-2015 09:12,Dan,Television,Y,Y,13,0 days 00:02:05,3
ID4852,28-03-2015 09:12,Jim,Fridge,Y,Y,37,0 days 00:01:04,2
ID4853,28-03-2015 09:38,Dan,Air Conditioner,Y,Y,99,0 days 00:04:36,3
ID4854,28-03-2015 09:38,Joe,Air Conditioner,Y,N,89,0 days 00:04:03,1
ID4855,28-03-2015 10:26,Dan,Fridge,Y,N,22,0 days 00:02:58,5
ID4856,28-03-2015 10:26,Martha,Air Conditioner,N,N,0,0 days 00:00:00,0
ID4857,28-03-2015 11:03,Diane,Toaster,Y,Y,32,0 days 00:00:49,4
ID4858,28-03-2015 11:03,Becky,Toaster,N,N,0,0 days 00:00:00,0
ID4859,28-03-2015 11:28,Greg,Toaster,Y,Y,88,0 days 00:01:26,3
ID4860,28-03-2015 11:28,Stewart,Air Conditioner,N,N,0,0 days 00:00:00,0
ID4861,28-03-2015 11:29,Diane,Washing Machine,Y,Y,29,0 days 00:03:03,3
ID4862,28-03-2015 11:29,Joe,Fridge,Y,Y,32,0 days 00:02:02,3
ID4863,28-03-2015 12:47,Jim,Washing Machine,Y,Y,16,0 days 00:03:57,1
ID4864,28-03-2015 12:47,Becky,Air Conditioner,Y,Y,79,0 days 00:03:22,1
ID4865,28-03-2015 13:04,Becky,Fridge,Y,Y,23,0 days 00:00:52,1
ID4866,28-03-2015 13:04,Jim,Air Conditioner,Y,N,94,0 days 00:05:58,5
ID4867,28-03-2015 13:06,Joe,Fridge,Y,Y,39,0 days 00:06:09,4
ID4868,28-03-2015 13:06,Greg,Television,Y,Y,12,0 days 00:00:35,2
ID4869,28-03-2015 13:37,Stewart,Television,Y,Y,54,0 days 00:01:50,3
ID4870,28-03-2015 13:37,Joe,Fridge,N,N,0,0 days 00:00:00,0
ID4871,28-03-2015 15:12,Dan,Air Conditioner,Y,N,70,0 days 00:04:00,5
ID4872,28-03-2015 15:12,Martha,Television,Y,Y,123,0 days 00:01:27,2
ID4873,28-03-2015 16:01,Stewart,Air Conditioner,Y,Y,27,0 days 00:02:58,1
ID4874,28-03-2015 16:01,Dan,Toaster,Y,Y,112,0 days 00:03:40,5
ID4875,28-03-2015 16:04,Diane,Air Conditioner,N,N,0,0 days 00:00:00,0
ID4876,28-03-2015 16:04,Dan,Toaster,N,N,0,0 days 00:00:00,0
ID4877,28-03-2015 16:58,Becky,Toaster,Y,Y,119,0 days 00:05:04,1
ID4878,28-03-2015 16:58,Stewart,Washing Machine,Y,Y,18,0 days 00:04:27,4
ID4879,28-03-2015 17:05,Diane,Toaster,Y,Y,24,0 days 00:00:51,3
ID4880,28-03-2015 17:05,Joe,Washing Machine,Y,Y,70,0 days 00:03:18,3
ID4881,28-03-2015 17:09,Greg,Fridge,N,N,0,0 days 00:00:00,0
ID4882,28-03-2015 17:09,Greg,Television,Y,Y,120,0 days 00:06:17,2
ID4883,28-03-2015 17:19,Jim,Air Conditioner,Y,Y,46,0 days 00:04:09,3
ID4884,28-03-2015 17:19,Greg,Toaster,Y,Y,10,0 days 00:02:32,2
ID4885,28-03-2015 17:52,Dan,Washing Machine,Y,Y,32,0 days 00:00:47,3
ID4886,28-03-2015 17:52,Stewart,Television,Y,Y,16,0 days 00:01:23,4
ID4887,28-03-2015 17:58,Joe,Toaster,Y,Y,64,0 days 00:04:16,3
ID4888,28-03-2015 17:58,Diane,Washing Machine,Y,Y,103,0 days 00:06:32,5
ID4889,29-03-2015 09:11,Martha,Fridge,Y,Y,109,0 days 00:06:21,5
ID4890,29-03-2015 09:11,Martha,Air Conditioner,Y,Y,61,0 days 00:02:42,5
ID4891,29-03-2015 09:50,Martha,Television,N,N,0,0 days 00:00:00,0
ID4892,29-03-2015 09:50,Joe,Toaster,Y,Y,23,0 days 00:03:12,5
ID4893,29-03-2015 10:04,Diane,Washing Machine,Y,Y,63,0 days 00:03:02,4
ID4894,29-03-2015 10:04,Diane,Washing Machine,Y,Y,117,0 days 00:06:06,5
ID4895,29-03-2015 10:39,Stewart,Air Conditioner,Y,Y,122,0 days 00:05:41,1
ID4896,29-03-2015 10:39,Martha,Air Conditioner,N,N,0,0 days 00:00:00,0
ID4897,29-03-2015 10:45,Becky,Fridge,Y,Y,77,0 days 00:01:31,4
ID4898,29-03-2015 10:45,Diane,Washing Machine,Y,Y,93,0 days 00:04:51,2
ID4899,29-03-2015 10:49,Stewart,Air Conditioner,Y,Y,53,0 days 00:05:34,2
ID4900,29-03-2015 10:49,Greg,Air Conditioner,N,N,0,0 days 00:00:00,0
ID4901,29-03-2015 11:05,Martha,Air Conditioner,Y,Y,27,0 days 00:06:59,2
ID4902,29-03-2015 11:05,Martha,Toaster,Y,Y,111,0 days 00:01:03,5
ID4903,29-03-2015 11:12,Stewart,Toaster,Y,Y,87,0 days 00:03:51,3
ID4904,29-03-2015 11:12,Martha,Washing Machine,Y,Y,78,0 days 00:00:31,4
ID4905,29-03-2015 11:34,Greg,Washing Machine,Y,Y,78,0 days 00:03:05,1
ID4906,29-03-2015 11:34,Martha,Washing Machine,Y,Y,116,0 days 00:04:55,3
ID4907,29-03-2015 11:52,Stewart,Air Conditioner,Y,Y,84,0 days 00:01:53,3
ID4908,29-03-2015 11:52,Becky,Fridge,Y,Y,44,0 days 00:02:33,2
ID4909,29-03-2015 12:00,Jim,Washing Machine,Y,N,121,0 days 00:05:34,3
ID4910,29-03-2015 12:00,Jim,Toaster,Y,Y,92,0 days 00:01:02,3
ID4911,29-03-2015 12:59,Stewart,Washing Machine,Y,Y,83,0 days 00:02:35,3
ID4912,29-03-2015 12:59,Stewart,Washing Machine,Y,Y,12,0 days 00:01:22,4
ID4913,29-03-2015 13:01,Dan,Fridge,Y,N,27,0 days 00:02:06,3
ID4914,29-03-2015 13:01,Jim,Television,Y,Y,56,0 days 00:01:58,3
ID4915,29-03-2015 13:30,Stewart,Television,Y,Y,45,0 days 00:06:43,4
ID4916,29-03-2015 13:30,Becky,Television,N,N,0,0 days 00:00:00,0
ID4917,29-03-2015 13:45,Becky,Air Conditioner,N,N,0,0 days 00:00:00,0
ID4918,29-03-2015 13:45,Becky,Fridge,Y,Y,91,0 days 00:00:30,4
ID4919,29-03-2015 13:59,Joe,Air Conditioner,Y,Y,84,0 days 00:02:38,1
ID4920,29-03-2015 13:59,Joe,Toaster,Y,Y,15,0 days 00:02:47,1
ID4921,29-03-2015 14:42,Joe,Air Conditioner,Y,Y,31,0 days 00:05:47,5
ID4922,29-03-2015 14:42,Jim,Air Conditioner,Y,Y,100,0 days 00:05:28,4
ID4923,29-03-2015 14:52,Jim,Fridge,Y,Y,75,0 days 00:03:34,3
ID4924,29-03-2015 14:52,Becky,Washing Machine,N,N,0,0 days 00:00:00,0
ID4925,29-03-2015 14:58,Becky,Fridge,Y,Y,47,0 days 00:04:10,5
ID4926,29-03-2015 14:58,Dan,Television,N,N,0,0 days 00:00:00,0
ID4927,29-03-2015 15:04,Dan,Air Conditioner,Y,Y,73,0 days 00:03:15,3
ID4928,29-03-2015 15:04,Jim,Television,Y,Y,33,0 days 00:03:41,3
ID4929,29-03-2015 15:05,Joe,Fridge,N,N,0,0 days 00:00:00,0
ID4930,29-03-2015 15:05,Stewart,Washing Machine,Y,Y,103,0 days 00:04:55,1
ID4931,29-03-2015 15:11,Becky,Washing Machine,Y,Y,75,0 days 00:03:09,4
ID4932,29-03-2015 15:11,Diane,Toaster,Y,Y,65,0 days 00:03:06,4
ID4933,29-03-2015 15:11,Joe,Television,Y,Y,110,0 days 00:06:13,3
ID4934,29-03-2015 15:11,Diane,Toaster,Y,Y,109,0 days 00:04:14,5
ID4935,29-03-2015 15:36,Becky,Air Conditioner,Y,Y,96,0 days 00:05:18,5
ID4936,29-03-2015 15:36,Jim,Washing Machine,Y,Y,80,0 days 00:00:38,4
ID4937,29-03-2015 15:40,Jim,Television,Y,Y,82,0 days 00:02:08,4
ID4938,29-03-2015 15:40,Stewart,Fridge,Y,N,26,0 days 00:00:57,2
ID4939,29-03-2015 15:43,Dan,Washing Machine,Y,Y,109,0 days 00:03:27,2
ID4940,29-03-2015 15:43,Joe,Air Conditioner,Y,N,27,0 days 00:06:48,1
ID4941,29-03-2015 15:44,Dan,Air Conditioner,Y,Y,63,0 days 00:03:16,5
ID4942,29-03-2015 15:44,Martha,Fridge,N,N,0,0 days 00:00:00,0
ID4943,29-03-2015 16:10,Jim,Washing Machine,Y,Y,76,0 days 00:04:08,4
ID4944,29-03-2015 16:10,Dan,Fridge,Y,Y,91,0 days 00:06:59,3
ID4945,29-03-2015 16:48,Diane,Washing Machine,Y,Y,68,0 days 00:03:57,4
ID4946,29-03-2015 16:48,Joe,Television,Y,Y,123,0 days 00:03:02,4
ID4947,29-03-2015 17:57,Greg,Fridge,Y,Y,74,0 days 00:06:08,3
ID4948,29-03-2015 17:57,Joe,Washing Machine,N,N,0,0 days 00:00:00,0
ID4949,30-03-2015 09:05,Jim,Toaster,Y,Y,92,0 days 00:01:13,2
ID4950,30-03-2015 09:21,Diane,Toaster,Y,Y,108,0 days 00:01:13,3
ID4951,30-03-2015 09:25,Becky,Washing Machine,Y,Y,63,0 days 00:03:01,5
ID4952,30-03-2015 11:24,Diane,Fridge,Y,Y,120,0 days 00:03:32,3
ID4953,30-03-2015 11:24,Jim,Television,Y,Y,50,0 days 00:05:21,3
ID4954,30-03-2015 12:01,Dan,Television,N,N,0,0 days 00:00:00,0
ID4955,30-03-2015 12:04,Joe,Fridge,Y,Y,18,0 days 00:04:19,3
ID4956,30-03-2015 12:30,Stewart,Fridge,N,N,0,0 days 00:00:00,0
ID4957,30-03-2015 12:36,Dan,Fridge,Y,Y,114,0 days 00:06:54,4
ID4958,30-03-2015 12:46,Becky,Toaster,Y,N,116,0 days 00:03:05,4
ID4959,30-03-2015 13:27,Diane,Toaster,Y,Y,124,0 days 00:04:20,4
ID4960,30-03-2015 13:33,Martha,Washing Machine,Y,Y,27,0 days 00:04:31,5
ID4961,30-03-2015 13:50,Dan,Washing Machine,N,N,0,0 days 00:00:00,0
ID4962,30-03-2015 15:08,Jim,Television,N,N,0,0 days 00:00:00,0
ID4963,30-03-2015 15:36,Greg,Fridge,Y,N,22,0 days 00:04:45,4
ID4964,30-03-2015 15:46,Diane,Air Conditioner,Y,Y,55,0 days 00:05:24,2
ID4965,30-03-2015 15:50,Becky,Fridge,N,N,0,0 days 00:00:00,0
ID4966,30-03-2015 16:04,Jim,Television,N,N,0,0 days 00:00:00,0
ID4967,30-03-2015 16:13,Joe,Washing Machine,N,N,0,0 days 00:00:00,0
ID4968,30-03-2015 16:29,Jim,Air Conditioner,N,N,0,0 days 00:00:00,0
ID4969,30-03-2015 16:32,Greg,Air Conditioner,Y,Y,105,0 days 00:04:53,4
ID4970,30-03-2015 16:46,Dan,Air Conditioner,Y,Y,41,0 days 00:02:06,5
ID4971,30-03-2015 17:13,Greg,Television,N,N,0,0 days 00:00:00,0
ID4972,30-03-2015 17:25,Joe,Washing Machine,Y,Y,42,0 days 00:00:35,5
ID4973,30-03-2015 17:36,Joe,Fridge,Y,Y,103,0 days 00:02:23,3
ID4974,31-03-2015 09:01,Martha,Toaster,Y,Y,124,0 days 00:06:24,3
ID4975,31-03-2015 09:10,Dan,Air Conditioner,Y,Y,102,0 days 00:02:26,5
ID4976,31-03-2015 09:20,Martha,Air Conditioner,Y,Y,87,0 days 00:06:57,4
ID4977,31-03-2015 09:24,Greg,Television,Y,Y,40,0 days 00:02:55,4
ID4978,31-03-2015 10:13,Greg,Washing Machine,Y,Y,94,0 days 00:00:40,4
ID4979,31-03-2015 10:39,Greg,Air Conditioner,N,N,0,0 days 00:00:00,0
ID4980,31-03-2015 10:49,Becky,Fridge,Y,Y,37,0 days 00:04:19,5
ID4981,31-03-2015 11:08,Becky,Fridge,Y,Y,23,0 days 00:04:47,4
ID4982,31-03-2015 11:21,Jim,Washing Machine,Y,Y,80,0 days 00:02:35,3
ID4983,31-03-2015 11:32,Stewart,Toaster,Y,Y,81,0 days 00:04:49,1
ID4984,31-03-2015 11:36,Joe,Washing Machine,Y,Y,53,0 days 00:03:07,4
ID4985,31-03-2015 12:50,Jim,Toaster,N,N,0,0 days 00:00:00,0
ID4986,31-03-2015 12:50,Diane,Television,Y,N,55,0 days 00:02:01,1
ID4987,31-03-2015 13:01,Stewart,Toaster,Y,N,10,0 days 00:02:26,4
ID4988,31-03-2015 13:19,Stewart,Washing Machine,Y,Y,14,0 days 00:05:32,4
ID4989,31-03-2015 13:22,Martha,Washing Machine,Y,Y,62,0 days 00:05:49,5
ID4990,31-03-2015 13:42,Becky,Toaster,Y,Y,122,0 days 00:04:59,4
ID4991,31-03-2015 13:46,Stewart,Television,Y,Y,73,0 days 00:06:26,1
ID4992,31-03-2015 14:13,Joe,Television,N,N,0,0 days 00:00:00,0
ID4993,31-03-2015 14:18,Joe,Fridge,N,N,0,0 days 00:00:00,0
ID4994,31-03-2015 14:58,Greg,Washing Machine,N,N,0,0 days 00:00:00,0
ID4995,31-03-2015 15:33,Dan,Toaster,N,N,0,0 days 00:00:00,0
ID4996,31-03-2015 16:37,Jim,Toaster,Y,Y,22,0 days 00:05:40,1
ID4997,31-03-2015 16:45,Diane,Toaster,Y,Y,100,0 days 00:03:16,3
ID4998,31-03-2015 16:53,Diane,Toaster,Y,Y,84,0 days 00:01:49,4
ID4999,31-03-2015 17:02,Jim,Television,Y,Y,98,0 days 00:00:58,5
ID5000,31-03-2015 17:39,Diane,Washing Machine,N,N,0,0 days 00:00:00,0
